Index,Company,VoucherNo,Amount,TaxRate,Date
1,Matrix Precision Engineering,VoucherNo_val_1,Amount_val_1,TaxRate_val_1,Date_val_1
2,Matrix Precision Engineering,VoucherNo_val_2,Amount_val_2,TaxRate_val_2,Date_val_2
3,Matrix Precision Engineering,VoucherNo_val_3,Amount_val_3,TaxRate_val_3,Date_val_3
4,Matrix Precision Engineering,VoucherNo_val_4,Amount_val_4,TaxRate_val_4,Date_val_4
5,Matrix Precision Engineering,VoucherNo_val_5,Amount_val_5,TaxRate_val_5,Date_val_5
6,Matrix Precision Engineering,VoucherNo_val_6,Amount_val_6,TaxRate_val_6,Date_val_6
7,Matrix Precision Engineering,VoucherNo_val_7,Amount_val_7,TaxRate_val_7,Date_val_7
8,Matrix Precision Engineering,VoucherNo_val_8,Amount_val_8,TaxRate_val_8,Date_val_8
9,Matrix Precision Engineering,VoucherNo_val_9,Amount_val_9,TaxRate_val_9,Date_val_9
10,Matrix Precision Engineering,VoucherNo_val_10,Amount_val_10,TaxRate_val_10,Date_val_10
11,Matrix Precision Engineering,VoucherNo_val_11,Amount_val_11,TaxRate_val_11,Date_val_11
12,Matrix Precision Engineering,VoucherNo_val_12,Amount_val_12,TaxRate_val_12,Date_val_12
13,Matrix Precision Engineering,VoucherNo_val_13,Amount_val_13,TaxRate_val_13,Date_val_13
14,Matrix Precision Engineering,VoucherNo_val_14,Amount_val_14,TaxRate_val_14,Date_val_14
15,Matrix Precision Engineering,VoucherNo_val_15,Amount_val_15,TaxRate_val_15,Date_val_15
16,Matrix Precision Engineering,VoucherNo_val_16,Amount_val_16,TaxRate_val_16,Date_val_16
17,Matrix Precision Engineering,VoucherNo_val_17,Amount_val_17,TaxRate_val_17,Date_val_17
18,Matrix Precision Engineering,VoucherNo_val_18,Amount_val_18,TaxRate_val_18,Date_val_18
19,Matrix Precision Engineering,VoucherNo_val_19,Amount_val_19,TaxRate_val_19,Date_val_19
20,Matrix Precision Engineering,VoucherNo_val_20,Amount_val_20,TaxRate_val_20,Date_val_20
21,Matrix Precision Engineering,VoucherNo_val_21,Amount_val_21,TaxRate_val_21,Date_val_21
22,Matrix Precision Engineering,VoucherNo_val_22,Amount_val_22,TaxRate_val_22,Date_val_22
23,Matrix Precision Engineering,VoucherNo_val_23,Amount_val_23,TaxRate_val_23,Date_val_23
24,Matrix Precision Engineering,VoucherNo_val_24,Amount_val_24,TaxRate_val_24,Date_val_24
25,Matrix Precision Engineering,VoucherNo_val_25,Amount_val_25,TaxRate_val_25,Date_val_25
26,Matrix Precision Engineering,VoucherNo_val_26,Amount_val_26,TaxRate_val_26,Date_val_26
27,Matrix Precision Engineering,VoucherNo_val_27,Amount_val_27,TaxRate_val_27,Date_val_27
28,Matrix Precision Engineering,VoucherNo_val_28,Amount_val_28,TaxRate_val_28,Date_val_28
29,Matrix Precision Engineering,VoucherNo_val_29,Amount_val_29,TaxRate_val_29,Date_val_29
30,Matrix Precision Engineering,VoucherNo_val_30,Amount_val_30,TaxRate_val_30,Date_val_30
31,Matrix Precision Engineering,VoucherNo_val_31,Amount_val_31,TaxRate_val_31,Date_val_31
32,Matrix Precision Engineering,VoucherNo_val_32,Amount_val_32,TaxRate_val_32,Date_val_32
33,Matrix Precision Engineering,VoucherNo_val_33,Amount_val_33,TaxRate_val_33,Date_val_33
34,Matrix Precision Engineering,VoucherNo_val_34,Amount_val_34,TaxRate_val_34,Date_val_34
35,Matrix Precision Engineering,VoucherNo_val_35,Amount_val_35,TaxRate_val_35,Date_val_35
36,Matrix Precision Engineering,VoucherNo_val_36,Amount_val_36,TaxRate_val_36,Date_val_36
37,Matrix Precision Engineering,VoucherNo_val_37,Amount_val_37,TaxRate_val_37,Date_val_37
38,Matrix Precision Engineering,VoucherNo_val_38,Amount_val_38,TaxRate_val_38,Date_val_38
39,Matrix Precision Engineering,VoucherNo_val_39,Amount_val_39,TaxRate_val_39,Date_val_39
40,Matrix Precision Engineering,VoucherNo_val_40,Amount_val_40,TaxRate_val_40,Date_val_40
41,Matrix Precision Engineering,VoucherNo_val_41,Amount_val_41,TaxRate_val_41,Date_val_41
42,Matrix Precision Engineering,VoucherNo_val_42,Amount_val_42,TaxRate_val_42,Date_val_42
43,Matrix Precision Engineering,VoucherNo_val_43,Amount_val_43,TaxRate_val_43,Date_val_43
44,Matrix Precision Engineering,VoucherNo_val_44,Amount_val_44,TaxRate_val_44,Date_val_44
45,Matrix Precision Engineering,VoucherNo_val_45,Amount_val_45,TaxRate_val_45,Date_val_45
46,Matrix Precision Engineering,VoucherNo_val_46,Amount_val_46,TaxRate_val_46,Date_val_46
47,Matrix Precision Engineering,VoucherNo_val_47,Amount_val_47,TaxRate_val_47,Date_val_47
48,Matrix Precision Engineering,VoucherNo_val_48,Amount_val_48,TaxRate_val_48,Date_val_48
49,Matrix Precision Engineering,VoucherNo_val_49,Amount_val_49,TaxRate_val_49,Date_val_49
50,Matrix Precision Engineering,VoucherNo_val_50,Amount_val_50,TaxRate_val_50,Date_val_50
51,Matrix Precision Engineering,VoucherNo_val_51,Amount_val_51,TaxRate_val_51,Date_val_51
52,Matrix Precision Engineering,VoucherNo_val_52,Amount_val_52,TaxRate_val_52,Date_val_52
53,Matrix Precision Engineering,VoucherNo_val_53,Amount_val_53,TaxRate_val_53,Date_val_53
54,Matrix Precision Engineering,VoucherNo_val_54,Amount_val_54,TaxRate_val_54,Date_val_54
55,Matrix Precision Engineering,VoucherNo_val_55,Amount_val_55,TaxRate_val_55,Date_val_55
56,Matrix Precision Engineering,VoucherNo_val_56,Amount_val_56,TaxRate_val_56,Date_val_56
57,Matrix Precision Engineering,VoucherNo_val_57,Amount_val_57,TaxRate_val_57,Date_val_57
58,Matrix Precision Engineering,VoucherNo_val_58,Amount_val_58,TaxRate_val_58,Date_val_58
59,Matrix Precision Engineering,VoucherNo_val_59,Amount_val_59,TaxRate_val_59,Date_val_59
60,Matrix Precision Engineering,VoucherNo_val_60,Amount_val_60,TaxRate_val_60,Date_val_60
61,Matrix Precision Engineering,VoucherNo_val_61,Amount_val_61,TaxRate_val_61,Date_val_61
62,Matrix Precision Engineering,VoucherNo_val_62,Amount_val_62,TaxRate_val_62,Date_val_62
63,Matrix Precision Engineering,VoucherNo_val_63,Amount_val_63,TaxRate_val_63,Date_val_63
64,Matrix Precision Engineering,VoucherNo_val_64,Amount_val_64,TaxRate_val_64,Date_val_64
65,Matrix Precision Engineering,VoucherNo_val_65,Amount_val_65,TaxRate_val_65,Date_val_65
66,Matrix Precision Engineering,VoucherNo_val_66,Amount_val_66,TaxRate_val_66,Date_val_66
67,Matrix Precision Engineering,VoucherNo_val_67,Amount_val_67,TaxRate_val_67,Date_val_67
68,Matrix Precision Engineering,VoucherNo_val_68,Amount_val_68,TaxRate_val_68,Date_val_68
69,Matrix Precision Engineering,VoucherNo_val_69,Amount_val_69,TaxRate_val_69,Date_val_69
70,Matrix Precision Engineering,VoucherNo_val_70,Amount_val_70,TaxRate_val_70,Date_val_70
71,Matrix Precision Engineering,VoucherNo_val_71,Amount_val_71,TaxRate_val_71,Date_val_71
72,Matrix Precision Engineering,VoucherNo_val_72,Amount_val_72,TaxRate_val_72,Date_val_72
73,Matrix Precision Engineering,VoucherNo_val_73,Amount_val_73,TaxRate_val_73,Date_val_73
74,Matrix Precision Engineering,VoucherNo_val_74,Amount_val_74,TaxRate_val_74,Date_val_74
75,Matrix Precision Engineering,VoucherNo_val_75,Amount_val_75,TaxRate_val_75,Date_val_75
76,Matrix Precision Engineering,VoucherNo_val_76,Amount_val_76,TaxRate_val_76,Date_val_76
77,Matrix Precision Engineering,VoucherNo_val_77,Amount_val_77,TaxRate_val_77,Date_val_77
78,Matrix Precision Engineering,VoucherNo_val_78,Amount_val_78,TaxRate_val_78,Date_val_78
79,Matrix Precision Engineering,VoucherNo_val_79,Amount_val_79,TaxRate_val_79,Date_val_79
80,Matrix Precision Engineering,VoucherNo_val_80,Amount_val_80,TaxRate_val_80,Date_val_80
81,Matrix Precision Engineering,VoucherNo_val_81,Amount_val_81,TaxRate_val_81,Date_val_81
82,Matrix Precision Engineering,VoucherNo_val_82,Amount_val_82,TaxRate_val_82,Date_val_82
83,Matrix Precision Engineering,VoucherNo_val_83,Amount_val_83,TaxRate_val_83,Date_val_83
84,Matrix Precision Engineering,VoucherNo_val_84,Amount_val_84,TaxRate_val_84,Date_val_84
85,Matrix Precision Engineering,VoucherNo_val_85,Amount_val_85,TaxRate_val_85,Date_val_85
86,Matrix Precision Engineering,VoucherNo_val_86,Amount_val_86,TaxRate_val_86,Date_val_86
87,Matrix Precision Engineering,VoucherNo_val_87,Amount_val_87,TaxRate_val_87,Date_val_87
88,Matrix Precision Engineering,VoucherNo_val_88,Amount_val_88,TaxRate_val_88,Date_val_88
89,Matrix Precision Engineering,VoucherNo_val_89,Amount_val_89,TaxRate_val_89,Date_val_89
90,Matrix Precision Engineering,VoucherNo_val_90,Amount_val_90,TaxRate_val_90,Date_val_90
91,Matrix Precision Engineering,VoucherNo_val_91,Amount_val_91,TaxRate_val_91,Date_val_91
92,Matrix Precision Engineering,VoucherNo_val_92,Amount_val_92,TaxRate_val_92,Date_val_92
93,Matrix Precision Engineering,VoucherNo_val_93,Amount_val_93,TaxRate_val_93,Date_val_93
94,Matrix Precision Engineering,VoucherNo_val_94,Amount_val_94,TaxRate_val_94,Date_val_94
95,Matrix Precision Engineering,VoucherNo_val_95,Amount_val_95,TaxRate_val_95,Date_val_95
96,Matrix Precision Engineering,VoucherNo_val_96,Amount_val_96,TaxRate_val_96,Date_val_96
97,Matrix Precision Engineering,VoucherNo_val_97,Amount_val_97,TaxRate_val_97,Date_val_97
98,Matrix Precision Engineering,VoucherNo_val_98,Amount_val_98,TaxRate_val_98,Date_val_98
99,Matrix Precision Engineering,VoucherNo_val_99,Amount_val_99,TaxRate_val_99,Date_val_99
100,Matrix Precision Engineering,VoucherNo_val_100,Amount_val_100,TaxRate_val_100,Date_val_100
101,Matrix Precision Engineering,VoucherNo_val_101,Amount_val_101,TaxRate_val_101,Date_val_101
102,Matrix Precision Engineering,VoucherNo_val_102,Amount_val_102,TaxRate_val_102,Date_val_102
103,Matrix Precision Engineering,VoucherNo_val_103,Amount_val_103,TaxRate_val_103,Date_val_103
104,Matrix Precision Engineering,VoucherNo_val_104,Amount_val_104,TaxRate_val_104,Date_val_104
105,Matrix Precision Engineering,VoucherNo_val_105,Amount_val_105,TaxRate_val_105,Date_val_105
106,Matrix Precision Engineering,VoucherNo_val_106,Amount_val_106,TaxRate_val_106,Date_val_106
107,Matrix Precision Engineering,VoucherNo_val_107,Amount_val_107,TaxRate_val_107,Date_val_107
108,Matrix Precision Engineering,VoucherNo_val_108,Amount_val_108,TaxRate_val_108,Date_val_108
109,Matrix Precision Engineering,VoucherNo_val_109,Amount_val_109,TaxRate_val_109,Date_val_109
110,Matrix Precision Engineering,VoucherNo_val_110,Amount_val_110,TaxRate_val_110,Date_val_110
111,Matrix Precision Engineering,VoucherNo_val_111,Amount_val_111,TaxRate_val_111,Date_val_111
112,Matrix Precision Engineering,VoucherNo_val_112,Amount_val_112,TaxRate_val_112,Date_val_112
113,Matrix Precision Engineering,VoucherNo_val_113,Amount_val_113,TaxRate_val_113,Date_val_113
114,Matrix Precision Engineering,VoucherNo_val_114,Amount_val_114,TaxRate_val_114,Date_val_114
115,Matrix Precision Engineering,VoucherNo_val_115,Amount_val_115,TaxRate_val_115,Date_val_115
116,Matrix Precision Engineering,VoucherNo_val_116,Amount_val_116,TaxRate_val_116,Date_val_116
117,Matrix Precision Engineering,VoucherNo_val_117,Amount_val_117,TaxRate_val_117,Date_val_117
118,Matrix Precision Engineering,VoucherNo_val_118,Amount_val_118,TaxRate_val_118,Date_val_118
119,Matrix Precision Engineering,VoucherNo_val_119,Amount_val_119,TaxRate_val_119,Date_val_119
120,Matrix Precision Engineering,VoucherNo_val_120,Amount_val_120,TaxRate_val_120,Date_val_120
121,Matrix Precision Engineering,VoucherNo_val_121,Amount_val_121,TaxRate_val_121,Date_val_121
122,Matrix Precision Engineering,VoucherNo_val_122,Amount_val_122,TaxRate_val_122,Date_val_122
123,Matrix Precision Engineering,VoucherNo_val_123,Amount_val_123,TaxRate_val_123,Date_val_123
124,Matrix Precision Engineering,VoucherNo_val_124,Amount_val_124,TaxRate_val_124,Date_val_124
125,Matrix Precision Engineering,VoucherNo_val_125,Amount_val_125,TaxRate_val_125,Date_val_125
126,Matrix Precision Engineering,VoucherNo_val_126,Amount_val_126,TaxRate_val_126,Date_val_126
127,Matrix Precision Engineering,VoucherNo_val_127,Amount_val_127,TaxRate_val_127,Date_val_127
128,Matrix Precision Engineering,VoucherNo_val_128,Amount_val_128,TaxRate_val_128,Date_val_128
129,Matrix Precision Engineering,VoucherNo_val_129,Amount_val_129,TaxRate_val_129,Date_val_129
130,Matrix Precision Engineering,VoucherNo_val_130,Amount_val_130,TaxRate_val_130,Date_val_130
131,Matrix Precision Engineering,VoucherNo_val_131,Amount_val_131,TaxRate_val_131,Date_val_131
132,Matrix Precision Engineering,VoucherNo_val_132,Amount_val_132,TaxRate_val_132,Date_val_132
133,Matrix Precision Engineering,VoucherNo_val_133,Amount_val_133,TaxRate_val_133,Date_val_133
134,Matrix Precision Engineering,VoucherNo_val_134,Amount_val_134,TaxRate_val_134,Date_val_134
135,Matrix Precision Engineering,VoucherNo_val_135,Amount_val_135,TaxRate_val_135,Date_val_135
136,Matrix Precision Engineering,VoucherNo_val_136,Amount_val_136,TaxRate_val_136,Date_val_136
137,Matrix Precision Engineering,VoucherNo_val_137,Amount_val_137,TaxRate_val_137,Date_val_137
138,Matrix Precision Engineering,VoucherNo_val_138,Amount_val_138,TaxRate_val_138,Date_val_138
139,Matrix Precision Engineering,VoucherNo_val_139,Amount_val_139,TaxRate_val_139,Date_val_139
140,Matrix Precision Engineering,VoucherNo_val_140,Amount_val_140,TaxRate_val_140,Date_val_140
141,Matrix Precision Engineering,VoucherNo_val_141,Amount_val_141,TaxRate_val_141,Date_val_141
142,Matrix Precision Engineering,VoucherNo_val_142,Amount_val_142,TaxRate_val_142,Date_val_142
143,Matrix Precision Engineering,VoucherNo_val_143,Amount_val_143,TaxRate_val_143,Date_val_143
144,Matrix Precision Engineering,VoucherNo_val_144,Amount_val_144,TaxRate_val_144,Date_val_144
145,Matrix Precision Engineering,VoucherNo_val_145,Amount_val_145,TaxRate_val_145,Date_val_145
146,Matrix Precision Engineering,VoucherNo_val_146,Amount_val_146,TaxRate_val_146,Date_val_146
147,Matrix Precision Engineering,VoucherNo_val_147,Amount_val_147,TaxRate_val_147,Date_val_147
148,Matrix Precision Engineering,VoucherNo_val_148,Amount_val_148,TaxRate_val_148,Date_val_148
149,Matrix Precision Engineering,VoucherNo_val_149,Amount_val_149,TaxRate_val_149,Date_val_149
150,Matrix Precision Engineering,VoucherNo_val_150,Amount_val_150,TaxRate_val_150,Date_val_150
151,Matrix Precision Engineering,VoucherNo_val_151,Amount_val_151,TaxRate_val_151,Date_val_151
152,Matrix Precision Engineering,VoucherNo_val_152,Amount_val_152,TaxRate_val_152,Date_val_152
153,Matrix Precision Engineering,VoucherNo_val_153,Amount_val_153,TaxRate_val_153,Date_val_153
154,Matrix Precision Engineering,VoucherNo_val_154,Amount_val_154,TaxRate_val_154,Date_val_154
155,Matrix Precision Engineering,VoucherNo_val_155,Amount_val_155,TaxRate_val_155,Date_val_155
156,Matrix Precision Engineering,VoucherNo_val_156,Amount_val_156,TaxRate_val_156,Date_val_156
157,Matrix Precision Engineering,VoucherNo_val_157,Amount_val_157,TaxRate_val_157,Date_val_157
158,Matrix Precision Engineering,VoucherNo_val_158,Amount_val_158,TaxRate_val_158,Date_val_158
159,Matrix Precision Engineering,VoucherNo_val_159,Amount_val_159,TaxRate_val_159,Date_val_159
160,Matrix Precision Engineering,VoucherNo_val_160,Amount_val_160,TaxRate_val_160,Date_val_160
161,Matrix Precision Engineering,VoucherNo_val_161,Amount_val_161,TaxRate_val_161,Date_val_161
162,Matrix Precision Engineering,VoucherNo_val_162,Amount_val_162,TaxRate_val_162,Date_val_162
163,Matrix Precision Engineering,VoucherNo_val_163,Amount_val_163,TaxRate_val_163,Date_val_163
164,Matrix Precision Engineering,VoucherNo_val_164,Amount_val_164,TaxRate_val_164,Date_val_164
165,Matrix Precision Engineering,VoucherNo_val_165,Amount_val_165,TaxRate_val_165,Date_val_165
166,Matrix Precision Engineering,VoucherNo_val_166,Amount_val_166,TaxRate_val_166,Date_val_166
167,Matrix Precision Engineering,VoucherNo_val_167,Amount_val_167,TaxRate_val_167,Date_val_167
168,Matrix Precision Engineering,VoucherNo_val_168,Amount_val_168,TaxRate_val_168,Date_val_168
169,Matrix Precision Engineering,VoucherNo_val_169,Amount_val_169,TaxRate_val_169,Date_val_169
170,Matrix Precision Engineering,VoucherNo_val_170,Amount_val_170,TaxRate_val_170,Date_val_170
171,Matrix Precision Engineering,VoucherNo_val_171,Amount_val_171,TaxRate_val_171,Date_val_171
172,Matrix Precision Engineering,VoucherNo_val_172,Amount_val_172,TaxRate_val_172,Date_val_172
173,Matrix Precision Engineering,VoucherNo_val_173,Amount_val_173,TaxRate_val_173,Date_val_173
174,Matrix Precision Engineering,VoucherNo_val_174,Amount_val_174,TaxRate_val_174,Date_val_174
175,Matrix Precision Engineering,VoucherNo_val_175,Amount_val_175,TaxRate_val_175,Date_val_175
176,Matrix Precision Engineering,VoucherNo_val_176,Amount_val_176,TaxRate_val_176,Date_val_176
177,Matrix Precision Engineering,VoucherNo_val_177,Amount_val_177,TaxRate_val_177,Date_val_177
178,Matrix Precision Engineering,VoucherNo_val_178,Amount_val_178,TaxRate_val_178,Date_val_178
179,Matrix Precision Engineering,VoucherNo_val_179,Amount_val_179,TaxRate_val_179,Date_val_179
180,Matrix Precision Engineering,VoucherNo_val_180,Amount_val_180,TaxRate_val_180,Date_val_180
181,Matrix Precision Engineering,VoucherNo_val_181,Amount_val_181,TaxRate_val_181,Date_val_181
182,Matrix Precision Engineering,VoucherNo_val_182,Amount_val_182,TaxRate_val_182,Date_val_182
183,Matrix Precision Engineering,VoucherNo_val_183,Amount_val_183,TaxRate_val_183,Date_val_183
184,Matrix Precision Engineering,VoucherNo_val_184,Amount_val_184,TaxRate_val_184,Date_val_184
185,Matrix Precision Engineering,VoucherNo_val_185,Amount_val_185,TaxRate_val_185,Date_val_185
186,Matrix Precision Engineering,VoucherNo_val_186,Amount_val_186,TaxRate_val_186,Date_val_186
187,Matrix Precision Engineering,VoucherNo_val_187,Amount_val_187,TaxRate_val_187,Date_val_187
188,Matrix Precision Engineering,VoucherNo_val_188,Amount_val_188,TaxRate_val_188,Date_val_188
189,Matrix Precision Engineering,VoucherNo_val_189,Amount_val_189,TaxRate_val_189,Date_val_189
190,Matrix Precision Engineering,VoucherNo_val_190,Amount_val_190,TaxRate_val_190,Date_val_190
191,Matrix Precision Engineering,VoucherNo_val_191,Amount_val_191,TaxRate_val_191,Date_val_191
192,Matrix Precision Engineering,VoucherNo_val_192,Amount_val_192,TaxRate_val_192,Date_val_192
193,Matrix Precision Engineering,VoucherNo_val_193,Amount_val_193,TaxRate_val_193,Date_val_193
194,Matrix Precision Engineering,VoucherNo_val_194,Amount_val_194,TaxRate_val_194,Date_val_194
195,Matrix Precision Engineering,VoucherNo_val_195,Amount_val_195,TaxRate_val_195,Date_val_195
196,Matrix Precision Engineering,VoucherNo_val_196,Amount_val_196,TaxRate_val_196,Date_val_196
197,Matrix Precision Engineering,VoucherNo_val_197,Amount_val_197,TaxRate_val_197,Date_val_197
198,Matrix Precision Engineering,VoucherNo_val_198,Amount_val_198,TaxRate_val_198,Date_val_198
199,Matrix Precision Engineering,VoucherNo_val_199,Amount_val_199,TaxRate_val_199,Date_val_199
200,Matrix Precision Engineering,VoucherNo_val_200,Amount_val_200,TaxRate_val_200,Date_val_200
201,Matrix Precision Engineering,VoucherNo_val_201,Amount_val_201,TaxRate_val_201,Date_val_201
202,Matrix Precision Engineering,VoucherNo_val_202,Amount_val_202,TaxRate_val_202,Date_val_202
203,Matrix Precision Engineering,VoucherNo_val_203,Amount_val_203,TaxRate_val_203,Date_val_203
204,Matrix Precision Engineering,VoucherNo_val_204,Amount_val_204,TaxRate_val_204,Date_val_204
205,Matrix Precision Engineering,VoucherNo_val_205,Amount_val_205,TaxRate_val_205,Date_val_205
206,Matrix Precision Engineering,VoucherNo_val_206,Amount_val_206,TaxRate_val_206,Date_val_206
207,Matrix Precision Engineering,VoucherNo_val_207,Amount_val_207,TaxRate_val_207,Date_val_207
208,Matrix Precision Engineering,VoucherNo_val_208,Amount_val_208,TaxRate_val_208,Date_val_208
209,Matrix Precision Engineering,VoucherNo_val_209,Amount_val_209,TaxRate_val_209,Date_val_209
210,Matrix Precision Engineering,VoucherNo_val_210,Amount_val_210,TaxRate_val_210,Date_val_210
211,Matrix Precision Engineering,VoucherNo_val_211,Amount_val_211,TaxRate_val_211,Date_val_211
212,Matrix Precision Engineering,VoucherNo_val_212,Amount_val_212,TaxRate_val_212,Date_val_212
213,Matrix Precision Engineering,VoucherNo_val_213,Amount_val_213,TaxRate_val_213,Date_val_213
214,Matrix Precision Engineering,VoucherNo_val_214,Amount_val_214,TaxRate_val_214,Date_val_214
215,Matrix Precision Engineering,VoucherNo_val_215,Amount_val_215,TaxRate_val_215,Date_val_215
216,Matrix Precision Engineering,VoucherNo_val_216,Amount_val_216,TaxRate_val_216,Date_val_216
217,Matrix Precision Engineering,VoucherNo_val_217,Amount_val_217,TaxRate_val_217,Date_val_217
218,Matrix Precision Engineering,VoucherNo_val_218,Amount_val_218,TaxRate_val_218,Date_val_218
219,Matrix Precision Engineering,VoucherNo_val_219,Amount_val_219,TaxRate_val_219,Date_val_219
220,Matrix Precision Engineering,VoucherNo_val_220,Amount_val_220,TaxRate_val_220,Date_val_220
221,Matrix Precision Engineering,VoucherNo_val_221,Amount_val_221,TaxRate_val_221,Date_val_221
222,Matrix Precision Engineering,VoucherNo_val_222,Amount_val_222,TaxRate_val_222,Date_val_222
223,Matrix Precision Engineering,VoucherNo_val_223,Amount_val_223,TaxRate_val_223,Date_val_223
224,Matrix Precision Engineering,VoucherNo_val_224,Amount_val_224,TaxRate_val_224,Date_val_224
225,Matrix Precision Engineering,VoucherNo_val_225,Amount_val_225,TaxRate_val_225,Date_val_225
226,Matrix Precision Engineering,VoucherNo_val_226,Amount_val_226,TaxRate_val_226,Date_val_226
227,Matrix Precision Engineering,VoucherNo_val_227,Amount_val_227,TaxRate_val_227,Date_val_227
228,Matrix Precision Engineering,VoucherNo_val_228,Amount_val_228,TaxRate_val_228,Date_val_228
229,Matrix Precision Engineering,VoucherNo_val_229,Amount_val_229,TaxRate_val_229,Date_val_229
230,Matrix Precision Engineering,VoucherNo_val_230,Amount_val_230,TaxRate_val_230,Date_val_230
231,Matrix Precision Engineering,VoucherNo_val_231,Amount_val_231,TaxRate_val_231,Date_val_231
232,Matrix Precision Engineering,VoucherNo_val_232,Amount_val_232,TaxRate_val_232,Date_val_232
233,Matrix Precision Engineering,VoucherNo_val_233,Amount_val_233,TaxRate_val_233,Date_val_233
234,Matrix Precision Engineering,VoucherNo_val_234,Amount_val_234,TaxRate_val_234,Date_val_234
235,Matrix Precision Engineering,VoucherNo_val_235,Amount_val_235,TaxRate_val_235,Date_val_235
236,Matrix Precision Engineering,VoucherNo_val_236,Amount_val_236,TaxRate_val_236,Date_val_236
237,Matrix Precision Engineering,VoucherNo_val_237,Amount_val_237,TaxRate_val_237,Date_val_237
238,Matrix Precision Engineering,VoucherNo_val_238,Amount_val_238,TaxRate_val_238,Date_val_238
239,Matrix Precision Engineering,VoucherNo_val_239,Amount_val_239,TaxRate_val_239,Date_val_239
240,Matrix Precision Engineering,VoucherNo_val_240,Amount_val_240,TaxRate_val_240,Date_val_240
241,Matrix Precision Engineering,VoucherNo_val_241,Amount_val_241,TaxRate_val_241,Date_val_241
242,Matrix Precision Engineering,VoucherNo_val_242,Amount_val_242,TaxRate_val_242,Date_val_242
243,Matrix Precision Engineering,VoucherNo_val_243,Amount_val_243,TaxRate_val_243,Date_val_243
244,Matrix Precision Engineering,VoucherNo_val_244,Amount_val_244,TaxRate_val_244,Date_val_244
245,Matrix Precision Engineering,VoucherNo_val_245,Amount_val_245,TaxRate_val_245,Date_val_245
246,Matrix Precision Engineering,VoucherNo_val_246,Amount_val_246,TaxRate_val_246,Date_val_246
247,Matrix Precision Engineering,VoucherNo_val_247,Amount_val_247,TaxRate_val_247,Date_val_247
248,Matrix Precision Engineering,VoucherNo_val_248,Amount_val_248,TaxRate_val_248,Date_val_248
249,Matrix Precision Engineering,VoucherNo_val_249,Amount_val_249,TaxRate_val_249,Date_val_249
250,Matrix Precision Engineering,VoucherNo_val_250,Amount_val_250,TaxRate_val_250,Date_val_250
251,Matrix Precision Engineering,VoucherNo_val_251,Amount_val_251,TaxRate_val_251,Date_val_251
252,Matrix Precision Engineering,VoucherNo_val_252,Amount_val_252,TaxRate_val_252,Date_val_252
253,Matrix Precision Engineering,VoucherNo_val_253,Amount_val_253,TaxRate_val_253,Date_val_253
254,Matrix Precision Engineering,VoucherNo_val_254,Amount_val_254,TaxRate_val_254,Date_val_254
255,Matrix Precision Engineering,VoucherNo_val_255,Amount_val_255,TaxRate_val_255,Date_val_255
256,Matrix Precision Engineering,VoucherNo_val_256,Amount_val_256,TaxRate_val_256,Date_val_256
257,Matrix Precision Engineering,VoucherNo_val_257,Amount_val_257,TaxRate_val_257,Date_val_257
258,Matrix Precision Engineering,VoucherNo_val_258,Amount_val_258,TaxRate_val_258,Date_val_258
259,Matrix Precision Engineering,VoucherNo_val_259,Amount_val_259,TaxRate_val_259,Date_val_259
260,Matrix Precision Engineering,VoucherNo_val_260,Amount_val_260,TaxRate_val_260,Date_val_260
261,Matrix Precision Engineering,VoucherNo_val_261,Amount_val_261,TaxRate_val_261,Date_val_261
262,Matrix Precision Engineering,VoucherNo_val_262,Amount_val_262,TaxRate_val_262,Date_val_262
263,Matrix Precision Engineering,VoucherNo_val_263,Amount_val_263,TaxRate_val_263,Date_val_263
264,Matrix Precision Engineering,VoucherNo_val_264,Amount_val_264,TaxRate_val_264,Date_val_264
265,Matrix Precision Engineering,VoucherNo_val_265,Amount_val_265,TaxRate_val_265,Date_val_265
266,Matrix Precision Engineering,VoucherNo_val_266,Amount_val_266,TaxRate_val_266,Date_val_266
267,Matrix Precision Engineering,VoucherNo_val_267,Amount_val_267,TaxRate_val_267,Date_val_267
268,Matrix Precision Engineering,VoucherNo_val_268,Amount_val_268,TaxRate_val_268,Date_val_268
269,Matrix Precision Engineering,VoucherNo_val_269,Amount_val_269,TaxRate_val_269,Date_val_269
270,Matrix Precision Engineering,VoucherNo_val_270,Amount_val_270,TaxRate_val_270,Date_val_270
271,Matrix Precision Engineering,VoucherNo_val_271,Amount_val_271,TaxRate_val_271,Date_val_271
272,Matrix Precision Engineering,VoucherNo_val_272,Amount_val_272,TaxRate_val_272,Date_val_272
273,Matrix Precision Engineering,VoucherNo_val_273,Amount_val_273,TaxRate_val_273,Date_val_273
274,Matrix Precision Engineering,VoucherNo_val_274,Amount_val_274,TaxRate_val_274,Date_val_274
275,Matrix Precision Engineering,VoucherNo_val_275,Amount_val_275,TaxRate_val_275,Date_val_275
276,Matrix Precision Engineering,VoucherNo_val_276,Amount_val_276,TaxRate_val_276,Date_val_276
277,Matrix Precision Engineering,VoucherNo_val_277,Amount_val_277,TaxRate_val_277,Date_val_277
278,Matrix Precision Engineering,VoucherNo_val_278,Amount_val_278,TaxRate_val_278,Date_val_278
279,Matrix Precision Engineering,VoucherNo_val_279,Amount_val_279,TaxRate_val_279,Date_val_279
280,Matrix Precision Engineering,VoucherNo_val_280,Amount_val_280,TaxRate_val_280,Date_val_280
281,Matrix Precision Engineering,VoucherNo_val_281,Amount_val_281,TaxRate_val_281,Date_val_281
282,Matrix Precision Engineering,VoucherNo_val_282,Amount_val_282,TaxRate_val_282,Date_val_282
283,Matrix Precision Engineering,VoucherNo_val_283,Amount_val_283,TaxRate_val_283,Date_val_283
284,Matrix Precision Engineering,VoucherNo_val_284,Amount_val_284,TaxRate_val_284,Date_val_284
285,Matrix Precision Engineering,VoucherNo_val_285,Amount_val_285,TaxRate_val_285,Date_val_285
286,Matrix Precision Engineering,VoucherNo_val_286,Amount_val_286,TaxRate_val_286,Date_val_286
287,Matrix Precision Engineering,VoucherNo_val_287,Amount_val_287,TaxRate_val_287,Date_val_287
288,Matrix Precision Engineering,VoucherNo_val_288,Amount_val_288,TaxRate_val_288,Date_val_288
289,Matrix Precision Engineering,VoucherNo_val_289,Amount_val_289,TaxRate_val_289,Date_val_289
290,Matrix Precision Engineering,VoucherNo_val_290,Amount_val_290,TaxRate_val_290,Date_val_290
291,Matrix Precision Engineering,VoucherNo_val_291,Amount_val_291,TaxRate_val_291,Date_val_291
292,Matrix Precision Engineering,VoucherNo_val_292,Amount_val_292,TaxRate_val_292,Date_val_292
293,Matrix Precision Engineering,VoucherNo_val_293,Amount_val_293,TaxRate_val_293,Date_val_293
294,Matrix Precision Engineering,VoucherNo_val_294,Amount_val_294,TaxRate_val_294,Date_val_294
295,Matrix Precision Engineering,VoucherNo_val_295,Amount_val_295,TaxRate_val_295,Date_val_295
296,Matrix Precision Engineering,VoucherNo_val_296,Amount_val_296,TaxRate_val_296,Date_val_296
297,Matrix Precision Engineering,VoucherNo_val_297,Amount_val_297,TaxRate_val_297,Date_val_297
298,Matrix Precision Engineering,VoucherNo_val_298,Amount_val_298,TaxRate_val_298,Date_val_298
299,Matrix Precision Engineering,VoucherNo_val_299,Amount_val_299,TaxRate_val_299,Date_val_299
300,Matrix Precision Engineering,VoucherNo_val_300,Amount_val_300,TaxRate_val_300,Date_val_300
301,Matrix Precision Engineering,VoucherNo_val_301,Amount_val_301,TaxRate_val_301,Date_val_301
302,Matrix Precision Engineering,VoucherNo_val_302,Amount_val_302,TaxRate_val_302,Date_val_302
303,Matrix Precision Engineering,VoucherNo_val_303,Amount_val_303,TaxRate_val_303,Date_val_303
304,Matrix Precision Engineering,VoucherNo_val_304,Amount_val_304,TaxRate_val_304,Date_val_304
305,Matrix Precision Engineering,VoucherNo_val_305,Amount_val_305,TaxRate_val_305,Date_val_305
306,Matrix Precision Engineering,VoucherNo_val_306,Amount_val_306,TaxRate_val_306,Date_val_306
307,Matrix Precision Engineering,VoucherNo_val_307,Amount_val_307,TaxRate_val_307,Date_val_307
308,Matrix Precision Engineering,VoucherNo_val_308,Amount_val_308,TaxRate_val_308,Date_val_308
309,Matrix Precision Engineering,VoucherNo_val_309,Amount_val_309,TaxRate_val_309,Date_val_309
310,Matrix Precision Engineering,VoucherNo_val_310,Amount_val_310,TaxRate_val_310,Date_val_310
311,Matrix Precision Engineering,VoucherNo_val_311,Amount_val_311,TaxRate_val_311,Date_val_311
312,Matrix Precision Engineering,VoucherNo_val_312,Amount_val_312,TaxRate_val_312,Date_val_312
313,Matrix Precision Engineering,VoucherNo_val_313,Amount_val_313,TaxRate_val_313,Date_val_313
314,Matrix Precision Engineering,VoucherNo_val_314,Amount_val_314,TaxRate_val_314,Date_val_314
315,Matrix Precision Engineering,VoucherNo_val_315,Amount_val_315,TaxRate_val_315,Date_val_315
316,Matrix Precision Engineering,VoucherNo_val_316,Amount_val_316,TaxRate_val_316,Date_val_316
317,Matrix Precision Engineering,VoucherNo_val_317,Amount_val_317,TaxRate_val_317,Date_val_317
318,Matrix Precision Engineering,VoucherNo_val_318,Amount_val_318,TaxRate_val_318,Date_val_318
319,Matrix Precision Engineering,VoucherNo_val_319,Amount_val_319,TaxRate_val_319,Date_val_319
320,Matrix Precision Engineering,VoucherNo_val_320,Amount_val_320,TaxRate_val_320,Date_val_320
321,Matrix Precision Engineering,VoucherNo_val_321,Amount_val_321,TaxRate_val_321,Date_val_321
322,Matrix Precision Engineering,VoucherNo_val_322,Amount_val_322,TaxRate_val_322,Date_val_322
323,Matrix Precision Engineering,VoucherNo_val_323,Amount_val_323,TaxRate_val_323,Date_val_323
324,Matrix Precision Engineering,VoucherNo_val_324,Amount_val_324,TaxRate_val_324,Date_val_324
325,Matrix Precision Engineering,VoucherNo_val_325,Amount_val_325,TaxRate_val_325,Date_val_325
326,Matrix Precision Engineering,VoucherNo_val_326,Amount_val_326,TaxRate_val_326,Date_val_326
327,Matrix Precision Engineering,VoucherNo_val_327,Amount_val_327,TaxRate_val_327,Date_val_327
328,Matrix Precision Engineering,VoucherNo_val_328,Amount_val_328,TaxRate_val_328,Date_val_328
329,Matrix Precision Engineering,VoucherNo_val_329,Amount_val_329,TaxRate_val_329,Date_val_329
330,Matrix Precision Engineering,VoucherNo_val_330,Amount_val_330,TaxRate_val_330,Date_val_330
331,Matrix Precision Engineering,VoucherNo_val_331,Amount_val_331,TaxRate_val_331,Date_val_331
332,Matrix Precision Engineering,VoucherNo_val_332,Amount_val_332,TaxRate_val_332,Date_val_332
333,Matrix Precision Engineering,VoucherNo_val_333,Amount_val_333,TaxRate_val_333,Date_val_333
334,Matrix Precision Engineering,VoucherNo_val_334,Amount_val_334,TaxRate_val_334,Date_val_334
335,Matrix Precision Engineering,VoucherNo_val_335,Amount_val_335,TaxRate_val_335,Date_val_335
336,Matrix Precision Engineering,VoucherNo_val_336,Amount_val_336,TaxRate_val_336,Date_val_336
337,Matrix Precision Engineering,VoucherNo_val_337,Amount_val_337,TaxRate_val_337,Date_val_337
338,Matrix Precision Engineering,VoucherNo_val_338,Amount_val_338,TaxRate_val_338,Date_val_338
339,Matrix Precision Engineering,VoucherNo_val_339,Amount_val_339,TaxRate_val_339,Date_val_339
340,Matrix Precision Engineering,VoucherNo_val_340,Amount_val_340,TaxRate_val_340,Date_val_340
341,Matrix Precision Engineering,VoucherNo_val_341,Amount_val_341,TaxRate_val_341,Date_val_341
342,Matrix Precision Engineering,VoucherNo_val_342,Amount_val_342,TaxRate_val_342,Date_val_342
343,Matrix Precision Engineering,VoucherNo_val_343,Amount_val_343,TaxRate_val_343,Date_val_343
344,Matrix Precision Engineering,VoucherNo_val_344,Amount_val_344,TaxRate_val_344,Date_val_344
345,Matrix Precision Engineering,VoucherNo_val_345,Amount_val_345,TaxRate_val_345,Date_val_345
346,Matrix Precision Engineering,VoucherNo_val_346,Amount_val_346,TaxRate_val_346,Date_val_346
347,Matrix Precision Engineering,VoucherNo_val_347,Amount_val_347,TaxRate_val_347,Date_val_347
348,Matrix Precision Engineering,VoucherNo_val_348,Amount_val_348,TaxRate_val_348,Date_val_348
349,Matrix Precision Engineering,VoucherNo_val_349,Amount_val_349,TaxRate_val_349,Date_val_349
350,Matrix Precision Engineering,VoucherNo_val_350,Amount_val_350,TaxRate_val_350,Date_val_350
351,Matrix Precision Engineering,VoucherNo_val_351,Amount_val_351,TaxRate_val_351,Date_val_351
352,Matrix Precision Engineering,VoucherNo_val_352,Amount_val_352,TaxRate_val_352,Date_val_352
353,Matrix Precision Engineering,VoucherNo_val_353,Amount_val_353,TaxRate_val_353,Date_val_353
354,Matrix Precision Engineering,VoucherNo_val_354,Amount_val_354,TaxRate_val_354,Date_val_354
355,Matrix Precision Engineering,VoucherNo_val_355,Amount_val_355,TaxRate_val_355,Date_val_355
356,Matrix Precision Engineering,VoucherNo_val_356,Amount_val_356,TaxRate_val_356,Date_val_356
357,Matrix Precision Engineering,VoucherNo_val_357,Amount_val_357,TaxRate_val_357,Date_val_357
358,Matrix Precision Engineering,VoucherNo_val_358,Amount_val_358,TaxRate_val_358,Date_val_358
359,Matrix Precision Engineering,VoucherNo_val_359,Amount_val_359,TaxRate_val_359,Date_val_359
360,Matrix Precision Engineering,VoucherNo_val_360,Amount_val_360,TaxRate_val_360,Date_val_360
361,Matrix Precision Engineering,VoucherNo_val_361,Amount_val_361,TaxRate_val_361,Date_val_361
362,Matrix Precision Engineering,VoucherNo_val_362,Amount_val_362,TaxRate_val_362,Date_val_362
363,Matrix Precision Engineering,VoucherNo_val_363,Amount_val_363,TaxRate_val_363,Date_val_363
364,Matrix Precision Engineering,VoucherNo_val_364,Amount_val_364,TaxRate_val_364,Date_val_364
365,Matrix Precision Engineering,VoucherNo_val_365,Amount_val_365,TaxRate_val_365,Date_val_365
366,Matrix Precision Engineering,VoucherNo_val_366,Amount_val_366,TaxRate_val_366,Date_val_366
367,Matrix Precision Engineering,VoucherNo_val_367,Amount_val_367,TaxRate_val_367,Date_val_367
368,Matrix Precision Engineering,VoucherNo_val_368,Amount_val_368,TaxRate_val_368,Date_val_368
369,Matrix Precision Engineering,VoucherNo_val_369,Amount_val_369,TaxRate_val_369,Date_val_369
370,Matrix Precision Engineering,VoucherNo_val_370,Amount_val_370,TaxRate_val_370,Date_val_370
371,Matrix Precision Engineering,VoucherNo_val_371,Amount_val_371,TaxRate_val_371,Date_val_371
372,Matrix Precision Engineering,VoucherNo_val_372,Amount_val_372,TaxRate_val_372,Date_val_372
373,Matrix Precision Engineering,VoucherNo_val_373,Amount_val_373,TaxRate_val_373,Date_val_373
374,Matrix Precision Engineering,VoucherNo_val_374,Amount_val_374,TaxRate_val_374,Date_val_374
375,Matrix Precision Engineering,VoucherNo_val_375,Amount_val_375,TaxRate_val_375,Date_val_375
376,Matrix Precision Engineering,VoucherNo_val_376,Amount_val_376,TaxRate_val_376,Date_val_376
377,Matrix Precision Engineering,VoucherNo_val_377,Amount_val_377,TaxRate_val_377,Date_val_377
378,Matrix Precision Engineering,VoucherNo_val_378,Amount_val_378,TaxRate_val_378,Date_val_378
379,Matrix Precision Engineering,VoucherNo_val_379,Amount_val_379,TaxRate_val_379,Date_val_379
380,Matrix Precision Engineering,VoucherNo_val_380,Amount_val_380,TaxRate_val_380,Date_val_380
381,Matrix Precision Engineering,VoucherNo_val_381,Amount_val_381,TaxRate_val_381,Date_val_381
382,Matrix Precision Engineering,VoucherNo_val_382,Amount_val_382,TaxRate_val_382,Date_val_382
383,Matrix Precision Engineering,VoucherNo_val_383,Amount_val_383,TaxRate_val_383,Date_val_383
384,Matrix Precision Engineering,VoucherNo_val_384,Amount_val_384,TaxRate_val_384,Date_val_384
385,Matrix Precision Engineering,VoucherNo_val_385,Amount_val_385,TaxRate_val_385,Date_val_385
386,Matrix Precision Engineering,VoucherNo_val_386,Amount_val_386,TaxRate_val_386,Date_val_386
387,Matrix Precision Engineering,VoucherNo_val_387,Amount_val_387,TaxRate_val_387,Date_val_387
388,Matrix Precision Engineering,VoucherNo_val_388,Amount_val_388,TaxRate_val_388,Date_val_388
389,Matrix Precision Engineering,VoucherNo_val_389,Amount_val_389,TaxRate_val_389,Date_val_389
390,Matrix Precision Engineering,VoucherNo_val_390,Amount_val_390,TaxRate_val_390,Date_val_390
391,Matrix Precision Engineering,VoucherNo_val_391,Amount_val_391,TaxRate_val_391,Date_val_391
392,Matrix Precision Engineering,VoucherNo_val_392,Amount_val_392,TaxRate_val_392,Date_val_392
393,Matrix Precision Engineering,VoucherNo_val_393,Amount_val_393,TaxRate_val_393,Date_val_393
394,Matrix Precision Engineering,VoucherNo_val_394,Amount_val_394,TaxRate_val_394,Date_val_394
395,Matrix Precision Engineering,VoucherNo_val_395,Amount_val_395,TaxRate_val_395,Date_val_395
396,Matrix Precision Engineering,VoucherNo_val_396,Amount_val_396,TaxRate_val_396,Date_val_396
397,Matrix Precision Engineering,VoucherNo_val_397,Amount_val_397,TaxRate_val_397,Date_val_397
398,Matrix Precision Engineering,VoucherNo_val_398,Amount_val_398,TaxRate_val_398,Date_val_398
399,Matrix Precision Engineering,VoucherNo_val_399,Amount_val_399,TaxRate_val_399,Date_val_399
400,Matrix Precision Engineering,VoucherNo_val_400,Amount_val_400,TaxRate_val_400,Date_val_400
401,Matrix Precision Engineering,VoucherNo_val_401,Amount_val_401,TaxRate_val_401,Date_val_401
402,Matrix Precision Engineering,VoucherNo_val_402,Amount_val_402,TaxRate_val_402,Date_val_402
403,Matrix Precision Engineering,VoucherNo_val_403,Amount_val_403,TaxRate_val_403,Date_val_403
404,Matrix Precision Engineering,VoucherNo_val_404,Amount_val_404,TaxRate_val_404,Date_val_404
405,Matrix Precision Engineering,VoucherNo_val_405,Amount_val_405,TaxRate_val_405,Date_val_405
406,Matrix Precision Engineering,VoucherNo_val_406,Amount_val_406,TaxRate_val_406,Date_val_406
407,Matrix Precision Engineering,VoucherNo_val_407,Amount_val_407,TaxRate_val_407,Date_val_407
408,Matrix Precision Engineering,VoucherNo_val_408,Amount_val_408,TaxRate_val_408,Date_val_408
409,Matrix Precision Engineering,VoucherNo_val_409,Amount_val_409,TaxRate_val_409,Date_val_409
410,Matrix Precision Engineering,VoucherNo_val_410,Amount_val_410,TaxRate_val_410,Date_val_410
411,Matrix Precision Engineering,VoucherNo_val_411,Amount_val_411,TaxRate_val_411,Date_val_411
412,Matrix Precision Engineering,VoucherNo_val_412,Amount_val_412,TaxRate_val_412,Date_val_412
413,Matrix Precision Engineering,VoucherNo_val_413,Amount_val_413,TaxRate_val_413,Date_val_413
414,Matrix Precision Engineering,VoucherNo_val_414,Amount_val_414,TaxRate_val_414,Date_val_414
415,Matrix Precision Engineering,VoucherNo_val_415,Amount_val_415,TaxRate_val_415,Date_val_415
416,Matrix Precision Engineering,VoucherNo_val_416,Amount_val_416,TaxRate_val_416,Date_val_416
417,Matrix Precision Engineering,VoucherNo_val_417,Amount_val_417,TaxRate_val_417,Date_val_417
418,Matrix Precision Engineering,VoucherNo_val_418,Amount_val_418,TaxRate_val_418,Date_val_418
419,Matrix Precision Engineering,VoucherNo_val_419,Amount_val_419,TaxRate_val_419,Date_val_419
420,Matrix Precision Engineering,VoucherNo_val_420,Amount_val_420,TaxRate_val_420,Date_val_420
421,Matrix Precision Engineering,VoucherNo_val_421,Amount_val_421,TaxRate_val_421,Date_val_421
422,Matrix Precision Engineering,VoucherNo_val_422,Amount_val_422,TaxRate_val_422,Date_val_422
423,Matrix Precision Engineering,VoucherNo_val_423,Amount_val_423,TaxRate_val_423,Date_val_423
424,Matrix Precision Engineering,VoucherNo_val_424,Amount_val_424,TaxRate_val_424,Date_val_424
425,Matrix Precision Engineering,VoucherNo_val_425,Amount_val_425,TaxRate_val_425,Date_val_425
426,Matrix Precision Engineering,VoucherNo_val_426,Amount_val_426,TaxRate_val_426,Date_val_426
427,Matrix Precision Engineering,VoucherNo_val_427,Amount_val_427,TaxRate_val_427,Date_val_427
428,Matrix Precision Engineering,VoucherNo_val_428,Amount_val_428,TaxRate_val_428,Date_val_428
429,Matrix Precision Engineering,VoucherNo_val_429,Amount_val_429,TaxRate_val_429,Date_val_429
430,Matrix Precision Engineering,VoucherNo_val_430,Amount_val_430,TaxRate_val_430,Date_val_430
431,Matrix Precision Engineering,VoucherNo_val_431,Amount_val_431,TaxRate_val_431,Date_val_431
432,Matrix Precision Engineering,VoucherNo_val_432,Amount_val_432,TaxRate_val_432,Date_val_432
433,Matrix Precision Engineering,VoucherNo_val_433,Amount_val_433,TaxRate_val_433,Date_val_433
434,Matrix Precision Engineering,VoucherNo_val_434,Amount_val_434,TaxRate_val_434,Date_val_434
435,Matrix Precision Engineering,VoucherNo_val_435,Amount_val_435,TaxRate_val_435,Date_val_435
436,Matrix Precision Engineering,VoucherNo_val_436,Amount_val_436,TaxRate_val_436,Date_val_436
437,Matrix Precision Engineering,VoucherNo_val_437,Amount_val_437,TaxRate_val_437,Date_val_437
438,Matrix Precision Engineering,VoucherNo_val_438,Amount_val_438,TaxRate_val_438,Date_val_438
439,Matrix Precision Engineering,VoucherNo_val_439,Amount_val_439,TaxRate_val_439,Date_val_439
440,Matrix Precision Engineering,VoucherNo_val_440,Amount_val_440,TaxRate_val_440,Date_val_440
441,Matrix Precision Engineering,VoucherNo_val_441,Amount_val_441,TaxRate_val_441,Date_val_441
442,Matrix Precision Engineering,VoucherNo_val_442,Amount_val_442,TaxRate_val_442,Date_val_442
443,Matrix Precision Engineering,VoucherNo_val_443,Amount_val_443,TaxRate_val_443,Date_val_443
444,Matrix Precision Engineering,VoucherNo_val_444,Amount_val_444,TaxRate_val_444,Date_val_444
445,Matrix Precision Engineering,VoucherNo_val_445,Amount_val_445,TaxRate_val_445,Date_val_445
446,Matrix Precision Engineering,VoucherNo_val_446,Amount_val_446,TaxRate_val_446,Date_val_446
447,Matrix Precision Engineering,VoucherNo_val_447,Amount_val_447,TaxRate_val_447,Date_val_447
448,Matrix Precision Engineering,VoucherNo_val_448,Amount_val_448,TaxRate_val_448,Date_val_448
449,Matrix Precision Engineering,VoucherNo_val_449,Amount_val_449,TaxRate_val_449,Date_val_449
450,Matrix Precision Engineering,VoucherNo_val_450,Amount_val_450,TaxRate_val_450,Date_val_450
451,Matrix Precision Engineering,VoucherNo_val_451,Amount_val_451,TaxRate_val_451,Date_val_451
452,Matrix Precision Engineering,VoucherNo_val_452,Amount_val_452,TaxRate_val_452,Date_val_452
453,Matrix Precision Engineering,VoucherNo_val_453,Amount_val_453,TaxRate_val_453,Date_val_453
454,Matrix Precision Engineering,VoucherNo_val_454,Amount_val_454,TaxRate_val_454,Date_val_454
455,Matrix Precision Engineering,VoucherNo_val_455,Amount_val_455,TaxRate_val_455,Date_val_455
456,Matrix Precision Engineering,VoucherNo_val_456,Amount_val_456,TaxRate_val_456,Date_val_456
457,Matrix Precision Engineering,VoucherNo_val_457,Amount_val_457,TaxRate_val_457,Date_val_457
458,Matrix Precision Engineering,VoucherNo_val_458,Amount_val_458,TaxRate_val_458,Date_val_458
459,Matrix Precision Engineering,VoucherNo_val_459,Amount_val_459,TaxRate_val_459,Date_val_459
460,Matrix Precision Engineering,VoucherNo_val_460,Amount_val_460,TaxRate_val_460,Date_val_460
461,Matrix Precision Engineering,VoucherNo_val_461,Amount_val_461,TaxRate_val_461,Date_val_461
462,Matrix Precision Engineering,VoucherNo_val_462,Amount_val_462,TaxRate_val_462,Date_val_462
463,Matrix Precision Engineering,VoucherNo_val_463,Amount_val_463,TaxRate_val_463,Date_val_463
464,Matrix Precision Engineering,VoucherNo_val_464,Amount_val_464,TaxRate_val_464,Date_val_464
465,Matrix Precision Engineering,VoucherNo_val_465,Amount_val_465,TaxRate_val_465,Date_val_465
466,Matrix Precision Engineering,VoucherNo_val_466,Amount_val_466,TaxRate_val_466,Date_val_466
467,Matrix Precision Engineering,VoucherNo_val_467,Amount_val_467,TaxRate_val_467,Date_val_467
468,Matrix Precision Engineering,VoucherNo_val_468,Amount_val_468,TaxRate_val_468,Date_val_468
469,Matrix Precision Engineering,VoucherNo_val_469,Amount_val_469,TaxRate_val_469,Date_val_469
470,Matrix Precision Engineering,VoucherNo_val_470,Amount_val_470,TaxRate_val_470,Date_val_470
471,Matrix Precision Engineering,VoucherNo_val_471,Amount_val_471,TaxRate_val_471,Date_val_471
472,Matrix Precision Engineering,VoucherNo_val_472,Amount_val_472,TaxRate_val_472,Date_val_472
473,Matrix Precision Engineering,VoucherNo_val_473,Amount_val_473,TaxRate_val_473,Date_val_473
474,Matrix Precision Engineering,VoucherNo_val_474,Amount_val_474,TaxRate_val_474,Date_val_474
475,Matrix Precision Engineering,VoucherNo_val_475,Amount_val_475,TaxRate_val_475,Date_val_475
476,Matrix Precision Engineering,VoucherNo_val_476,Amount_val_476,TaxRate_val_476,Date_val_476
477,Matrix Precision Engineering,VoucherNo_val_477,Amount_val_477,TaxRate_val_477,Date_val_477
478,Matrix Precision Engineering,VoucherNo_val_478,Amount_val_478,TaxRate_val_478,Date_val_478
479,Matrix Precision Engineering,VoucherNo_val_479,Amount_val_479,TaxRate_val_479,Date_val_479
480,Matrix Precision Engineering,VoucherNo_val_480,Amount_val_480,TaxRate_val_480,Date_val_480
481,Matrix Precision Engineering,VoucherNo_val_481,Amount_val_481,TaxRate_val_481,Date_val_481
482,Matrix Precision Engineering,VoucherNo_val_482,Amount_val_482,TaxRate_val_482,Date_val_482
483,Matrix Precision Engineering,VoucherNo_val_483,Amount_val_483,TaxRate_val_483,Date_val_483
484,Matrix Precision Engineering,VoucherNo_val_484,Amount_val_484,TaxRate_val_484,Date_val_484
485,Matrix Precision Engineering,VoucherNo_val_485,Amount_val_485,TaxRate_val_485,Date_val_485
486,Matrix Precision Engineering,VoucherNo_val_486,Amount_val_486,TaxRate_val_486,Date_val_486
487,Matrix Precision Engineering,VoucherNo_val_487,Amount_val_487,TaxRate_val_487,Date_val_487
488,Matrix Precision Engineering,VoucherNo_val_488,Amount_val_488,TaxRate_val_488,Date_val_488
489,Matrix Precision Engineering,VoucherNo_val_489,Amount_val_489,TaxRate_val_489,Date_val_489
490,Matrix Precision Engineering,VoucherNo_val_490,Amount_val_490,TaxRate_val_490,Date_val_490
491,Matrix Precision Engineering,VoucherNo_val_491,Amount_val_491,TaxRate_val_491,Date_val_491
492,Matrix Precision Engineering,VoucherNo_val_492,Amount_val_492,TaxRate_val_492,Date_val_492
493,Matrix Precision Engineering,VoucherNo_val_493,Amount_val_493,TaxRate_val_493,Date_val_493
494,Matrix Precision Engineering,VoucherNo_val_494,Amount_val_494,TaxRate_val_494,Date_val_494
495,Matrix Precision Engineering,VoucherNo_val_495,Amount_val_495,TaxRate_val_495,Date_val_495
496,Matrix Precision Engineering,VoucherNo_val_496,Amount_val_496,TaxRate_val_496,Date_val_496
497,Matrix Precision Engineering,VoucherNo_val_497,Amount_val_497,TaxRate_val_497,Date_val_497
498,Matrix Precision Engineering,VoucherNo_val_498,Amount_val_498,TaxRate_val_498,Date_val_498
499,Matrix Precision Engineering,VoucherNo_val_499,Amount_val_499,TaxRate_val_499,Date_val_499
500,Matrix Precision Engineering,VoucherNo_val_500,Amount_val_500,TaxRate_val_500,Date_val_500
501,Matrix Precision Engineering,VoucherNo_val_501,Amount_val_501,TaxRate_val_501,Date_val_501
502,Matrix Precision Engineering,VoucherNo_val_502,Amount_val_502,TaxRate_val_502,Date_val_502
503,Matrix Precision Engineering,VoucherNo_val_503,Amount_val_503,TaxRate_val_503,Date_val_503
504,Matrix Precision Engineering,VoucherNo_val_504,Amount_val_504,TaxRate_val_504,Date_val_504
505,Matrix Precision Engineering,VoucherNo_val_505,Amount_val_505,TaxRate_val_505,Date_val_505
506,Matrix Precision Engineering,VoucherNo_val_506,Amount_val_506,TaxRate_val_506,Date_val_506
507,Matrix Precision Engineering,VoucherNo_val_507,Amount_val_507,TaxRate_val_507,Date_val_507
508,Matrix Precision Engineering,VoucherNo_val_508,Amount_val_508,TaxRate_val_508,Date_val_508
509,Matrix Precision Engineering,VoucherNo_val_509,Amount_val_509,TaxRate_val_509,Date_val_509
510,Matrix Precision Engineering,VoucherNo_val_510,Amount_val_510,TaxRate_val_510,Date_val_510
511,Matrix Precision Engineering,VoucherNo_val_511,Amount_val_511,TaxRate_val_511,Date_val_511
512,Matrix Precision Engineering,VoucherNo_val_512,Amount_val_512,TaxRate_val_512,Date_val_512
513,Matrix Precision Engineering,VoucherNo_val_513,Amount_val_513,TaxRate_val_513,Date_val_513
514,Matrix Precision Engineering,VoucherNo_val_514,Amount_val_514,TaxRate_val_514,Date_val_514
515,Matrix Precision Engineering,VoucherNo_val_515,Amount_val_515,TaxRate_val_515,Date_val_515
516,Matrix Precision Engineering,VoucherNo_val_516,Amount_val_516,TaxRate_val_516,Date_val_516
517,Matrix Precision Engineering,VoucherNo_val_517,Amount_val_517,TaxRate_val_517,Date_val_517
518,Matrix Precision Engineering,VoucherNo_val_518,Amount_val_518,TaxRate_val_518,Date_val_518
519,Matrix Precision Engineering,VoucherNo_val_519,Amount_val_519,TaxRate_val_519,Date_val_519
520,Matrix Precision Engineering,VoucherNo_val_520,Amount_val_520,TaxRate_val_520,Date_val_520
521,Matrix Precision Engineering,VoucherNo_val_521,Amount_val_521,TaxRate_val_521,Date_val_521
522,Matrix Precision Engineering,VoucherNo_val_522,Amount_val_522,TaxRate_val_522,Date_val_522
523,Matrix Precision Engineering,VoucherNo_val_523,Amount_val_523,TaxRate_val_523,Date_val_523
524,Matrix Precision Engineering,VoucherNo_val_524,Amount_val_524,TaxRate_val_524,Date_val_524
525,Matrix Precision Engineering,VoucherNo_val_525,Amount_val_525,TaxRate_val_525,Date_val_525
526,Matrix Precision Engineering,VoucherNo_val_526,Amount_val_526,TaxRate_val_526,Date_val_526
527,Matrix Precision Engineering,VoucherNo_val_527,Amount_val_527,TaxRate_val_527,Date_val_527
528,Matrix Precision Engineering,VoucherNo_val_528,Amount_val_528,TaxRate_val_528,Date_val_528
529,Matrix Precision Engineering,VoucherNo_val_529,Amount_val_529,TaxRate_val_529,Date_val_529
530,Matrix Precision Engineering,VoucherNo_val_530,Amount_val_530,TaxRate_val_530,Date_val_530
531,Matrix Precision Engineering,VoucherNo_val_531,Amount_val_531,TaxRate_val_531,Date_val_531
532,Matrix Precision Engineering,VoucherNo_val_532,Amount_val_532,TaxRate_val_532,Date_val_532
533,Matrix Precision Engineering,VoucherNo_val_533,Amount_val_533,TaxRate_val_533,Date_val_533
534,Matrix Precision Engineering,VoucherNo_val_534,Amount_val_534,TaxRate_val_534,Date_val_534
535,Matrix Precision Engineering,VoucherNo_val_535,Amount_val_535,TaxRate_val_535,Date_val_535
536,Matrix Precision Engineering,VoucherNo_val_536,Amount_val_536,TaxRate_val_536,Date_val_536
537,Matrix Precision Engineering,VoucherNo_val_537,Amount_val_537,TaxRate_val_537,Date_val_537
538,Matrix Precision Engineering,VoucherNo_val_538,Amount_val_538,TaxRate_val_538,Date_val_538
539,Matrix Precision Engineering,VoucherNo_val_539,Amount_val_539,TaxRate_val_539,Date_val_539
540,Matrix Precision Engineering,VoucherNo_val_540,Amount_val_540,TaxRate_val_540,Date_val_540
541,Matrix Precision Engineering,VoucherNo_val_541,Amount_val_541,TaxRate_val_541,Date_val_541
542,Matrix Precision Engineering,VoucherNo_val_542,Amount_val_542,TaxRate_val_542,Date_val_542
543,Matrix Precision Engineering,VoucherNo_val_543,Amount_val_543,TaxRate_val_543,Date_val_543
544,Matrix Precision Engineering,VoucherNo_val_544,Amount_val_544,TaxRate_val_544,Date_val_544
545,Matrix Precision Engineering,VoucherNo_val_545,Amount_val_545,TaxRate_val_545,Date_val_545
546,Matrix Precision Engineering,VoucherNo_val_546,Amount_val_546,TaxRate_val_546,Date_val_546
547,Matrix Precision Engineering,VoucherNo_val_547,Amount_val_547,TaxRate_val_547,Date_val_547
548,Matrix Precision Engineering,VoucherNo_val_548,Amount_val_548,TaxRate_val_548,Date_val_548
549,Matrix Precision Engineering,VoucherNo_val_549,Amount_val_549,TaxRate_val_549,Date_val_549
550,Matrix Precision Engineering,VoucherNo_val_550,Amount_val_550,TaxRate_val_550,Date_val_550
551,Matrix Precision Engineering,VoucherNo_val_551,Amount_val_551,TaxRate_val_551,Date_val_551
552,Matrix Precision Engineering,VoucherNo_val_552,Amount_val_552,TaxRate_val_552,Date_val_552
553,Matrix Precision Engineering,VoucherNo_val_553,Amount_val_553,TaxRate_val_553,Date_val_553
554,Matrix Precision Engineering,VoucherNo_val_554,Amount_val_554,TaxRate_val_554,Date_val_554
555,Matrix Precision Engineering,VoucherNo_val_555,Amount_val_555,TaxRate_val_555,Date_val_555
556,Matrix Precision Engineering,VoucherNo_val_556,Amount_val_556,TaxRate_val_556,Date_val_556
557,Matrix Precision Engineering,VoucherNo_val_557,Amount_val_557,TaxRate_val_557,Date_val_557
558,Matrix Precision Engineering,VoucherNo_val_558,Amount_val_558,TaxRate_val_558,Date_val_558
559,Matrix Precision Engineering,VoucherNo_val_559,Amount_val_559,TaxRate_val_559,Date_val_559
560,Matrix Precision Engineering,VoucherNo_val_560,Amount_val_560,TaxRate_val_560,Date_val_560
561,Matrix Precision Engineering,VoucherNo_val_561,Amount_val_561,TaxRate_val_561,Date_val_561
562,Matrix Precision Engineering,VoucherNo_val_562,Amount_val_562,TaxRate_val_562,Date_val_562
563,Matrix Precision Engineering,VoucherNo_val_563,Amount_val_563,TaxRate_val_563,Date_val_563
564,Matrix Precision Engineering,VoucherNo_val_564,Amount_val_564,TaxRate_val_564,Date_val_564
565,Matrix Precision Engineering,VoucherNo_val_565,Amount_val_565,TaxRate_val_565,Date_val_565
566,Matrix Precision Engineering,VoucherNo_val_566,Amount_val_566,TaxRate_val_566,Date_val_566
567,Matrix Precision Engineering,VoucherNo_val_567,Amount_val_567,TaxRate_val_567,Date_val_567
568,Matrix Precision Engineering,VoucherNo_val_568,Amount_val_568,TaxRate_val_568,Date_val_568
569,Matrix Precision Engineering,VoucherNo_val_569,Amount_val_569,TaxRate_val_569,Date_val_569
570,Matrix Precision Engineering,VoucherNo_val_570,Amount_val_570,TaxRate_val_570,Date_val_570
571,Matrix Precision Engineering,VoucherNo_val_571,Amount_val_571,TaxRate_val_571,Date_val_571
572,Matrix Precision Engineering,VoucherNo_val_572,Amount_val_572,TaxRate_val_572,Date_val_572
573,Matrix Precision Engineering,VoucherNo_val_573,Amount_val_573,TaxRate_val_573,Date_val_573
574,Matrix Precision Engineering,VoucherNo_val_574,Amount_val_574,TaxRate_val_574,Date_val_574
575,Matrix Precision Engineering,VoucherNo_val_575,Amount_val_575,TaxRate_val_575,Date_val_575
576,Matrix Precision Engineering,VoucherNo_val_576,Amount_val_576,TaxRate_val_576,Date_val_576
577,Matrix Precision Engineering,VoucherNo_val_577,Amount_val_577,TaxRate_val_577,Date_val_577
578,Matrix Precision Engineering,VoucherNo_val_578,Amount_val_578,TaxRate_val_578,Date_val_578
579,Matrix Precision Engineering,VoucherNo_val_579,Amount_val_579,TaxRate_val_579,Date_val_579
580,Matrix Precision Engineering,VoucherNo_val_580,Amount_val_580,TaxRate_val_580,Date_val_580
581,Matrix Precision Engineering,VoucherNo_val_581,Amount_val_581,TaxRate_val_581,Date_val_581
582,Matrix Precision Engineering,VoucherNo_val_582,Amount_val_582,TaxRate_val_582,Date_val_582
583,Matrix Precision Engineering,VoucherNo_val_583,Amount_val_583,TaxRate_val_583,Date_val_583
584,Matrix Precision Engineering,VoucherNo_val_584,Amount_val_584,TaxRate_val_584,Date_val_584
585,Matrix Precision Engineering,VoucherNo_val_585,Amount_val_585,TaxRate_val_585,Date_val_585
586,Matrix Precision Engineering,VoucherNo_val_586,Amount_val_586,TaxRate_val_586,Date_val_586
587,Matrix Precision Engineering,VoucherNo_val_587,Amount_val_587,TaxRate_val_587,Date_val_587
588,Matrix Precision Engineering,VoucherNo_val_588,Amount_val_588,TaxRate_val_588,Date_val_588
589,Matrix Precision Engineering,VoucherNo_val_589,Amount_val_589,TaxRate_val_589,Date_val_589
590,Matrix Precision Engineering,VoucherNo_val_590,Amount_val_590,TaxRate_val_590,Date_val_590
591,Matrix Precision Engineering,VoucherNo_val_591,Amount_val_591,TaxRate_val_591,Date_val_591
592,Matrix Precision Engineering,VoucherNo_val_592,Amount_val_592,TaxRate_val_592,Date_val_592
593,Matrix Precision Engineering,VoucherNo_val_593,Amount_val_593,TaxRate_val_593,Date_val_593
594,Matrix Precision Engineering,VoucherNo_val_594,Amount_val_594,TaxRate_val_594,Date_val_594
595,Matrix Precision Engineering,VoucherNo_val_595,Amount_val_595,TaxRate_val_595,Date_val_595
596,Matrix Precision Engineering,VoucherNo_val_596,Amount_val_596,TaxRate_val_596,Date_val_596
597,Matrix Precision Engineering,VoucherNo_val_597,Amount_val_597,TaxRate_val_597,Date_val_597
598,Matrix Precision Engineering,VoucherNo_val_598,Amount_val_598,TaxRate_val_598,Date_val_598
599,Matrix Precision Engineering,VoucherNo_val_599,Amount_val_599,TaxRate_val_599,Date_val_599
600,Matrix Precision Engineering,VoucherNo_val_600,Amount_val_600,TaxRate_val_600,Date_val_600
601,Matrix Precision Engineering,VoucherNo_val_601,Amount_val_601,TaxRate_val_601,Date_val_601
602,Matrix Precision Engineering,VoucherNo_val_602,Amount_val_602,TaxRate_val_602,Date_val_602
603,Matrix Precision Engineering,VoucherNo_val_603,Amount_val_603,TaxRate_val_603,Date_val_603
604,Matrix Precision Engineering,VoucherNo_val_604,Amount_val_604,TaxRate_val_604,Date_val_604
605,Matrix Precision Engineering,VoucherNo_val_605,Amount_val_605,TaxRate_val_605,Date_val_605
606,Matrix Precision Engineering,VoucherNo_val_606,Amount_val_606,TaxRate_val_606,Date_val_606
607,Matrix Precision Engineering,VoucherNo_val_607,Amount_val_607,TaxRate_val_607,Date_val_607
608,Matrix Precision Engineering,VoucherNo_val_608,Amount_val_608,TaxRate_val_608,Date_val_608
609,Matrix Precision Engineering,VoucherNo_val_609,Amount_val_609,TaxRate_val_609,Date_val_609
610,Matrix Precision Engineering,VoucherNo_val_610,Amount_val_610,TaxRate_val_610,Date_val_610
611,Matrix Precision Engineering,VoucherNo_val_611,Amount_val_611,TaxRate_val_611,Date_val_611
612,Matrix Precision Engineering,VoucherNo_val_612,Amount_val_612,TaxRate_val_612,Date_val_612
613,Matrix Precision Engineering,VoucherNo_val_613,Amount_val_613,TaxRate_val_613,Date_val_613
614,Matrix Precision Engineering,VoucherNo_val_614,Amount_val_614,TaxRate_val_614,Date_val_614
615,Matrix Precision Engineering,VoucherNo_val_615,Amount_val_615,TaxRate_val_615,Date_val_615
616,Matrix Precision Engineering,VoucherNo_val_616,Amount_val_616,TaxRate_val_616,Date_val_616
617,Matrix Precision Engineering,VoucherNo_val_617,Amount_val_617,TaxRate_val_617,Date_val_617
618,Matrix Precision Engineering,VoucherNo_val_618,Amount_val_618,TaxRate_val_618,Date_val_618
619,Matrix Precision Engineering,VoucherNo_val_619,Amount_val_619,TaxRate_val_619,Date_val_619
620,Matrix Precision Engineering,VoucherNo_val_620,Amount_val_620,TaxRate_val_620,Date_val_620
621,Matrix Precision Engineering,VoucherNo_val_621,Amount_val_621,TaxRate_val_621,Date_val_621
622,Matrix Precision Engineering,VoucherNo_val_622,Amount_val_622,TaxRate_val_622,Date_val_622
623,Matrix Precision Engineering,VoucherNo_val_623,Amount_val_623,TaxRate_val_623,Date_val_623
624,Matrix Precision Engineering,VoucherNo_val_624,Amount_val_624,TaxRate_val_624,Date_val_624
625,Matrix Precision Engineering,VoucherNo_val_625,Amount_val_625,TaxRate_val_625,Date_val_625
626,Matrix Precision Engineering,VoucherNo_val_626,Amount_val_626,TaxRate_val_626,Date_val_626
627,Matrix Precision Engineering,VoucherNo_val_627,Amount_val_627,TaxRate_val_627,Date_val_627
628,Matrix Precision Engineering,VoucherNo_val_628,Amount_val_628,TaxRate_val_628,Date_val_628
629,Matrix Precision Engineering,VoucherNo_val_629,Amount_val_629,TaxRate_val_629,Date_val_629
630,Matrix Precision Engineering,VoucherNo_val_630,Amount_val_630,TaxRate_val_630,Date_val_630
631,Matrix Precision Engineering,VoucherNo_val_631,Amount_val_631,TaxRate_val_631,Date_val_631
632,Matrix Precision Engineering,VoucherNo_val_632,Amount_val_632,TaxRate_val_632,Date_val_632
633,Matrix Precision Engineering,VoucherNo_val_633,Amount_val_633,TaxRate_val_633,Date_val_633
634,Matrix Precision Engineering,VoucherNo_val_634,Amount_val_634,TaxRate_val_634,Date_val_634
635,Matrix Precision Engineering,VoucherNo_val_635,Amount_val_635,TaxRate_val_635,Date_val_635
636,Matrix Precision Engineering,VoucherNo_val_636,Amount_val_636,TaxRate_val_636,Date_val_636
637,Matrix Precision Engineering,VoucherNo_val_637,Amount_val_637,TaxRate_val_637,Date_val_637
638,Matrix Precision Engineering,VoucherNo_val_638,Amount_val_638,TaxRate_val_638,Date_val_638
639,Matrix Precision Engineering,VoucherNo_val_639,Amount_val_639,TaxRate_val_639,Date_val_639
640,Matrix Precision Engineering,VoucherNo_val_640,Amount_val_640,TaxRate_val_640,Date_val_640
641,Matrix Precision Engineering,VoucherNo_val_641,Amount_val_641,TaxRate_val_641,Date_val_641
642,Matrix Precision Engineering,VoucherNo_val_642,Amount_val_642,TaxRate_val_642,Date_val_642
643,Matrix Precision Engineering,VoucherNo_val_643,Amount_val_643,TaxRate_val_643,Date_val_643
644,Matrix Precision Engineering,VoucherNo_val_644,Amount_val_644,TaxRate_val_644,Date_val_644
645,Matrix Precision Engineering,VoucherNo_val_645,Amount_val_645,TaxRate_val_645,Date_val_645
646,Matrix Precision Engineering,VoucherNo_val_646,Amount_val_646,TaxRate_val_646,Date_val_646
647,Matrix Precision Engineering,VoucherNo_val_647,Amount_val_647,TaxRate_val_647,Date_val_647
648,Matrix Precision Engineering,VoucherNo_val_648,Amount_val_648,TaxRate_val_648,Date_val_648
649,Matrix Precision Engineering,VoucherNo_val_649,Amount_val_649,TaxRate_val_649,Date_val_649
650,Matrix Precision Engineering,VoucherNo_val_650,Amount_val_650,TaxRate_val_650,Date_val_650
651,Matrix Precision Engineering,VoucherNo_val_651,Amount_val_651,TaxRate_val_651,Date_val_651
652,Matrix Precision Engineering,VoucherNo_val_652,Amount_val_652,TaxRate_val_652,Date_val_652
653,Matrix Precision Engineering,VoucherNo_val_653,Amount_val_653,TaxRate_val_653,Date_val_653
654,Matrix Precision Engineering,VoucherNo_val_654,Amount_val_654,TaxRate_val_654,Date_val_654
655,Matrix Precision Engineering,VoucherNo_val_655,Amount_val_655,TaxRate_val_655,Date_val_655
656,Matrix Precision Engineering,VoucherNo_val_656,Amount_val_656,TaxRate_val_656,Date_val_656
657,Matrix Precision Engineering,VoucherNo_val_657,Amount_val_657,TaxRate_val_657,Date_val_657
658,Matrix Precision Engineering,VoucherNo_val_658,Amount_val_658,TaxRate_val_658,Date_val_658
659,Matrix Precision Engineering,VoucherNo_val_659,Amount_val_659,TaxRate_val_659,Date_val_659
660,Matrix Precision Engineering,VoucherNo_val_660,Amount_val_660,TaxRate_val_660,Date_val_660
661,Matrix Precision Engineering,VoucherNo_val_661,Amount_val_661,TaxRate_val_661,Date_val_661
662,Matrix Precision Engineering,VoucherNo_val_662,Amount_val_662,TaxRate_val_662,Date_val_662
663,Matrix Precision Engineering,VoucherNo_val_663,Amount_val_663,TaxRate_val_663,Date_val_663
664,Matrix Precision Engineering,VoucherNo_val_664,Amount_val_664,TaxRate_val_664,Date_val_664
665,Matrix Precision Engineering,VoucherNo_val_665,Amount_val_665,TaxRate_val_665,Date_val_665
666,Matrix Precision Engineering,VoucherNo_val_666,Amount_val_666,TaxRate_val_666,Date_val_666
667,Matrix Precision Engineering,VoucherNo_val_667,Amount_val_667,TaxRate_val_667,Date_val_667
668,Matrix Precision Engineering,VoucherNo_val_668,Amount_val_668,TaxRate_val_668,Date_val_668
669,Matrix Precision Engineering,VoucherNo_val_669,Amount_val_669,TaxRate_val_669,Date_val_669
670,Matrix Precision Engineering,VoucherNo_val_670,Amount_val_670,TaxRate_val_670,Date_val_670
671,Matrix Precision Engineering,VoucherNo_val_671,Amount_val_671,TaxRate_val_671,Date_val_671
672,Matrix Precision Engineering,VoucherNo_val_672,Amount_val_672,TaxRate_val_672,Date_val_672
673,Matrix Precision Engineering,VoucherNo_val_673,Amount_val_673,TaxRate_val_673,Date_val_673
674,Matrix Precision Engineering,VoucherNo_val_674,Amount_val_674,TaxRate_val_674,Date_val_674
675,Matrix Precision Engineering,VoucherNo_val_675,Amount_val_675,TaxRate_val_675,Date_val_675
676,Matrix Precision Engineering,VoucherNo_val_676,Amount_val_676,TaxRate_val_676,Date_val_676
677,Matrix Precision Engineering,VoucherNo_val_677,Amount_val_677,TaxRate_val_677,Date_val_677
678,Matrix Precision Engineering,VoucherNo_val_678,Amount_val_678,TaxRate_val_678,Date_val_678
679,Matrix Precision Engineering,VoucherNo_val_679,Amount_val_679,TaxRate_val_679,Date_val_679
680,Matrix Precision Engineering,VoucherNo_val_680,Amount_val_680,TaxRate_val_680,Date_val_680
681,Matrix Precision Engineering,VoucherNo_val_681,Amount_val_681,TaxRate_val_681,Date_val_681
682,Matrix Precision Engineering,VoucherNo_val_682,Amount_val_682,TaxRate_val_682,Date_val_682
683,Matrix Precision Engineering,VoucherNo_val_683,Amount_val_683,TaxRate_val_683,Date_val_683
684,Matrix Precision Engineering,VoucherNo_val_684,Amount_val_684,TaxRate_val_684,Date_val_684
685,Matrix Precision Engineering,VoucherNo_val_685,Amount_val_685,TaxRate_val_685,Date_val_685
686,Matrix Precision Engineering,VoucherNo_val_686,Amount_val_686,TaxRate_val_686,Date_val_686
687,Matrix Precision Engineering,VoucherNo_val_687,Amount_val_687,TaxRate_val_687,Date_val_687
688,Matrix Precision Engineering,VoucherNo_val_688,Amount_val_688,TaxRate_val_688,Date_val_688
689,Matrix Precision Engineering,VoucherNo_val_689,Amount_val_689,TaxRate_val_689,Date_val_689
690,Matrix Precision Engineering,VoucherNo_val_690,Amount_val_690,TaxRate_val_690,Date_val_690
691,Matrix Precision Engineering,VoucherNo_val_691,Amount_val_691,TaxRate_val_691,Date_val_691
692,Matrix Precision Engineering,VoucherNo_val_692,Amount_val_692,TaxRate_val_692,Date_val_692
693,Matrix Precision Engineering,VoucherNo_val_693,Amount_val_693,TaxRate_val_693,Date_val_693
694,Matrix Precision Engineering,VoucherNo_val_694,Amount_val_694,TaxRate_val_694,Date_val_694
695,Matrix Precision Engineering,VoucherNo_val_695,Amount_val_695,TaxRate_val_695,Date_val_695
696,Matrix Precision Engineering,VoucherNo_val_696,Amount_val_696,TaxRate_val_696,Date_val_696
697,Matrix Precision Engineering,VoucherNo_val_697,Amount_val_697,TaxRate_val_697,Date_val_697
698,Matrix Precision Engineering,VoucherNo_val_698,Amount_val_698,TaxRate_val_698,Date_val_698
699,Matrix Precision Engineering,VoucherNo_val_699,Amount_val_699,TaxRate_val_699,Date_val_699
700,Matrix Precision Engineering,VoucherNo_val_700,Amount_val_700,TaxRate_val_700,Date_val_700
701,Matrix Precision Engineering,VoucherNo_val_701,Amount_val_701,TaxRate_val_701,Date_val_701
702,Matrix Precision Engineering,VoucherNo_val_702,Amount_val_702,TaxRate_val_702,Date_val_702
703,Matrix Precision Engineering,VoucherNo_val_703,Amount_val_703,TaxRate_val_703,Date_val_703
704,Matrix Precision Engineering,VoucherNo_val_704,Amount_val_704,TaxRate_val_704,Date_val_704
705,Matrix Precision Engineering,VoucherNo_val_705,Amount_val_705,TaxRate_val_705,Date_val_705
706,Matrix Precision Engineering,VoucherNo_val_706,Amount_val_706,TaxRate_val_706,Date_val_706
707,Matrix Precision Engineering,VoucherNo_val_707,Amount_val_707,TaxRate_val_707,Date_val_707
708,Matrix Precision Engineering,VoucherNo_val_708,Amount_val_708,TaxRate_val_708,Date_val_708
709,Matrix Precision Engineering,VoucherNo_val_709,Amount_val_709,TaxRate_val_709,Date_val_709
710,Matrix Precision Engineering,VoucherNo_val_710,Amount_val_710,TaxRate_val_710,Date_val_710
711,Matrix Precision Engineering,VoucherNo_val_711,Amount_val_711,TaxRate_val_711,Date_val_711
712,Matrix Precision Engineering,VoucherNo_val_712,Amount_val_712,TaxRate_val_712,Date_val_712
713,Matrix Precision Engineering,VoucherNo_val_713,Amount_val_713,TaxRate_val_713,Date_val_713
714,Matrix Precision Engineering,VoucherNo_val_714,Amount_val_714,TaxRate_val_714,Date_val_714
715,Matrix Precision Engineering,VoucherNo_val_715,Amount_val_715,TaxRate_val_715,Date_val_715
716,Matrix Precision Engineering,VoucherNo_val_716,Amount_val_716,TaxRate_val_716,Date_val_716
717,Matrix Precision Engineering,VoucherNo_val_717,Amount_val_717,TaxRate_val_717,Date_val_717
718,Matrix Precision Engineering,VoucherNo_val_718,Amount_val_718,TaxRate_val_718,Date_val_718
719,Matrix Precision Engineering,VoucherNo_val_719,Amount_val_719,TaxRate_val_719,Date_val_719
720,Matrix Precision Engineering,VoucherNo_val_720,Amount_val_720,TaxRate_val_720,Date_val_720
721,Matrix Precision Engineering,VoucherNo_val_721,Amount_val_721,TaxRate_val_721,Date_val_721
722,Matrix Precision Engineering,VoucherNo_val_722,Amount_val_722,TaxRate_val_722,Date_val_722
723,Matrix Precision Engineering,VoucherNo_val_723,Amount_val_723,TaxRate_val_723,Date_val_723
724,Matrix Precision Engineering,VoucherNo_val_724,Amount_val_724,TaxRate_val_724,Date_val_724
725,Matrix Precision Engineering,VoucherNo_val_725,Amount_val_725,TaxRate_val_725,Date_val_725
726,Matrix Precision Engineering,VoucherNo_val_726,Amount_val_726,TaxRate_val_726,Date_val_726
727,Matrix Precision Engineering,VoucherNo_val_727,Amount_val_727,TaxRate_val_727,Date_val_727
728,Matrix Precision Engineering,VoucherNo_val_728,Amount_val_728,TaxRate_val_728,Date_val_728
729,Matrix Precision Engineering,VoucherNo_val_729,Amount_val_729,TaxRate_val_729,Date_val_729
730,Matrix Precision Engineering,VoucherNo_val_730,Amount_val_730,TaxRate_val_730,Date_val_730
731,Matrix Precision Engineering,VoucherNo_val_731,Amount_val_731,TaxRate_val_731,Date_val_731
732,Matrix Precision Engineering,VoucherNo_val_732,Amount_val_732,TaxRate_val_732,Date_val_732
733,Matrix Precision Engineering,VoucherNo_val_733,Amount_val_733,TaxRate_val_733,Date_val_733
734,Matrix Precision Engineering,VoucherNo_val_734,Amount_val_734,TaxRate_val_734,Date_val_734
735,Matrix Precision Engineering,VoucherNo_val_735,Amount_val_735,TaxRate_val_735,Date_val_735
736,Matrix Precision Engineering,VoucherNo_val_736,Amount_val_736,TaxRate_val_736,Date_val_736
737,Matrix Precision Engineering,VoucherNo_val_737,Amount_val_737,TaxRate_val_737,Date_val_737
738,Matrix Precision Engineering,VoucherNo_val_738,Amount_val_738,TaxRate_val_738,Date_val_738
739,Matrix Precision Engineering,VoucherNo_val_739,Amount_val_739,TaxRate_val_739,Date_val_739
740,Matrix Precision Engineering,VoucherNo_val_740,Amount_val_740,TaxRate_val_740,Date_val_740
741,Matrix Precision Engineering,VoucherNo_val_741,Amount_val_741,TaxRate_val_741,Date_val_741
742,Matrix Precision Engineering,VoucherNo_val_742,Amount_val_742,TaxRate_val_742,Date_val_742
743,Matrix Precision Engineering,VoucherNo_val_743,Amount_val_743,TaxRate_val_743,Date_val_743
744,Matrix Precision Engineering,VoucherNo_val_744,Amount_val_744,TaxRate_val_744,Date_val_744
745,Matrix Precision Engineering,VoucherNo_val_745,Amount_val_745,TaxRate_val_745,Date_val_745
746,Matrix Precision Engineering,VoucherNo_val_746,Amount_val_746,TaxRate_val_746,Date_val_746
747,Matrix Precision Engineering,VoucherNo_val_747,Amount_val_747,TaxRate_val_747,Date_val_747
748,Matrix Precision Engineering,VoucherNo_val_748,Amount_val_748,TaxRate_val_748,Date_val_748
749,Matrix Precision Engineering,VoucherNo_val_749,Amount_val_749,TaxRate_val_749,Date_val_749
750,Matrix Precision Engineering,VoucherNo_val_750,Amount_val_750,TaxRate_val_750,Date_val_750
751,Matrix Precision Engineering,VoucherNo_val_751,Amount_val_751,TaxRate_val_751,Date_val_751
752,Matrix Precision Engineering,VoucherNo_val_752,Amount_val_752,TaxRate_val_752,Date_val_752
753,Matrix Precision Engineering,VoucherNo_val_753,Amount_val_753,TaxRate_val_753,Date_val_753
754,Matrix Precision Engineering,VoucherNo_val_754,Amount_val_754,TaxRate_val_754,Date_val_754
755,Matrix Precision Engineering,VoucherNo_val_755,Amount_val_755,TaxRate_val_755,Date_val_755
756,Matrix Precision Engineering,VoucherNo_val_756,Amount_val_756,TaxRate_val_756,Date_val_756
757,Matrix Precision Engineering,VoucherNo_val_757,Amount_val_757,TaxRate_val_757,Date_val_757
758,Matrix Precision Engineering,VoucherNo_val_758,Amount_val_758,TaxRate_val_758,Date_val_758
759,Matrix Precision Engineering,VoucherNo_val_759,Amount_val_759,TaxRate_val_759,Date_val_759
760,Matrix Precision Engineering,VoucherNo_val_760,Amount_val_760,TaxRate_val_760,Date_val_760
761,Matrix Precision Engineering,VoucherNo_val_761,Amount_val_761,TaxRate_val_761,Date_val_761
762,Matrix Precision Engineering,VoucherNo_val_762,Amount_val_762,TaxRate_val_762,Date_val_762
763,Matrix Precision Engineering,VoucherNo_val_763,Amount_val_763,TaxRate_val_763,Date_val_763
764,Matrix Precision Engineering,VoucherNo_val_764,Amount_val_764,TaxRate_val_764,Date_val_764
765,Matrix Precision Engineering,VoucherNo_val_765,Amount_val_765,TaxRate_val_765,Date_val_765
766,Matrix Precision Engineering,VoucherNo_val_766,Amount_val_766,TaxRate_val_766,Date_val_766
767,Matrix Precision Engineering,VoucherNo_val_767,Amount_val_767,TaxRate_val_767,Date_val_767
768,Matrix Precision Engineering,VoucherNo_val_768,Amount_val_768,TaxRate_val_768,Date_val_768
769,Matrix Precision Engineering,VoucherNo_val_769,Amount_val_769,TaxRate_val_769,Date_val_769
770,Matrix Precision Engineering,VoucherNo_val_770,Amount_val_770,TaxRate_val_770,Date_val_770
771,Matrix Precision Engineering,VoucherNo_val_771,Amount_val_771,TaxRate_val_771,Date_val_771
772,Matrix Precision Engineering,VoucherNo_val_772,Amount_val_772,TaxRate_val_772,Date_val_772
773,Matrix Precision Engineering,VoucherNo_val_773,Amount_val_773,TaxRate_val_773,Date_val_773
774,Matrix Precision Engineering,VoucherNo_val_774,Amount_val_774,TaxRate_val_774,Date_val_774
775,Matrix Precision Engineering,VoucherNo_val_775,Amount_val_775,TaxRate_val_775,Date_val_775
776,Matrix Precision Engineering,VoucherNo_val_776,Amount_val_776,TaxRate_val_776,Date_val_776
777,Matrix Precision Engineering,VoucherNo_val_777,Amount_val_777,TaxRate_val_777,Date_val_777
778,Matrix Precision Engineering,VoucherNo_val_778,Amount_val_778,TaxRate_val_778,Date_val_778
779,Matrix Precision Engineering,VoucherNo_val_779,Amount_val_779,TaxRate_val_779,Date_val_779
780,Matrix Precision Engineering,VoucherNo_val_780,Amount_val_780,TaxRate_val_780,Date_val_780
781,Matrix Precision Engineering,VoucherNo_val_781,Amount_val_781,TaxRate_val_781,Date_val_781
782,Matrix Precision Engineering,VoucherNo_val_782,Amount_val_782,TaxRate_val_782,Date_val_782
783,Matrix Precision Engineering,VoucherNo_val_783,Amount_val_783,TaxRate_val_783,Date_val_783
784,Matrix Precision Engineering,VoucherNo_val_784,Amount_val_784,TaxRate_val_784,Date_val_784
785,Matrix Precision Engineering,VoucherNo_val_785,Amount_val_785,TaxRate_val_785,Date_val_785
786,Matrix Precision Engineering,VoucherNo_val_786,Amount_val_786,TaxRate_val_786,Date_val_786
787,Matrix Precision Engineering,VoucherNo_val_787,Amount_val_787,TaxRate_val_787,Date_val_787
788,Matrix Precision Engineering,VoucherNo_val_788,Amount_val_788,TaxRate_val_788,Date_val_788
789,Matrix Precision Engineering,VoucherNo_val_789,Amount_val_789,TaxRate_val_789,Date_val_789
790,Matrix Precision Engineering,VoucherNo_val_790,Amount_val_790,TaxRate_val_790,Date_val_790
791,Matrix Precision Engineering,VoucherNo_val_791,Amount_val_791,TaxRate_val_791,Date_val_791
792,Matrix Precision Engineering,VoucherNo_val_792,Amount_val_792,TaxRate_val_792,Date_val_792
793,Matrix Precision Engineering,VoucherNo_val_793,Amount_val_793,TaxRate_val_793,Date_val_793
794,Matrix Precision Engineering,VoucherNo_val_794,Amount_val_794,TaxRate_val_794,Date_val_794
795,Matrix Precision Engineering,VoucherNo_val_795,Amount_val_795,TaxRate_val_795,Date_val_795
796,Matrix Precision Engineering,VoucherNo_val_796,Amount_val_796,TaxRate_val_796,Date_val_796
797,Matrix Precision Engineering,VoucherNo_val_797,Amount_val_797,TaxRate_val_797,Date_val_797
798,Matrix Precision Engineering,VoucherNo_val_798,Amount_val_798,TaxRate_val_798,Date_val_798
799,Matrix Precision Engineering,VoucherNo_val_799,Amount_val_799,TaxRate_val_799,Date_val_799
800,Matrix Precision Engineering,VoucherNo_val_800,Amount_val_800,TaxRate_val_800,Date_val_800
801,Matrix Precision Engineering,VoucherNo_val_801,Amount_val_801,TaxRate_val_801,Date_val_801
802,Matrix Precision Engineering,VoucherNo_val_802,Amount_val_802,TaxRate_val_802,Date_val_802
803,Matrix Precision Engineering,VoucherNo_val_803,Amount_val_803,TaxRate_val_803,Date_val_803
804,Matrix Precision Engineering,VoucherNo_val_804,Amount_val_804,TaxRate_val_804,Date_val_804
805,Matrix Precision Engineering,VoucherNo_val_805,Amount_val_805,TaxRate_val_805,Date_val_805
806,Matrix Precision Engineering,VoucherNo_val_806,Amount_val_806,TaxRate_val_806,Date_val_806
807,Matrix Precision Engineering,VoucherNo_val_807,Amount_val_807,TaxRate_val_807,Date_val_807
808,Matrix Precision Engineering,VoucherNo_val_808,Amount_val_808,TaxRate_val_808,Date_val_808
809,Matrix Precision Engineering,VoucherNo_val_809,Amount_val_809,TaxRate_val_809,Date_val_809
810,Matrix Precision Engineering,VoucherNo_val_810,Amount_val_810,TaxRate_val_810,Date_val_810
811,Matrix Precision Engineering,VoucherNo_val_811,Amount_val_811,TaxRate_val_811,Date_val_811
812,Matrix Precision Engineering,VoucherNo_val_812,Amount_val_812,TaxRate_val_812,Date_val_812
813,Matrix Precision Engineering,VoucherNo_val_813,Amount_val_813,TaxRate_val_813,Date_val_813
814,Matrix Precision Engineering,VoucherNo_val_814,Amount_val_814,TaxRate_val_814,Date_val_814
815,Matrix Precision Engineering,VoucherNo_val_815,Amount_val_815,TaxRate_val_815,Date_val_815
816,Matrix Precision Engineering,VoucherNo_val_816,Amount_val_816,TaxRate_val_816,Date_val_816
817,Matrix Precision Engineering,VoucherNo_val_817,Amount_val_817,TaxRate_val_817,Date_val_817
818,Matrix Precision Engineering,VoucherNo_val_818,Amount_val_818,TaxRate_val_818,Date_val_818
819,Matrix Precision Engineering,VoucherNo_val_819,Amount_val_819,TaxRate_val_819,Date_val_819
820,Matrix Precision Engineering,VoucherNo_val_820,Amount_val_820,TaxRate_val_820,Date_val_820
821,Matrix Precision Engineering,VoucherNo_val_821,Amount_val_821,TaxRate_val_821,Date_val_821
822,Matrix Precision Engineering,VoucherNo_val_822,Amount_val_822,TaxRate_val_822,Date_val_822
823,Matrix Precision Engineering,VoucherNo_val_823,Amount_val_823,TaxRate_val_823,Date_val_823
824,Matrix Precision Engineering,VoucherNo_val_824,Amount_val_824,TaxRate_val_824,Date_val_824
825,Matrix Precision Engineering,VoucherNo_val_825,Amount_val_825,TaxRate_val_825,Date_val_825
826,Matrix Precision Engineering,VoucherNo_val_826,Amount_val_826,TaxRate_val_826,Date_val_826
827,Matrix Precision Engineering,VoucherNo_val_827,Amount_val_827,TaxRate_val_827,Date_val_827
828,Matrix Precision Engineering,VoucherNo_val_828,Amount_val_828,TaxRate_val_828,Date_val_828
829,Matrix Precision Engineering,VoucherNo_val_829,Amount_val_829,TaxRate_val_829,Date_val_829
830,Matrix Precision Engineering,VoucherNo_val_830,Amount_val_830,TaxRate_val_830,Date_val_830
831,Matrix Precision Engineering,VoucherNo_val_831,Amount_val_831,TaxRate_val_831,Date_val_831
832,Matrix Precision Engineering,VoucherNo_val_832,Amount_val_832,TaxRate_val_832,Date_val_832
833,Matrix Precision Engineering,VoucherNo_val_833,Amount_val_833,TaxRate_val_833,Date_val_833
834,Matrix Precision Engineering,VoucherNo_val_834,Amount_val_834,TaxRate_val_834,Date_val_834
835,Matrix Precision Engineering,VoucherNo_val_835,Amount_val_835,TaxRate_val_835,Date_val_835
836,Matrix Precision Engineering,VoucherNo_val_836,Amount_val_836,TaxRate_val_836,Date_val_836
837,Matrix Precision Engineering,VoucherNo_val_837,Amount_val_837,TaxRate_val_837,Date_val_837
838,Matrix Precision Engineering,VoucherNo_val_838,Amount_val_838,TaxRate_val_838,Date_val_838
839,Matrix Precision Engineering,VoucherNo_val_839,Amount_val_839,TaxRate_val_839,Date_val_839
840,Matrix Precision Engineering,VoucherNo_val_840,Amount_val_840,TaxRate_val_840,Date_val_840
841,Matrix Precision Engineering,VoucherNo_val_841,Amount_val_841,TaxRate_val_841,Date_val_841
842,Matrix Precision Engineering,VoucherNo_val_842,Amount_val_842,TaxRate_val_842,Date_val_842
843,Matrix Precision Engineering,VoucherNo_val_843,Amount_val_843,TaxRate_val_843,Date_val_843
844,Matrix Precision Engineering,VoucherNo_val_844,Amount_val_844,TaxRate_val_844,Date_val_844
845,Matrix Precision Engineering,VoucherNo_val_845,Amount_val_845,TaxRate_val_845,Date_val_845
846,Matrix Precision Engineering,VoucherNo_val_846,Amount_val_846,TaxRate_val_846,Date_val_846
847,Matrix Precision Engineering,VoucherNo_val_847,Amount_val_847,TaxRate_val_847,Date_val_847
848,Matrix Precision Engineering,VoucherNo_val_848,Amount_val_848,TaxRate_val_848,Date_val_848
849,Matrix Precision Engineering,VoucherNo_val_849,Amount_val_849,TaxRate_val_849,Date_val_849
850,Matrix Precision Engineering,VoucherNo_val_850,Amount_val_850,TaxRate_val_850,Date_val_850
851,Matrix Precision Engineering,VoucherNo_val_851,Amount_val_851,TaxRate_val_851,Date_val_851
852,Matrix Precision Engineering,VoucherNo_val_852,Amount_val_852,TaxRate_val_852,Date_val_852
853,Matrix Precision Engineering,VoucherNo_val_853,Amount_val_853,TaxRate_val_853,Date_val_853
854,Matrix Precision Engineering,VoucherNo_val_854,Amount_val_854,TaxRate_val_854,Date_val_854
855,Matrix Precision Engineering,VoucherNo_val_855,Amount_val_855,TaxRate_val_855,Date_val_855
856,Matrix Precision Engineering,VoucherNo_val_856,Amount_val_856,TaxRate_val_856,Date_val_856
857,Matrix Precision Engineering,VoucherNo_val_857,Amount_val_857,TaxRate_val_857,Date_val_857
858,Matrix Precision Engineering,VoucherNo_val_858,Amount_val_858,TaxRate_val_858,Date_val_858
859,Matrix Precision Engineering,VoucherNo_val_859,Amount_val_859,TaxRate_val_859,Date_val_859
860,Matrix Precision Engineering,VoucherNo_val_860,Amount_val_860,TaxRate_val_860,Date_val_860
861,Matrix Precision Engineering,VoucherNo_val_861,Amount_val_861,TaxRate_val_861,Date_val_861
862,Matrix Precision Engineering,VoucherNo_val_862,Amount_val_862,TaxRate_val_862,Date_val_862
863,Matrix Precision Engineering,VoucherNo_val_863,Amount_val_863,TaxRate_val_863,Date_val_863
864,Matrix Precision Engineering,VoucherNo_val_864,Amount_val_864,TaxRate_val_864,Date_val_864
865,Matrix Precision Engineering,VoucherNo_val_865,Amount_val_865,TaxRate_val_865,Date_val_865
866,Matrix Precision Engineering,VoucherNo_val_866,Amount_val_866,TaxRate_val_866,Date_val_866
867,Matrix Precision Engineering,VoucherNo_val_867,Amount_val_867,TaxRate_val_867,Date_val_867
868,Matrix Precision Engineering,VoucherNo_val_868,Amount_val_868,TaxRate_val_868,Date_val_868
869,Matrix Precision Engineering,VoucherNo_val_869,Amount_val_869,TaxRate_val_869,Date_val_869
870,Matrix Precision Engineering,VoucherNo_val_870,Amount_val_870,TaxRate_val_870,Date_val_870
871,Matrix Precision Engineering,VoucherNo_val_871,Amount_val_871,TaxRate_val_871,Date_val_871
872,Matrix Precision Engineering,VoucherNo_val_872,Amount_val_872,TaxRate_val_872,Date_val_872
873,Matrix Precision Engineering,VoucherNo_val_873,Amount_val_873,TaxRate_val_873,Date_val_873
874,Matrix Precision Engineering,VoucherNo_val_874,Amount_val_874,TaxRate_val_874,Date_val_874
875,Matrix Precision Engineering,VoucherNo_val_875,Amount_val_875,TaxRate_val_875,Date_val_875
876,Matrix Precision Engineering,VoucherNo_val_876,Amount_val_876,TaxRate_val_876,Date_val_876
877,Matrix Precision Engineering,VoucherNo_val_877,Amount_val_877,TaxRate_val_877,Date_val_877
878,Matrix Precision Engineering,VoucherNo_val_878,Amount_val_878,TaxRate_val_878,Date_val_878
879,Matrix Precision Engineering,VoucherNo_val_879,Amount_val_879,TaxRate_val_879,Date_val_879
880,Matrix Precision Engineering,VoucherNo_val_880,Amount_val_880,TaxRate_val_880,Date_val_880
881,Matrix Precision Engineering,VoucherNo_val_881,Amount_val_881,TaxRate_val_881,Date_val_881
882,Matrix Precision Engineering,VoucherNo_val_882,Amount_val_882,TaxRate_val_882,Date_val_882
883,Matrix Precision Engineering,VoucherNo_val_883,Amount_val_883,TaxRate_val_883,Date_val_883
884,Matrix Precision Engineering,VoucherNo_val_884,Amount_val_884,TaxRate_val_884,Date_val_884
885,Matrix Precision Engineering,VoucherNo_val_885,Amount_val_885,TaxRate_val_885,Date_val_885
886,Matrix Precision Engineering,VoucherNo_val_886,Amount_val_886,TaxRate_val_886,Date_val_886
887,Matrix Precision Engineering,VoucherNo_val_887,Amount_val_887,TaxRate_val_887,Date_val_887
888,Matrix Precision Engineering,VoucherNo_val_888,Amount_val_888,TaxRate_val_888,Date_val_888
889,Matrix Precision Engineering,VoucherNo_val_889,Amount_val_889,TaxRate_val_889,Date_val_889
890,Matrix Precision Engineering,VoucherNo_val_890,Amount_val_890,TaxRate_val_890,Date_val_890
891,Matrix Precision Engineering,VoucherNo_val_891,Amount_val_891,TaxRate_val_891,Date_val_891
892,Matrix Precision Engineering,VoucherNo_val_892,Amount_val_892,TaxRate_val_892,Date_val_892
893,Matrix Precision Engineering,VoucherNo_val_893,Amount_val_893,TaxRate_val_893,Date_val_893
894,Matrix Precision Engineering,VoucherNo_val_894,Amount_val_894,TaxRate_val_894,Date_val_894
895,Matrix Precision Engineering,VoucherNo_val_895,Amount_val_895,TaxRate_val_895,Date_val_895
896,Matrix Precision Engineering,VoucherNo_val_896,Amount_val_896,TaxRate_val_896,Date_val_896
897,Matrix Precision Engineering,VoucherNo_val_897,Amount_val_897,TaxRate_val_897,Date_val_897
898,Matrix Precision Engineering,VoucherNo_val_898,Amount_val_898,TaxRate_val_898,Date_val_898
899,Matrix Precision Engineering,VoucherNo_val_899,Amount_val_899,TaxRate_val_899,Date_val_899
900,Matrix Precision Engineering,VoucherNo_val_900,Amount_val_900,TaxRate_val_900,Date_val_900
901,Matrix Precision Engineering,VoucherNo_val_901,Amount_val_901,TaxRate_val_901,Date_val_901
902,Matrix Precision Engineering,VoucherNo_val_902,Amount_val_902,TaxRate_val_902,Date_val_902
903,Matrix Precision Engineering,VoucherNo_val_903,Amount_val_903,TaxRate_val_903,Date_val_903
904,Matrix Precision Engineering,VoucherNo_val_904,Amount_val_904,TaxRate_val_904,Date_val_904
905,Matrix Precision Engineering,VoucherNo_val_905,Amount_val_905,TaxRate_val_905,Date_val_905
906,Matrix Precision Engineering,VoucherNo_val_906,Amount_val_906,TaxRate_val_906,Date_val_906
907,Matrix Precision Engineering,VoucherNo_val_907,Amount_val_907,TaxRate_val_907,Date_val_907
908,Matrix Precision Engineering,VoucherNo_val_908,Amount_val_908,TaxRate_val_908,Date_val_908
909,Matrix Precision Engineering,VoucherNo_val_909,Amount_val_909,TaxRate_val_909,Date_val_909
910,Matrix Precision Engineering,VoucherNo_val_910,Amount_val_910,TaxRate_val_910,Date_val_910
911,Matrix Precision Engineering,VoucherNo_val_911,Amount_val_911,TaxRate_val_911,Date_val_911
912,Matrix Precision Engineering,VoucherNo_val_912,Amount_val_912,TaxRate_val_912,Date_val_912
913,Matrix Precision Engineering,VoucherNo_val_913,Amount_val_913,TaxRate_val_913,Date_val_913
914,Matrix Precision Engineering,VoucherNo_val_914,Amount_val_914,TaxRate_val_914,Date_val_914
915,Matrix Precision Engineering,VoucherNo_val_915,Amount_val_915,TaxRate_val_915,Date_val_915
916,Matrix Precision Engineering,VoucherNo_val_916,Amount_val_916,TaxRate_val_916,Date_val_916
917,Matrix Precision Engineering,VoucherNo_val_917,Amount_val_917,TaxRate_val_917,Date_val_917
918,Matrix Precision Engineering,VoucherNo_val_918,Amount_val_918,TaxRate_val_918,Date_val_918
919,Matrix Precision Engineering,VoucherNo_val_919,Amount_val_919,TaxRate_val_919,Date_val_919
920,Matrix Precision Engineering,VoucherNo_val_920,Amount_val_920,TaxRate_val_920,Date_val_920
921,Matrix Precision Engineering,VoucherNo_val_921,Amount_val_921,TaxRate_val_921,Date_val_921
922,Matrix Precision Engineering,VoucherNo_val_922,Amount_val_922,TaxRate_val_922,Date_val_922
923,Matrix Precision Engineering,VoucherNo_val_923,Amount_val_923,TaxRate_val_923,Date_val_923
924,Matrix Precision Engineering,VoucherNo_val_924,Amount_val_924,TaxRate_val_924,Date_val_924
925,Matrix Precision Engineering,VoucherNo_val_925,Amount_val_925,TaxRate_val_925,Date_val_925
926,Matrix Precision Engineering,VoucherNo_val_926,Amount_val_926,TaxRate_val_926,Date_val_926
927,Matrix Precision Engineering,VoucherNo_val_927,Amount_val_927,TaxRate_val_927,Date_val_927
928,Matrix Precision Engineering,VoucherNo_val_928,Amount_val_928,TaxRate_val_928,Date_val_928
929,Matrix Precision Engineering,VoucherNo_val_929,Amount_val_929,TaxRate_val_929,Date_val_929
930,Matrix Precision Engineering,VoucherNo_val_930,Amount_val_930,TaxRate_val_930,Date_val_930
931,Matrix Precision Engineering,VoucherNo_val_931,Amount_val_931,TaxRate_val_931,Date_val_931
932,Matrix Precision Engineering,VoucherNo_val_932,Amount_val_932,TaxRate_val_932,Date_val_932
933,Matrix Precision Engineering,VoucherNo_val_933,Amount_val_933,TaxRate_val_933,Date_val_933
934,Matrix Precision Engineering,VoucherNo_val_934,Amount_val_934,TaxRate_val_934,Date_val_934
935,Matrix Precision Engineering,VoucherNo_val_935,Amount_val_935,TaxRate_val_935,Date_val_935
936,Matrix Precision Engineering,VoucherNo_val_936,Amount_val_936,TaxRate_val_936,Date_val_936
937,Matrix Precision Engineering,VoucherNo_val_937,Amount_val_937,TaxRate_val_937,Date_val_937
938,Matrix Precision Engineering,VoucherNo_val_938,Amount_val_938,TaxRate_val_938,Date_val_938
939,Matrix Precision Engineering,VoucherNo_val_939,Amount_val_939,TaxRate_val_939,Date_val_939
940,Matrix Precision Engineering,VoucherNo_val_940,Amount_val_940,TaxRate_val_940,Date_val_940
941,Matrix Precision Engineering,VoucherNo_val_941,Amount_val_941,TaxRate_val_941,Date_val_941
942,Matrix Precision Engineering,VoucherNo_val_942,Amount_val_942,TaxRate_val_942,Date_val_942
943,Matrix Precision Engineering,VoucherNo_val_943,Amount_val_943,TaxRate_val_943,Date_val_943
944,Matrix Precision Engineering,VoucherNo_val_944,Amount_val_944,TaxRate_val_944,Date_val_944
945,Matrix Precision Engineering,VoucherNo_val_945,Amount_val_945,TaxRate_val_945,Date_val_945
946,Matrix Precision Engineering,VoucherNo_val_946,Amount_val_946,TaxRate_val_946,Date_val_946
947,Matrix Precision Engineering,VoucherNo_val_947,Amount_val_947,TaxRate_val_947,Date_val_947
948,Matrix Precision Engineering,VoucherNo_val_948,Amount_val_948,TaxRate_val_948,Date_val_948
949,Matrix Precision Engineering,VoucherNo_val_949,Amount_val_949,TaxRate_val_949,Date_val_949
950,Matrix Precision Engineering,VoucherNo_val_950,Amount_val_950,TaxRate_val_950,Date_val_950
951,Matrix Precision Engineering,VoucherNo_val_951,Amount_val_951,TaxRate_val_951,Date_val_951
952,Matrix Precision Engineering,VoucherNo_val_952,Amount_val_952,TaxRate_val_952,Date_val_952
953,Matrix Precision Engineering,VoucherNo_val_953,Amount_val_953,TaxRate_val_953,Date_val_953
954,Matrix Precision Engineering,VoucherNo_val_954,Amount_val_954,TaxRate_val_954,Date_val_954
955,Matrix Precision Engineering,VoucherNo_val_955,Amount_val_955,TaxRate_val_955,Date_val_955
956,Matrix Precision Engineering,VoucherNo_val_956,Amount_val_956,TaxRate_val_956,Date_val_956
957,Matrix Precision Engineering,VoucherNo_val_957,Amount_val_957,TaxRate_val_957,Date_val_957
958,Matrix Precision Engineering,VoucherNo_val_958,Amount_val_958,TaxRate_val_958,Date_val_958
959,Matrix Precision Engineering,VoucherNo_val_959,Amount_val_959,TaxRate_val_959,Date_val_959
960,Matrix Precision Engineering,VoucherNo_val_960,Amount_val_960,TaxRate_val_960,Date_val_960
961,Matrix Precision Engineering,VoucherNo_val_961,Amount_val_961,TaxRate_val_961,Date_val_961
962,Matrix Precision Engineering,VoucherNo_val_962,Amount_val_962,TaxRate_val_962,Date_val_962
963,Matrix Precision Engineering,VoucherNo_val_963,Amount_val_963,TaxRate_val_963,Date_val_963
964,Matrix Precision Engineering,VoucherNo_val_964,Amount_val_964,TaxRate_val_964,Date_val_964
965,Matrix Precision Engineering,VoucherNo_val_965,Amount_val_965,TaxRate_val_965,Date_val_965
966,Matrix Precision Engineering,VoucherNo_val_966,Amount_val_966,TaxRate_val_966,Date_val_966
967,Matrix Precision Engineering,VoucherNo_val_967,Amount_val_967,TaxRate_val_967,Date_val_967
968,Matrix Precision Engineering,VoucherNo_val_968,Amount_val_968,TaxRate_val_968,Date_val_968
969,Matrix Precision Engineering,VoucherNo_val_969,Amount_val_969,TaxRate_val_969,Date_val_969
970,Matrix Precision Engineering,VoucherNo_val_970,Amount_val_970,TaxRate_val_970,Date_val_970
971,Matrix Precision Engineering,VoucherNo_val_971,Amount_val_971,TaxRate_val_971,Date_val_971
972,Matrix Precision Engineering,VoucherNo_val_972,Amount_val_972,TaxRate_val_972,Date_val_972
973,Matrix Precision Engineering,VoucherNo_val_973,Amount_val_973,TaxRate_val_973,Date_val_973
974,Matrix Precision Engineering,VoucherNo_val_974,Amount_val_974,TaxRate_val_974,Date_val_974
975,Matrix Precision Engineering,VoucherNo_val_975,Amount_val_975,TaxRate_val_975,Date_val_975
976,Matrix Precision Engineering,VoucherNo_val_976,Amount_val_976,TaxRate_val_976,Date_val_976
977,Matrix Precision Engineering,VoucherNo_val_977,Amount_val_977,TaxRate_val_977,Date_val_977
978,Matrix Precision Engineering,VoucherNo_val_978,Amount_val_978,TaxRate_val_978,Date_val_978
979,Matrix Precision Engineering,VoucherNo_val_979,Amount_val_979,TaxRate_val_979,Date_val_979
980,Matrix Precision Engineering,VoucherNo_val_980,Amount_val_980,TaxRate_val_980,Date_val_980
981,Matrix Precision Engineering,VoucherNo_val_981,Amount_val_981,TaxRate_val_981,Date_val_981
982,Matrix Precision Engineering,VoucherNo_val_982,Amount_val_982,TaxRate_val_982,Date_val_982
983,Matrix Precision Engineering,VoucherNo_val_983,Amount_val_983,TaxRate_val_983,Date_val_983
984,Matrix Precision Engineering,VoucherNo_val_984,Amount_val_984,TaxRate_val_984,Date_val_984
985,Matrix Precision Engineering,VoucherNo_val_985,Amount_val_985,TaxRate_val_985,Date_val_985
986,Matrix Precision Engineering,VoucherNo_val_986,Amount_val_986,TaxRate_val_986,Date_val_986
987,Matrix Precision Engineering,VoucherNo_val_987,Amount_val_987,TaxRate_val_987,Date_val_987
988,Matrix Precision Engineering,VoucherNo_val_988,Amount_val_988,TaxRate_val_988,Date_val_988
989,Matrix Precision Engineering,VoucherNo_val_989,Amount_val_989,TaxRate_val_989,Date_val_989
990,Matrix Precision Engineering,VoucherNo_val_990,Amount_val_990,TaxRate_val_990,Date_val_990
991,Matrix Precision Engineering,VoucherNo_val_991,Amount_val_991,TaxRate_val_991,Date_val_991
992,Matrix Precision Engineering,VoucherNo_val_992,Amount_val_992,TaxRate_val_992,Date_val_992
993,Matrix Precision Engineering,VoucherNo_val_993,Amount_val_993,TaxRate_val_993,Date_val_993
994,Matrix Precision Engineering,VoucherNo_val_994,Amount_val_994,TaxRate_val_994,Date_val_994
995,Matrix Precision Engineering,VoucherNo_val_995,Amount_val_995,TaxRate_val_995,Date_val_995
996,Matrix Precision Engineering,VoucherNo_val_996,Amount_val_996,TaxRate_val_996,Date_val_996
997,Matrix Precision Engineering,VoucherNo_val_997,Amount_val_997,TaxRate_val_997,Date_val_997
998,Matrix Precision Engineering,VoucherNo_val_998,Amount_val_998,TaxRate_val_998,Date_val_998
999,Matrix Precision Engineering,VoucherNo_val_999,Amount_val_999,TaxRate_val_999,Date_val_999
1000,Matrix Precision Engineering,VoucherNo_val_1000,Amount_val_1000,TaxRate_val_1000,Date_val_1000
1001,Matrix Precision Engineering,VoucherNo_val_1001,Amount_val_1001,TaxRate_val_1001,Date_val_1001
1002,Matrix Precision Engineering,VoucherNo_val_1002,Amount_val_1002,TaxRate_val_1002,Date_val_1002
1003,Matrix Precision Engineering,VoucherNo_val_1003,Amount_val_1003,TaxRate_val_1003,Date_val_1003
1004,Matrix Precision Engineering,VoucherNo_val_1004,Amount_val_1004,TaxRate_val_1004,Date_val_1004
1005,Matrix Precision Engineering,VoucherNo_val_1005,Amount_val_1005,TaxRate_val_1005,Date_val_1005
1006,Matrix Precision Engineering,VoucherNo_val_1006,Amount_val_1006,TaxRate_val_1006,Date_val_1006
1007,Matrix Precision Engineering,VoucherNo_val_1007,Amount_val_1007,TaxRate_val_1007,Date_val_1007
1008,Matrix Precision Engineering,VoucherNo_val_1008,Amount_val_1008,TaxRate_val_1008,Date_val_1008
1009,Matrix Precision Engineering,VoucherNo_val_1009,Amount_val_1009,TaxRate_val_1009,Date_val_1009
1010,Matrix Precision Engineering,VoucherNo_val_1010,Amount_val_1010,TaxRate_val_1010,Date_val_1010
1011,Matrix Precision Engineering,VoucherNo_val_1011,Amount_val_1011,TaxRate_val_1011,Date_val_1011
1012,Matrix Precision Engineering,VoucherNo_val_1012,Amount_val_1012,TaxRate_val_1012,Date_val_1012
1013,Matrix Precision Engineering,VoucherNo_val_1013,Amount_val_1013,TaxRate_val_1013,Date_val_1013
1014,Matrix Precision Engineering,VoucherNo_val_1014,Amount_val_1014,TaxRate_val_1014,Date_val_1014
1015,Matrix Precision Engineering,VoucherNo_val_1015,Amount_val_1015,TaxRate_val_1015,Date_val_1015
1016,Matrix Precision Engineering,VoucherNo_val_1016,Amount_val_1016,TaxRate_val_1016,Date_val_1016
1017,Matrix Precision Engineering,VoucherNo_val_1017,Amount_val_1017,TaxRate_val_1017,Date_val_1017
1018,Matrix Precision Engineering,VoucherNo_val_1018,Amount_val_1018,TaxRate_val_1018,Date_val_1018
1019,Matrix Precision Engineering,VoucherNo_val_1019,Amount_val_1019,TaxRate_val_1019,Date_val_1019
1020,Matrix Precision Engineering,VoucherNo_val_1020,Amount_val_1020,TaxRate_val_1020,Date_val_1020
1021,Matrix Precision Engineering,VoucherNo_val_1021,Amount_val_1021,TaxRate_val_1021,Date_val_1021
1022,Matrix Precision Engineering,VoucherNo_val_1022,Amount_val_1022,TaxRate_val_1022,Date_val_1022
1023,Matrix Precision Engineering,VoucherNo_val_1023,Amount_val_1023,TaxRate_val_1023,Date_val_1023
1024,Matrix Precision Engineering,VoucherNo_val_1024,Amount_val_1024,TaxRate_val_1024,Date_val_1024
1025,Matrix Precision Engineering,VoucherNo_val_1025,Amount_val_1025,TaxRate_val_1025,Date_val_1025
1026,Matrix Precision Engineering,VoucherNo_val_1026,Amount_val_1026,TaxRate_val_1026,Date_val_1026
1027,Matrix Precision Engineering,VoucherNo_val_1027,Amount_val_1027,TaxRate_val_1027,Date_val_1027
1028,Matrix Precision Engineering,VoucherNo_val_1028,Amount_val_1028,TaxRate_val_1028,Date_val_1028
1029,Matrix Precision Engineering,VoucherNo_val_1029,Amount_val_1029,TaxRate_val_1029,Date_val_1029
1030,Matrix Precision Engineering,VoucherNo_val_1030,Amount_val_1030,TaxRate_val_1030,Date_val_1030
1031,Matrix Precision Engineering,VoucherNo_val_1031,Amount_val_1031,TaxRate_val_1031,Date_val_1031
1032,Matrix Precision Engineering,VoucherNo_val_1032,Amount_val_1032,TaxRate_val_1032,Date_val_1032
1033,Matrix Precision Engineering,VoucherNo_val_1033,Amount_val_1033,TaxRate_val_1033,Date_val_1033
1034,Matrix Precision Engineering,VoucherNo_val_1034,Amount_val_1034,TaxRate_val_1034,Date_val_1034
1035,Matrix Precision Engineering,VoucherNo_val_1035,Amount_val_1035,TaxRate_val_1035,Date_val_1035
1036,Matrix Precision Engineering,VoucherNo_val_1036,Amount_val_1036,TaxRate_val_1036,Date_val_1036
1037,Matrix Precision Engineering,VoucherNo_val_1037,Amount_val_1037,TaxRate_val_1037,Date_val_1037
1038,Matrix Precision Engineering,VoucherNo_val_1038,Amount_val_1038,TaxRate_val_1038,Date_val_1038
1039,Matrix Precision Engineering,VoucherNo_val_1039,Amount_val_1039,TaxRate_val_1039,Date_val_1039
1040,Matrix Precision Engineering,VoucherNo_val_1040,Amount_val_1040,TaxRate_val_1040,Date_val_1040
1041,Matrix Precision Engineering,VoucherNo_val_1041,Amount_val_1041,TaxRate_val_1041,Date_val_1041
1042,Matrix Precision Engineering,VoucherNo_val_1042,Amount_val_1042,TaxRate_val_1042,Date_val_1042
1043,Matrix Precision Engineering,VoucherNo_val_1043,Amount_val_1043,TaxRate_val_1043,Date_val_1043
1044,Matrix Precision Engineering,VoucherNo_val_1044,Amount_val_1044,TaxRate_val_1044,Date_val_1044
1045,Matrix Precision Engineering,VoucherNo_val_1045,Amount_val_1045,TaxRate_val_1045,Date_val_1045
1046,Matrix Precision Engineering,VoucherNo_val_1046,Amount_val_1046,TaxRate_val_1046,Date_val_1046
1047,Matrix Precision Engineering,VoucherNo_val_1047,Amount_val_1047,TaxRate_val_1047,Date_val_1047
1048,Matrix Precision Engineering,VoucherNo_val_1048,Amount_val_1048,TaxRate_val_1048,Date_val_1048
1049,Matrix Precision Engineering,VoucherNo_val_1049,Amount_val_1049,TaxRate_val_1049,Date_val_1049
1050,Matrix Precision Engineering,VoucherNo_val_1050,Amount_val_1050,TaxRate_val_1050,Date_val_1050
1051,Matrix Precision Engineering,VoucherNo_val_1051,Amount_val_1051,TaxRate_val_1051,Date_val_1051
1052,Matrix Precision Engineering,VoucherNo_val_1052,Amount_val_1052,TaxRate_val_1052,Date_val_1052
1053,Matrix Precision Engineering,VoucherNo_val_1053,Amount_val_1053,TaxRate_val_1053,Date_val_1053
1054,Matrix Precision Engineering,VoucherNo_val_1054,Amount_val_1054,TaxRate_val_1054,Date_val_1054
1055,Matrix Precision Engineering,VoucherNo_val_1055,Amount_val_1055,TaxRate_val_1055,Date_val_1055
1056,Matrix Precision Engineering,VoucherNo_val_1056,Amount_val_1056,TaxRate_val_1056,Date_val_1056
1057,Matrix Precision Engineering,VoucherNo_val_1057,Amount_val_1057,TaxRate_val_1057,Date_val_1057
1058,Matrix Precision Engineering,VoucherNo_val_1058,Amount_val_1058,TaxRate_val_1058,Date_val_1058
1059,Matrix Precision Engineering,VoucherNo_val_1059,Amount_val_1059,TaxRate_val_1059,Date_val_1059
1060,Matrix Precision Engineering,VoucherNo_val_1060,Amount_val_1060,TaxRate_val_1060,Date_val_1060
1061,Matrix Precision Engineering,VoucherNo_val_1061,Amount_val_1061,TaxRate_val_1061,Date_val_1061
1062,Matrix Precision Engineering,VoucherNo_val_1062,Amount_val_1062,TaxRate_val_1062,Date_val_1062
1063,Matrix Precision Engineering,VoucherNo_val_1063,Amount_val_1063,TaxRate_val_1063,Date_val_1063
1064,Matrix Precision Engineering,VoucherNo_val_1064,Amount_val_1064,TaxRate_val_1064,Date_val_1064
1065,Matrix Precision Engineering,VoucherNo_val_1065,Amount_val_1065,TaxRate_val_1065,Date_val_1065
1066,Matrix Precision Engineering,VoucherNo_val_1066,Amount_val_1066,TaxRate_val_1066,Date_val_1066
1067,Matrix Precision Engineering,VoucherNo_val_1067,Amount_val_1067,TaxRate_val_1067,Date_val_1067
1068,Matrix Precision Engineering,VoucherNo_val_1068,Amount_val_1068,TaxRate_val_1068,Date_val_1068
1069,Matrix Precision Engineering,VoucherNo_val_1069,Amount_val_1069,TaxRate_val_1069,Date_val_1069
1070,Matrix Precision Engineering,VoucherNo_val_1070,Amount_val_1070,TaxRate_val_1070,Date_val_1070
1071,Matrix Precision Engineering,VoucherNo_val_1071,Amount_val_1071,TaxRate_val_1071,Date_val_1071
1072,Matrix Precision Engineering,VoucherNo_val_1072,Amount_val_1072,TaxRate_val_1072,Date_val_1072
1073,Matrix Precision Engineering,VoucherNo_val_1073,Amount_val_1073,TaxRate_val_1073,Date_val_1073
1074,Matrix Precision Engineering,VoucherNo_val_1074,Amount_val_1074,TaxRate_val_1074,Date_val_1074
1075,Matrix Precision Engineering,VoucherNo_val_1075,Amount_val_1075,TaxRate_val_1075,Date_val_1075
1076,Matrix Precision Engineering,VoucherNo_val_1076,Amount_val_1076,TaxRate_val_1076,Date_val_1076
1077,Matrix Precision Engineering,VoucherNo_val_1077,Amount_val_1077,TaxRate_val_1077,Date_val_1077
1078,Matrix Precision Engineering,VoucherNo_val_1078,Amount_val_1078,TaxRate_val_1078,Date_val_1078
1079,Matrix Precision Engineering,VoucherNo_val_1079,Amount_val_1079,TaxRate_val_1079,Date_val_1079
1080,Matrix Precision Engineering,VoucherNo_val_1080,Amount_val_1080,TaxRate_val_1080,Date_val_1080
1081,Matrix Precision Engineering,VoucherNo_val_1081,Amount_val_1081,TaxRate_val_1081,Date_val_1081
1082,Matrix Precision Engineering,VoucherNo_val_1082,Amount_val_1082,TaxRate_val_1082,Date_val_1082
1083,Matrix Precision Engineering,VoucherNo_val_1083,Amount_val_1083,TaxRate_val_1083,Date_val_1083
1084,Matrix Precision Engineering,VoucherNo_val_1084,Amount_val_1084,TaxRate_val_1084,Date_val_1084
1085,Matrix Precision Engineering,VoucherNo_val_1085,Amount_val_1085,TaxRate_val_1085,Date_val_1085
1086,Matrix Precision Engineering,VoucherNo_val_1086,Amount_val_1086,TaxRate_val_1086,Date_val_1086
1087,Matrix Precision Engineering,VoucherNo_val_1087,Amount_val_1087,TaxRate_val_1087,Date_val_1087
1088,Matrix Precision Engineering,VoucherNo_val_1088,Amount_val_1088,TaxRate_val_1088,Date_val_1088
1089,Matrix Precision Engineering,VoucherNo_val_1089,Amount_val_1089,TaxRate_val_1089,Date_val_1089
1090,Matrix Precision Engineering,VoucherNo_val_1090,Amount_val_1090,TaxRate_val_1090,Date_val_1090
1091,Matrix Precision Engineering,VoucherNo_val_1091,Amount_val_1091,TaxRate_val_1091,Date_val_1091
1092,Matrix Precision Engineering,VoucherNo_val_1092,Amount_val_1092,TaxRate_val_1092,Date_val_1092
1093,Matrix Precision Engineering,VoucherNo_val_1093,Amount_val_1093,TaxRate_val_1093,Date_val_1093
1094,Matrix Precision Engineering,VoucherNo_val_1094,Amount_val_1094,TaxRate_val_1094,Date_val_1094
1095,Matrix Precision Engineering,VoucherNo_val_1095,Amount_val_1095,TaxRate_val_1095,Date_val_1095
1096,Matrix Precision Engineering,VoucherNo_val_1096,Amount_val_1096,TaxRate_val_1096,Date_val_1096
1097,Matrix Precision Engineering,VoucherNo_val_1097,Amount_val_1097,TaxRate_val_1097,Date_val_1097
1098,Matrix Precision Engineering,VoucherNo_val_1098,Amount_val_1098,TaxRate_val_1098,Date_val_1098
1099,Matrix Precision Engineering,VoucherNo_val_1099,Amount_val_1099,TaxRate_val_1099,Date_val_1099
1100,Matrix Precision Engineering,VoucherNo_val_1100,Amount_val_1100,TaxRate_val_1100,Date_val_1100
1101,Matrix Precision Engineering,VoucherNo_val_1101,Amount_val_1101,TaxRate_val_1101,Date_val_1101
1102,Matrix Precision Engineering,VoucherNo_val_1102,Amount_val_1102,TaxRate_val_1102,Date_val_1102
1103,Matrix Precision Engineering,VoucherNo_val_1103,Amount_val_1103,TaxRate_val_1103,Date_val_1103
1104,Matrix Precision Engineering,VoucherNo_val_1104,Amount_val_1104,TaxRate_val_1104,Date_val_1104
1105,Matrix Precision Engineering,VoucherNo_val_1105,Amount_val_1105,TaxRate_val_1105,Date_val_1105
1106,Matrix Precision Engineering,VoucherNo_val_1106,Amount_val_1106,TaxRate_val_1106,Date_val_1106
1107,Matrix Precision Engineering,VoucherNo_val_1107,Amount_val_1107,TaxRate_val_1107,Date_val_1107
1108,Matrix Precision Engineering,VoucherNo_val_1108,Amount_val_1108,TaxRate_val_1108,Date_val_1108
1109,Matrix Precision Engineering,VoucherNo_val_1109,Amount_val_1109,TaxRate_val_1109,Date_val_1109
1110,Matrix Precision Engineering,VoucherNo_val_1110,Amount_val_1110,TaxRate_val_1110,Date_val_1110
1111,Matrix Precision Engineering,VoucherNo_val_1111,Amount_val_1111,TaxRate_val_1111,Date_val_1111
1112,Matrix Precision Engineering,VoucherNo_val_1112,Amount_val_1112,TaxRate_val_1112,Date_val_1112
1113,Matrix Precision Engineering,VoucherNo_val_1113,Amount_val_1113,TaxRate_val_1113,Date_val_1113
1114,Matrix Precision Engineering,VoucherNo_val_1114,Amount_val_1114,TaxRate_val_1114,Date_val_1114
1115,Matrix Precision Engineering,VoucherNo_val_1115,Amount_val_1115,TaxRate_val_1115,Date_val_1115
1116,Matrix Precision Engineering,VoucherNo_val_1116,Amount_val_1116,TaxRate_val_1116,Date_val_1116
1117,Matrix Precision Engineering,VoucherNo_val_1117,Amount_val_1117,TaxRate_val_1117,Date_val_1117
1118,Matrix Precision Engineering,VoucherNo_val_1118,Amount_val_1118,TaxRate_val_1118,Date_val_1118
1119,Matrix Precision Engineering,VoucherNo_val_1119,Amount_val_1119,TaxRate_val_1119,Date_val_1119
1120,Matrix Precision Engineering,VoucherNo_val_1120,Amount_val_1120,TaxRate_val_1120,Date_val_1120
1121,Matrix Precision Engineering,VoucherNo_val_1121,Amount_val_1121,TaxRate_val_1121,Date_val_1121
1122,Matrix Precision Engineering,VoucherNo_val_1122,Amount_val_1122,TaxRate_val_1122,Date_val_1122
1123,Matrix Precision Engineering,VoucherNo_val_1123,Amount_val_1123,TaxRate_val_1123,Date_val_1123
1124,Matrix Precision Engineering,VoucherNo_val_1124,Amount_val_1124,TaxRate_val_1124,Date_val_1124
1125,Matrix Precision Engineering,VoucherNo_val_1125,Amount_val_1125,TaxRate_val_1125,Date_val_1125
1126,Matrix Precision Engineering,VoucherNo_val_1126,Amount_val_1126,TaxRate_val_1126,Date_val_1126
1127,Matrix Precision Engineering,VoucherNo_val_1127,Amount_val_1127,TaxRate_val_1127,Date_val_1127
1128,Matrix Precision Engineering,VoucherNo_val_1128,Amount_val_1128,TaxRate_val_1128,Date_val_1128
1129,Matrix Precision Engineering,VoucherNo_val_1129,Amount_val_1129,TaxRate_val_1129,Date_val_1129
1130,Matrix Precision Engineering,VoucherNo_val_1130,Amount_val_1130,TaxRate_val_1130,Date_val_1130
1131,Matrix Precision Engineering,VoucherNo_val_1131,Amount_val_1131,TaxRate_val_1131,Date_val_1131
1132,Matrix Precision Engineering,VoucherNo_val_1132,Amount_val_1132,TaxRate_val_1132,Date_val_1132
1133,Matrix Precision Engineering,VoucherNo_val_1133,Amount_val_1133,TaxRate_val_1133,Date_val_1133
1134,Matrix Precision Engineering,VoucherNo_val_1134,Amount_val_1134,TaxRate_val_1134,Date_val_1134
1135,Matrix Precision Engineering,VoucherNo_val_1135,Amount_val_1135,TaxRate_val_1135,Date_val_1135
1136,Matrix Precision Engineering,VoucherNo_val_1136,Amount_val_1136,TaxRate_val_1136,Date_val_1136
1137,Matrix Precision Engineering,VoucherNo_val_1137,Amount_val_1137,TaxRate_val_1137,Date_val_1137
1138,Matrix Precision Engineering,VoucherNo_val_1138,Amount_val_1138,TaxRate_val_1138,Date_val_1138
1139,Matrix Precision Engineering,VoucherNo_val_1139,Amount_val_1139,TaxRate_val_1139,Date_val_1139
1140,Matrix Precision Engineering,VoucherNo_val_1140,Amount_val_1140,TaxRate_val_1140,Date_val_1140
1141,Matrix Precision Engineering,VoucherNo_val_1141,Amount_val_1141,TaxRate_val_1141,Date_val_1141
1142,Matrix Precision Engineering,VoucherNo_val_1142,Amount_val_1142,TaxRate_val_1142,Date_val_1142
1143,Matrix Precision Engineering,VoucherNo_val_1143,Amount_val_1143,TaxRate_val_1143,Date_val_1143
1144,Matrix Precision Engineering,VoucherNo_val_1144,Amount_val_1144,TaxRate_val_1144,Date_val_1144
1145,Matrix Precision Engineering,VoucherNo_val_1145,Amount_val_1145,TaxRate_val_1145,Date_val_1145
1146,Matrix Precision Engineering,VoucherNo_val_1146,Amount_val_1146,TaxRate_val_1146,Date_val_1146
1147,Matrix Precision Engineering,VoucherNo_val_1147,Amount_val_1147,TaxRate_val_1147,Date_val_1147
1148,Matrix Precision Engineering,VoucherNo_val_1148,Amount_val_1148,TaxRate_val_1148,Date_val_1148
1149,Matrix Precision Engineering,VoucherNo_val_1149,Amount_val_1149,TaxRate_val_1149,Date_val_1149
1150,Matrix Precision Engineering,VoucherNo_val_1150,Amount_val_1150,TaxRate_val_1150,Date_val_1150
1151,Matrix Precision Engineering,VoucherNo_val_1151,Amount_val_1151,TaxRate_val_1151,Date_val_1151
1152,Matrix Precision Engineering,VoucherNo_val_1152,Amount_val_1152,TaxRate_val_1152,Date_val_1152
1153,Matrix Precision Engineering,VoucherNo_val_1153,Amount_val_1153,TaxRate_val_1153,Date_val_1153
1154,Matrix Precision Engineering,VoucherNo_val_1154,Amount_val_1154,TaxRate_val_1154,Date_val_1154
1155,Matrix Precision Engineering,VoucherNo_val_1155,Amount_val_1155,TaxRate_val_1155,Date_val_1155
1156,Matrix Precision Engineering,VoucherNo_val_1156,Amount_val_1156,TaxRate_val_1156,Date_val_1156
1157,Matrix Precision Engineering,VoucherNo_val_1157,Amount_val_1157,TaxRate_val_1157,Date_val_1157
1158,Matrix Precision Engineering,VoucherNo_val_1158,Amount_val_1158,TaxRate_val_1158,Date_val_1158
1159,Matrix Precision Engineering,VoucherNo_val_1159,Amount_val_1159,TaxRate_val_1159,Date_val_1159
1160,Matrix Precision Engineering,VoucherNo_val_1160,Amount_val_1160,TaxRate_val_1160,Date_val_1160
1161,Matrix Precision Engineering,VoucherNo_val_1161,Amount_val_1161,TaxRate_val_1161,Date_val_1161
1162,Matrix Precision Engineering,VoucherNo_val_1162,Amount_val_1162,TaxRate_val_1162,Date_val_1162
1163,Matrix Precision Engineering,VoucherNo_val_1163,Amount_val_1163,TaxRate_val_1163,Date_val_1163
1164,Matrix Precision Engineering,VoucherNo_val_1164,Amount_val_1164,TaxRate_val_1164,Date_val_1164
1165,Matrix Precision Engineering,VoucherNo_val_1165,Amount_val_1165,TaxRate_val_1165,Date_val_1165
1166,Matrix Precision Engineering,VoucherNo_val_1166,Amount_val_1166,TaxRate_val_1166,Date_val_1166
1167,Matrix Precision Engineering,VoucherNo_val_1167,Amount_val_1167,TaxRate_val_1167,Date_val_1167
1168,Matrix Precision Engineering,VoucherNo_val_1168,Amount_val_1168,TaxRate_val_1168,Date_val_1168
1169,Matrix Precision Engineering,VoucherNo_val_1169,Amount_val_1169,TaxRate_val_1169,Date_val_1169
1170,Matrix Precision Engineering,VoucherNo_val_1170,Amount_val_1170,TaxRate_val_1170,Date_val_1170
1171,Matrix Precision Engineering,VoucherNo_val_1171,Amount_val_1171,TaxRate_val_1171,Date_val_1171
1172,Matrix Precision Engineering,VoucherNo_val_1172,Amount_val_1172,TaxRate_val_1172,Date_val_1172
1173,Matrix Precision Engineering,VoucherNo_val_1173,Amount_val_1173,TaxRate_val_1173,Date_val_1173
1174,Matrix Precision Engineering,VoucherNo_val_1174,Amount_val_1174,TaxRate_val_1174,Date_val_1174
1175,Matrix Precision Engineering,VoucherNo_val_1175,Amount_val_1175,TaxRate_val_1175,Date_val_1175
1176,Matrix Precision Engineering,VoucherNo_val_1176,Amount_val_1176,TaxRate_val_1176,Date_val_1176
1177,Matrix Precision Engineering,VoucherNo_val_1177,Amount_val_1177,TaxRate_val_1177,Date_val_1177
1178,Matrix Precision Engineering,VoucherNo_val_1178,Amount_val_1178,TaxRate_val_1178,Date_val_1178
1179,Matrix Precision Engineering,VoucherNo_val_1179,Amount_val_1179,TaxRate_val_1179,Date_val_1179
1180,Matrix Precision Engineering,VoucherNo_val_1180,Amount_val_1180,TaxRate_val_1180,Date_val_1180
1181,Matrix Precision Engineering,VoucherNo_val_1181,Amount_val_1181,TaxRate_val_1181,Date_val_1181
1182,Matrix Precision Engineering,VoucherNo_val_1182,Amount_val_1182,TaxRate_val_1182,Date_val_1182
1183,Matrix Precision Engineering,VoucherNo_val_1183,Amount_val_1183,TaxRate_val_1183,Date_val_1183
1184,Matrix Precision Engineering,VoucherNo_val_1184,Amount_val_1184,TaxRate_val_1184,Date_val_1184
1185,Matrix Precision Engineering,VoucherNo_val_1185,Amount_val_1185,TaxRate_val_1185,Date_val_1185
1186,Matrix Precision Engineering,VoucherNo_val_1186,Amount_val_1186,TaxRate_val_1186,Date_val_1186
1187,Matrix Precision Engineering,VoucherNo_val_1187,Amount_val_1187,TaxRate_val_1187,Date_val_1187
1188,Matrix Precision Engineering,VoucherNo_val_1188,Amount_val_1188,TaxRate_val_1188,Date_val_1188
1189,Matrix Precision Engineering,VoucherNo_val_1189,Amount_val_1189,TaxRate_val_1189,Date_val_1189
1190,Matrix Precision Engineering,VoucherNo_val_1190,Amount_val_1190,TaxRate_val_1190,Date_val_1190
1191,Matrix Precision Engineering,VoucherNo_val_1191,Amount_val_1191,TaxRate_val_1191,Date_val_1191
1192,Matrix Precision Engineering,VoucherNo_val_1192,Amount_val_1192,TaxRate_val_1192,Date_val_1192
1193,Matrix Precision Engineering,VoucherNo_val_1193,Amount_val_1193,TaxRate_val_1193,Date_val_1193
1194,Matrix Precision Engineering,VoucherNo_val_1194,Amount_val_1194,TaxRate_val_1194,Date_val_1194
1195,Matrix Precision Engineering,VoucherNo_val_1195,Amount_val_1195,TaxRate_val_1195,Date_val_1195
1196,Matrix Precision Engineering,VoucherNo_val_1196,Amount_val_1196,TaxRate_val_1196,Date_val_1196
1197,Matrix Precision Engineering,VoucherNo_val_1197,Amount_val_1197,TaxRate_val_1197,Date_val_1197
1198,Matrix Precision Engineering,VoucherNo_val_1198,Amount_val_1198,TaxRate_val_1198,Date_val_1198
1199,Matrix Precision Engineering,VoucherNo_val_1199,Amount_val_1199,TaxRate_val_1199,Date_val_1199
1200,Matrix Precision Engineering,VoucherNo_val_1200,Amount_val_1200,TaxRate_val_1200,Date_val_1200
1201,Matrix Precision Engineering,VoucherNo_val_1201,Amount_val_1201,TaxRate_val_1201,Date_val_1201
1202,Matrix Precision Engineering,VoucherNo_val_1202,Amount_val_1202,TaxRate_val_1202,Date_val_1202
1203,Matrix Precision Engineering,VoucherNo_val_1203,Amount_val_1203,TaxRate_val_1203,Date_val_1203
1204,Matrix Precision Engineering,VoucherNo_val_1204,Amount_val_1204,TaxRate_val_1204,Date_val_1204
1205,Matrix Precision Engineering,VoucherNo_val_1205,Amount_val_1205,TaxRate_val_1205,Date_val_1205
1206,Matrix Precision Engineering,VoucherNo_val_1206,Amount_val_1206,TaxRate_val_1206,Date_val_1206
1207,Matrix Precision Engineering,VoucherNo_val_1207,Amount_val_1207,TaxRate_val_1207,Date_val_1207
1208,Matrix Precision Engineering,VoucherNo_val_1208,Amount_val_1208,TaxRate_val_1208,Date_val_1208
1209,Matrix Precision Engineering,VoucherNo_val_1209,Amount_val_1209,TaxRate_val_1209,Date_val_1209
1210,Matrix Precision Engineering,VoucherNo_val_1210,Amount_val_1210,TaxRate_val_1210,Date_val_1210
1211,Matrix Precision Engineering,VoucherNo_val_1211,Amount_val_1211,TaxRate_val_1211,Date_val_1211
1212,Matrix Precision Engineering,VoucherNo_val_1212,Amount_val_1212,TaxRate_val_1212,Date_val_1212
1213,Matrix Precision Engineering,VoucherNo_val_1213,Amount_val_1213,TaxRate_val_1213,Date_val_1213
1214,Matrix Precision Engineering,VoucherNo_val_1214,Amount_val_1214,TaxRate_val_1214,Date_val_1214
1215,Matrix Precision Engineering,VoucherNo_val_1215,Amount_val_1215,TaxRate_val_1215,Date_val_1215
1216,Matrix Precision Engineering,VoucherNo_val_1216,Amount_val_1216,TaxRate_val_1216,Date_val_1216
1217,Matrix Precision Engineering,VoucherNo_val_1217,Amount_val_1217,TaxRate_val_1217,Date_val_1217
1218,Matrix Precision Engineering,VoucherNo_val_1218,Amount_val_1218,TaxRate_val_1218,Date_val_1218
1219,Matrix Precision Engineering,VoucherNo_val_1219,Amount_val_1219,TaxRate_val_1219,Date_val_1219
1220,Matrix Precision Engineering,VoucherNo_val_1220,Amount_val_1220,TaxRate_val_1220,Date_val_1220
1221,Matrix Precision Engineering,VoucherNo_val_1221,Amount_val_1221,TaxRate_val_1221,Date_val_1221
1222,Matrix Precision Engineering,VoucherNo_val_1222,Amount_val_1222,TaxRate_val_1222,Date_val_1222
1223,Matrix Precision Engineering,VoucherNo_val_1223,Amount_val_1223,TaxRate_val_1223,Date_val_1223
1224,Matrix Precision Engineering,VoucherNo_val_1224,Amount_val_1224,TaxRate_val_1224,Date_val_1224
1225,Matrix Precision Engineering,VoucherNo_val_1225,Amount_val_1225,TaxRate_val_1225,Date_val_1225
1226,Matrix Precision Engineering,VoucherNo_val_1226,Amount_val_1226,TaxRate_val_1226,Date_val_1226
1227,Matrix Precision Engineering,VoucherNo_val_1227,Amount_val_1227,TaxRate_val_1227,Date_val_1227
1228,Matrix Precision Engineering,VoucherNo_val_1228,Amount_val_1228,TaxRate_val_1228,Date_val_1228
1229,Matrix Precision Engineering,VoucherNo_val_1229,Amount_val_1229,TaxRate_val_1229,Date_val_1229
1230,Matrix Precision Engineering,VoucherNo_val_1230,Amount_val_1230,TaxRate_val_1230,Date_val_1230
1231,Matrix Precision Engineering,VoucherNo_val_1231,Amount_val_1231,TaxRate_val_1231,Date_val_1231
1232,Matrix Precision Engineering,VoucherNo_val_1232,Amount_val_1232,TaxRate_val_1232,Date_val_1232
1233,Matrix Precision Engineering,VoucherNo_val_1233,Amount_val_1233,TaxRate_val_1233,Date_val_1233
1234,Matrix Precision Engineering,VoucherNo_val_1234,Amount_val_1234,TaxRate_val_1234,Date_val_1234
1235,Matrix Precision Engineering,VoucherNo_val_1235,Amount_val_1235,TaxRate_val_1235,Date_val_1235
1236,Matrix Precision Engineering,VoucherNo_val_1236,Amount_val_1236,TaxRate_val_1236,Date_val_1236
1237,Matrix Precision Engineering,VoucherNo_val_1237,Amount_val_1237,TaxRate_val_1237,Date_val_1237
1238,Matrix Precision Engineering,VoucherNo_val_1238,Amount_val_1238,TaxRate_val_1238,Date_val_1238
1239,Matrix Precision Engineering,VoucherNo_val_1239,Amount_val_1239,TaxRate_val_1239,Date_val_1239
1240,Matrix Precision Engineering,VoucherNo_val_1240,Amount_val_1240,TaxRate_val_1240,Date_val_1240
1241,Matrix Precision Engineering,VoucherNo_val_1241,Amount_val_1241,TaxRate_val_1241,Date_val_1241
1242,Matrix Precision Engineering,VoucherNo_val_1242,Amount_val_1242,TaxRate_val_1242,Date_val_1242
1243,Matrix Precision Engineering,VoucherNo_val_1243,Amount_val_1243,TaxRate_val_1243,Date_val_1243
1244,Matrix Precision Engineering,VoucherNo_val_1244,Amount_val_1244,TaxRate_val_1244,Date_val_1244
1245,Matrix Precision Engineering,VoucherNo_val_1245,Amount_val_1245,TaxRate_val_1245,Date_val_1245
1246,Matrix Precision Engineering,VoucherNo_val_1246,Amount_val_1246,TaxRate_val_1246,Date_val_1246
1247,Matrix Precision Engineering,VoucherNo_val_1247,Amount_val_1247,TaxRate_val_1247,Date_val_1247
1248,Matrix Precision Engineering,VoucherNo_val_1248,Amount_val_1248,TaxRate_val_1248,Date_val_1248
1249,Matrix Precision Engineering,VoucherNo_val_1249,Amount_val_1249,TaxRate_val_1249,Date_val_1249
1250,Matrix Precision Engineering,VoucherNo_val_1250,Amount_val_1250,TaxRate_val_1250,Date_val_1250
1251,Matrix Precision Engineering,VoucherNo_val_1251,Amount_val_1251,TaxRate_val_1251,Date_val_1251
1252,Matrix Precision Engineering,VoucherNo_val_1252,Amount_val_1252,TaxRate_val_1252,Date_val_1252
1253,Matrix Precision Engineering,VoucherNo_val_1253,Amount_val_1253,TaxRate_val_1253,Date_val_1253
1254,Matrix Precision Engineering,VoucherNo_val_1254,Amount_val_1254,TaxRate_val_1254,Date_val_1254
1255,Matrix Precision Engineering,VoucherNo_val_1255,Amount_val_1255,TaxRate_val_1255,Date_val_1255
1256,Matrix Precision Engineering,VoucherNo_val_1256,Amount_val_1256,TaxRate_val_1256,Date_val_1256
1257,Matrix Precision Engineering,VoucherNo_val_1257,Amount_val_1257,TaxRate_val_1257,Date_val_1257
1258,Matrix Precision Engineering,VoucherNo_val_1258,Amount_val_1258,TaxRate_val_1258,Date_val_1258
1259,Matrix Precision Engineering,VoucherNo_val_1259,Amount_val_1259,TaxRate_val_1259,Date_val_1259
1260,Matrix Precision Engineering,VoucherNo_val_1260,Amount_val_1260,TaxRate_val_1260,Date_val_1260
1261,Matrix Precision Engineering,VoucherNo_val_1261,Amount_val_1261,TaxRate_val_1261,Date_val_1261
1262,Matrix Precision Engineering,VoucherNo_val_1262,Amount_val_1262,TaxRate_val_1262,Date_val_1262
1263,Matrix Precision Engineering,VoucherNo_val_1263,Amount_val_1263,TaxRate_val_1263,Date_val_1263
1264,Matrix Precision Engineering,VoucherNo_val_1264,Amount_val_1264,TaxRate_val_1264,Date_val_1264
1265,Matrix Precision Engineering,VoucherNo_val_1265,Amount_val_1265,TaxRate_val_1265,Date_val_1265
1266,Matrix Precision Engineering,VoucherNo_val_1266,Amount_val_1266,TaxRate_val_1266,Date_val_1266
1267,Matrix Precision Engineering,VoucherNo_val_1267,Amount_val_1267,TaxRate_val_1267,Date_val_1267
1268,Matrix Precision Engineering,VoucherNo_val_1268,Amount_val_1268,TaxRate_val_1268,Date_val_1268
1269,Matrix Precision Engineering,VoucherNo_val_1269,Amount_val_1269,TaxRate_val_1269,Date_val_1269
1270,Matrix Precision Engineering,VoucherNo_val_1270,Amount_val_1270,TaxRate_val_1270,Date_val_1270
1271,Matrix Precision Engineering,VoucherNo_val_1271,Amount_val_1271,TaxRate_val_1271,Date_val_1271
1272,Matrix Precision Engineering,VoucherNo_val_1272,Amount_val_1272,TaxRate_val_1272,Date_val_1272
1273,Matrix Precision Engineering,VoucherNo_val_1273,Amount_val_1273,TaxRate_val_1273,Date_val_1273
1274,Matrix Precision Engineering,VoucherNo_val_1274,Amount_val_1274,TaxRate_val_1274,Date_val_1274
1275,Matrix Precision Engineering,VoucherNo_val_1275,Amount_val_1275,TaxRate_val_1275,Date_val_1275
1276,Matrix Precision Engineering,VoucherNo_val_1276,Amount_val_1276,TaxRate_val_1276,Date_val_1276
1277,Matrix Precision Engineering,VoucherNo_val_1277,Amount_val_1277,TaxRate_val_1277,Date_val_1277
1278,Matrix Precision Engineering,VoucherNo_val_1278,Amount_val_1278,TaxRate_val_1278,Date_val_1278
1279,Matrix Precision Engineering,VoucherNo_val_1279,Amount_val_1279,TaxRate_val_1279,Date_val_1279
1280,Matrix Precision Engineering,VoucherNo_val_1280,Amount_val_1280,TaxRate_val_1280,Date_val_1280
1281,Matrix Precision Engineering,VoucherNo_val_1281,Amount_val_1281,TaxRate_val_1281,Date_val_1281
1282,Matrix Precision Engineering,VoucherNo_val_1282,Amount_val_1282,TaxRate_val_1282,Date_val_1282
1283,Matrix Precision Engineering,VoucherNo_val_1283,Amount_val_1283,TaxRate_val_1283,Date_val_1283
1284,Matrix Precision Engineering,VoucherNo_val_1284,Amount_val_1284,TaxRate_val_1284,Date_val_1284
1285,Matrix Precision Engineering,VoucherNo_val_1285,Amount_val_1285,TaxRate_val_1285,Date_val_1285
1286,Matrix Precision Engineering,VoucherNo_val_1286,Amount_val_1286,TaxRate_val_1286,Date_val_1286
1287,Matrix Precision Engineering,VoucherNo_val_1287,Amount_val_1287,TaxRate_val_1287,Date_val_1287
1288,Matrix Precision Engineering,VoucherNo_val_1288,Amount_val_1288,TaxRate_val_1288,Date_val_1288
1289,Matrix Precision Engineering,VoucherNo_val_1289,Amount_val_1289,TaxRate_val_1289,Date_val_1289
1290,Matrix Precision Engineering,VoucherNo_val_1290,Amount_val_1290,TaxRate_val_1290,Date_val_1290
1291,Matrix Precision Engineering,VoucherNo_val_1291,Amount_val_1291,TaxRate_val_1291,Date_val_1291
1292,Matrix Precision Engineering,VoucherNo_val_1292,Amount_val_1292,TaxRate_val_1292,Date_val_1292
1293,Matrix Precision Engineering,VoucherNo_val_1293,Amount_val_1293,TaxRate_val_1293,Date_val_1293
1294,Matrix Precision Engineering,VoucherNo_val_1294,Amount_val_1294,TaxRate_val_1294,Date_val_1294
1295,Matrix Precision Engineering,VoucherNo_val_1295,Amount_val_1295,TaxRate_val_1295,Date_val_1295
1296,Matrix Precision Engineering,VoucherNo_val_1296,Amount_val_1296,TaxRate_val_1296,Date_val_1296
1297,Matrix Precision Engineering,VoucherNo_val_1297,Amount_val_1297,TaxRate_val_1297,Date_val_1297
1298,Matrix Precision Engineering,VoucherNo_val_1298,Amount_val_1298,TaxRate_val_1298,Date_val_1298
1299,Matrix Precision Engineering,VoucherNo_val_1299,Amount_val_1299,TaxRate_val_1299,Date_val_1299
1300,Matrix Precision Engineering,VoucherNo_val_1300,Amount_val_1300,TaxRate_val_1300,Date_val_1300
1301,Matrix Precision Engineering,VoucherNo_val_1301,Amount_val_1301,TaxRate_val_1301,Date_val_1301
1302,Matrix Precision Engineering,VoucherNo_val_1302,Amount_val_1302,TaxRate_val_1302,Date_val_1302
1303,Matrix Precision Engineering,VoucherNo_val_1303,Amount_val_1303,TaxRate_val_1303,Date_val_1303
1304,Matrix Precision Engineering,VoucherNo_val_1304,Amount_val_1304,TaxRate_val_1304,Date_val_1304
1305,Matrix Precision Engineering,VoucherNo_val_1305,Amount_val_1305,TaxRate_val_1305,Date_val_1305
1306,Matrix Precision Engineering,VoucherNo_val_1306,Amount_val_1306,TaxRate_val_1306,Date_val_1306
1307,Matrix Precision Engineering,VoucherNo_val_1307,Amount_val_1307,TaxRate_val_1307,Date_val_1307
1308,Matrix Precision Engineering,VoucherNo_val_1308,Amount_val_1308,TaxRate_val_1308,Date_val_1308
1309,Matrix Precision Engineering,VoucherNo_val_1309,Amount_val_1309,TaxRate_val_1309,Date_val_1309
1310,Matrix Precision Engineering,VoucherNo_val_1310,Amount_val_1310,TaxRate_val_1310,Date_val_1310
1311,Matrix Precision Engineering,VoucherNo_val_1311,Amount_val_1311,TaxRate_val_1311,Date_val_1311
1312,Matrix Precision Engineering,VoucherNo_val_1312,Amount_val_1312,TaxRate_val_1312,Date_val_1312
1313,Matrix Precision Engineering,VoucherNo_val_1313,Amount_val_1313,TaxRate_val_1313,Date_val_1313
1314,Matrix Precision Engineering,VoucherNo_val_1314,Amount_val_1314,TaxRate_val_1314,Date_val_1314
1315,Matrix Precision Engineering,VoucherNo_val_1315,Amount_val_1315,TaxRate_val_1315,Date_val_1315
1316,Matrix Precision Engineering,VoucherNo_val_1316,Amount_val_1316,TaxRate_val_1316,Date_val_1316
1317,Matrix Precision Engineering,VoucherNo_val_1317,Amount_val_1317,TaxRate_val_1317,Date_val_1317
1318,Matrix Precision Engineering,VoucherNo_val_1318,Amount_val_1318,TaxRate_val_1318,Date_val_1318
1319,Matrix Precision Engineering,VoucherNo_val_1319,Amount_val_1319,TaxRate_val_1319,Date_val_1319
1320,Matrix Precision Engineering,VoucherNo_val_1320,Amount_val_1320,TaxRate_val_1320,Date_val_1320
1321,Matrix Precision Engineering,VoucherNo_val_1321,Amount_val_1321,TaxRate_val_1321,Date_val_1321
1322,Matrix Precision Engineering,VoucherNo_val_1322,Amount_val_1322,TaxRate_val_1322,Date_val_1322
1323,Matrix Precision Engineering,VoucherNo_val_1323,Amount_val_1323,TaxRate_val_1323,Date_val_1323
1324,Matrix Precision Engineering,VoucherNo_val_1324,Amount_val_1324,TaxRate_val_1324,Date_val_1324
1325,Matrix Precision Engineering,VoucherNo_val_1325,Amount_val_1325,TaxRate_val_1325,Date_val_1325
1326,Matrix Precision Engineering,VoucherNo_val_1326,Amount_val_1326,TaxRate_val_1326,Date_val_1326
1327,Matrix Precision Engineering,VoucherNo_val_1327,Amount_val_1327,TaxRate_val_1327,Date_val_1327
1328,Matrix Precision Engineering,VoucherNo_val_1328,Amount_val_1328,TaxRate_val_1328,Date_val_1328
1329,Matrix Precision Engineering,VoucherNo_val_1329,Amount_val_1329,TaxRate_val_1329,Date_val_1329
1330,Matrix Precision Engineering,VoucherNo_val_1330,Amount_val_1330,TaxRate_val_1330,Date_val_1330
1331,Matrix Precision Engineering,VoucherNo_val_1331,Amount_val_1331,TaxRate_val_1331,Date_val_1331
1332,Matrix Precision Engineering,VoucherNo_val_1332,Amount_val_1332,TaxRate_val_1332,Date_val_1332
1333,Matrix Precision Engineering,VoucherNo_val_1333,Amount_val_1333,TaxRate_val_1333,Date_val_1333
1334,Matrix Precision Engineering,VoucherNo_val_1334,Amount_val_1334,TaxRate_val_1334,Date_val_1334
1335,Matrix Precision Engineering,VoucherNo_val_1335,Amount_val_1335,TaxRate_val_1335,Date_val_1335
1336,Matrix Precision Engineering,VoucherNo_val_1336,Amount_val_1336,TaxRate_val_1336,Date_val_1336
1337,Matrix Precision Engineering,VoucherNo_val_1337,Amount_val_1337,TaxRate_val_1337,Date_val_1337
1338,Matrix Precision Engineering,VoucherNo_val_1338,Amount_val_1338,TaxRate_val_1338,Date_val_1338
1339,Matrix Precision Engineering,VoucherNo_val_1339,Amount_val_1339,TaxRate_val_1339,Date_val_1339
1340,Matrix Precision Engineering,VoucherNo_val_1340,Amount_val_1340,TaxRate_val_1340,Date_val_1340
1341,Matrix Precision Engineering,VoucherNo_val_1341,Amount_val_1341,TaxRate_val_1341,Date_val_1341
1342,Matrix Precision Engineering,VoucherNo_val_1342,Amount_val_1342,TaxRate_val_1342,Date_val_1342
1343,Matrix Precision Engineering,VoucherNo_val_1343,Amount_val_1343,TaxRate_val_1343,Date_val_1343
1344,Matrix Precision Engineering,VoucherNo_val_1344,Amount_val_1344,TaxRate_val_1344,Date_val_1344
1345,Matrix Precision Engineering,VoucherNo_val_1345,Amount_val_1345,TaxRate_val_1345,Date_val_1345
1346,Matrix Precision Engineering,VoucherNo_val_1346,Amount_val_1346,TaxRate_val_1346,Date_val_1346
1347,Matrix Precision Engineering,VoucherNo_val_1347,Amount_val_1347,TaxRate_val_1347,Date_val_1347
1348,Matrix Precision Engineering,VoucherNo_val_1348,Amount_val_1348,TaxRate_val_1348,Date_val_1348
1349,Matrix Precision Engineering,VoucherNo_val_1349,Amount_val_1349,TaxRate_val_1349,Date_val_1349
1350,Matrix Precision Engineering,VoucherNo_val_1350,Amount_val_1350,TaxRate_val_1350,Date_val_1350
1351,Matrix Precision Engineering,VoucherNo_val_1351,Amount_val_1351,TaxRate_val_1351,Date_val_1351
1352,Matrix Precision Engineering,VoucherNo_val_1352,Amount_val_1352,TaxRate_val_1352,Date_val_1352
1353,Matrix Precision Engineering,VoucherNo_val_1353,Amount_val_1353,TaxRate_val_1353,Date_val_1353
1354,Matrix Precision Engineering,VoucherNo_val_1354,Amount_val_1354,TaxRate_val_1354,Date_val_1354
1355,Matrix Precision Engineering,VoucherNo_val_1355,Amount_val_1355,TaxRate_val_1355,Date_val_1355
1356,Matrix Precision Engineering,VoucherNo_val_1356,Amount_val_1356,TaxRate_val_1356,Date_val_1356
1357,Matrix Precision Engineering,VoucherNo_val_1357,Amount_val_1357,TaxRate_val_1357,Date_val_1357
1358,Matrix Precision Engineering,VoucherNo_val_1358,Amount_val_1358,TaxRate_val_1358,Date_val_1358
1359,Matrix Precision Engineering,VoucherNo_val_1359,Amount_val_1359,TaxRate_val_1359,Date_val_1359
1360,Matrix Precision Engineering,VoucherNo_val_1360,Amount_val_1360,TaxRate_val_1360,Date_val_1360
1361,Matrix Precision Engineering,VoucherNo_val_1361,Amount_val_1361,TaxRate_val_1361,Date_val_1361
1362,Matrix Precision Engineering,VoucherNo_val_1362,Amount_val_1362,TaxRate_val_1362,Date_val_1362
1363,Matrix Precision Engineering,VoucherNo_val_1363,Amount_val_1363,TaxRate_val_1363,Date_val_1363
1364,Matrix Precision Engineering,VoucherNo_val_1364,Amount_val_1364,TaxRate_val_1364,Date_val_1364
1365,Matrix Precision Engineering,VoucherNo_val_1365,Amount_val_1365,TaxRate_val_1365,Date_val_1365
1366,Matrix Precision Engineering,VoucherNo_val_1366,Amount_val_1366,TaxRate_val_1366,Date_val_1366
1367,Matrix Precision Engineering,VoucherNo_val_1367,Amount_val_1367,TaxRate_val_1367,Date_val_1367
1368,Matrix Precision Engineering,VoucherNo_val_1368,Amount_val_1368,TaxRate_val_1368,Date_val_1368
1369,Matrix Precision Engineering,VoucherNo_val_1369,Amount_val_1369,TaxRate_val_1369,Date_val_1369
1370,Matrix Precision Engineering,VoucherNo_val_1370,Amount_val_1370,TaxRate_val_1370,Date_val_1370
1371,Matrix Precision Engineering,VoucherNo_val_1371,Amount_val_1371,TaxRate_val_1371,Date_val_1371
1372,Matrix Precision Engineering,VoucherNo_val_1372,Amount_val_1372,TaxRate_val_1372,Date_val_1372
1373,Matrix Precision Engineering,VoucherNo_val_1373,Amount_val_1373,TaxRate_val_1373,Date_val_1373
1374,Matrix Precision Engineering,VoucherNo_val_1374,Amount_val_1374,TaxRate_val_1374,Date_val_1374
1375,Matrix Precision Engineering,VoucherNo_val_1375,Amount_val_1375,TaxRate_val_1375,Date_val_1375
1376,Matrix Precision Engineering,VoucherNo_val_1376,Amount_val_1376,TaxRate_val_1376,Date_val_1376
1377,Matrix Precision Engineering,VoucherNo_val_1377,Amount_val_1377,TaxRate_val_1377,Date_val_1377
1378,Matrix Precision Engineering,VoucherNo_val_1378,Amount_val_1378,TaxRate_val_1378,Date_val_1378
1379,Matrix Precision Engineering,VoucherNo_val_1379,Amount_val_1379,TaxRate_val_1379,Date_val_1379
1380,Matrix Precision Engineering,VoucherNo_val_1380,Amount_val_1380,TaxRate_val_1380,Date_val_1380
1381,Matrix Precision Engineering,VoucherNo_val_1381,Amount_val_1381,TaxRate_val_1381,Date_val_1381
1382,Matrix Precision Engineering,VoucherNo_val_1382,Amount_val_1382,TaxRate_val_1382,Date_val_1382
1383,Matrix Precision Engineering,VoucherNo_val_1383,Amount_val_1383,TaxRate_val_1383,Date_val_1383
1384,Matrix Precision Engineering,VoucherNo_val_1384,Amount_val_1384,TaxRate_val_1384,Date_val_1384
1385,Matrix Precision Engineering,VoucherNo_val_1385,Amount_val_1385,TaxRate_val_1385,Date_val_1385
1386,Matrix Precision Engineering,VoucherNo_val_1386,Amount_val_1386,TaxRate_val_1386,Date_val_1386
1387,Matrix Precision Engineering,VoucherNo_val_1387,Amount_val_1387,TaxRate_val_1387,Date_val_1387
1388,Matrix Precision Engineering,VoucherNo_val_1388,Amount_val_1388,TaxRate_val_1388,Date_val_1388
1389,Matrix Precision Engineering,VoucherNo_val_1389,Amount_val_1389,TaxRate_val_1389,Date_val_1389
1390,Matrix Precision Engineering,VoucherNo_val_1390,Amount_val_1390,TaxRate_val_1390,Date_val_1390
1391,Matrix Precision Engineering,VoucherNo_val_1391,Amount_val_1391,TaxRate_val_1391,Date_val_1391
1392,Matrix Precision Engineering,VoucherNo_val_1392,Amount_val_1392,TaxRate_val_1392,Date_val_1392
1393,Matrix Precision Engineering,VoucherNo_val_1393,Amount_val_1393,TaxRate_val_1393,Date_val_1393
1394,Matrix Precision Engineering,VoucherNo_val_1394,Amount_val_1394,TaxRate_val_1394,Date_val_1394
1395,Matrix Precision Engineering,VoucherNo_val_1395,Amount_val_1395,TaxRate_val_1395,Date_val_1395
1396,Matrix Precision Engineering,VoucherNo_val_1396,Amount_val_1396,TaxRate_val_1396,Date_val_1396
1397,Matrix Precision Engineering,VoucherNo_val_1397,Amount_val_1397,TaxRate_val_1397,Date_val_1397
1398,Matrix Precision Engineering,VoucherNo_val_1398,Amount_val_1398,TaxRate_val_1398,Date_val_1398
1399,Matrix Precision Engineering,VoucherNo_val_1399,Amount_val_1399,TaxRate_val_1399,Date_val_1399
1400,Matrix Precision Engineering,VoucherNo_val_1400,Amount_val_1400,TaxRate_val_1400,Date_val_1400
1401,Matrix Precision Engineering,VoucherNo_val_1401,Amount_val_1401,TaxRate_val_1401,Date_val_1401
1402,Matrix Precision Engineering,VoucherNo_val_1402,Amount_val_1402,TaxRate_val_1402,Date_val_1402
1403,Matrix Precision Engineering,VoucherNo_val_1403,Amount_val_1403,TaxRate_val_1403,Date_val_1403
1404,Matrix Precision Engineering,VoucherNo_val_1404,Amount_val_1404,TaxRate_val_1404,Date_val_1404
1405,Matrix Precision Engineering,VoucherNo_val_1405,Amount_val_1405,TaxRate_val_1405,Date_val_1405
1406,Matrix Precision Engineering,VoucherNo_val_1406,Amount_val_1406,TaxRate_val_1406,Date_val_1406
1407,Matrix Precision Engineering,VoucherNo_val_1407,Amount_val_1407,TaxRate_val_1407,Date_val_1407
1408,Matrix Precision Engineering,VoucherNo_val_1408,Amount_val_1408,TaxRate_val_1408,Date_val_1408
1409,Matrix Precision Engineering,VoucherNo_val_1409,Amount_val_1409,TaxRate_val_1409,Date_val_1409
1410,Matrix Precision Engineering,VoucherNo_val_1410,Amount_val_1410,TaxRate_val_1410,Date_val_1410
1411,Matrix Precision Engineering,VoucherNo_val_1411,Amount_val_1411,TaxRate_val_1411,Date_val_1411
1412,Matrix Precision Engineering,VoucherNo_val_1412,Amount_val_1412,TaxRate_val_1412,Date_val_1412
1413,Matrix Precision Engineering,VoucherNo_val_1413,Amount_val_1413,TaxRate_val_1413,Date_val_1413
1414,Matrix Precision Engineering,VoucherNo_val_1414,Amount_val_1414,TaxRate_val_1414,Date_val_1414
1415,Matrix Precision Engineering,VoucherNo_val_1415,Amount_val_1415,TaxRate_val_1415,Date_val_1415
1416,Matrix Precision Engineering,VoucherNo_val_1416,Amount_val_1416,TaxRate_val_1416,Date_val_1416
1417,Matrix Precision Engineering,VoucherNo_val_1417,Amount_val_1417,TaxRate_val_1417,Date_val_1417
1418,Matrix Precision Engineering,VoucherNo_val_1418,Amount_val_1418,TaxRate_val_1418,Date_val_1418
1419,Matrix Precision Engineering,VoucherNo_val_1419,Amount_val_1419,TaxRate_val_1419,Date_val_1419
1420,Matrix Precision Engineering,VoucherNo_val_1420,Amount_val_1420,TaxRate_val_1420,Date_val_1420
1421,Matrix Precision Engineering,VoucherNo_val_1421,Amount_val_1421,TaxRate_val_1421,Date_val_1421
1422,Matrix Precision Engineering,VoucherNo_val_1422,Amount_val_1422,TaxRate_val_1422,Date_val_1422
1423,Matrix Precision Engineering,VoucherNo_val_1423,Amount_val_1423,TaxRate_val_1423,Date_val_1423
1424,Matrix Precision Engineering,VoucherNo_val_1424,Amount_val_1424,TaxRate_val_1424,Date_val_1424
1425,Matrix Precision Engineering,VoucherNo_val_1425,Amount_val_1425,TaxRate_val_1425,Date_val_1425
1426,Matrix Precision Engineering,VoucherNo_val_1426,Amount_val_1426,TaxRate_val_1426,Date_val_1426
1427,Matrix Precision Engineering,VoucherNo_val_1427,Amount_val_1427,TaxRate_val_1427,Date_val_1427
1428,Matrix Precision Engineering,VoucherNo_val_1428,Amount_val_1428,TaxRate_val_1428,Date_val_1428
1429,Matrix Precision Engineering,VoucherNo_val_1429,Amount_val_1429,TaxRate_val_1429,Date_val_1429
1430,Matrix Precision Engineering,VoucherNo_val_1430,Amount_val_1430,TaxRate_val_1430,Date_val_1430
1431,Matrix Precision Engineering,VoucherNo_val_1431,Amount_val_1431,TaxRate_val_1431,Date_val_1431
1432,Matrix Precision Engineering,VoucherNo_val_1432,Amount_val_1432,TaxRate_val_1432,Date_val_1432
1433,Matrix Precision Engineering,VoucherNo_val_1433,Amount_val_1433,TaxRate_val_1433,Date_val_1433
1434,Matrix Precision Engineering,VoucherNo_val_1434,Amount_val_1434,TaxRate_val_1434,Date_val_1434
1435,Matrix Precision Engineering,VoucherNo_val_1435,Amount_val_1435,TaxRate_val_1435,Date_val_1435
1436,Matrix Precision Engineering,VoucherNo_val_1436,Amount_val_1436,TaxRate_val_1436,Date_val_1436
1437,Matrix Precision Engineering,VoucherNo_val_1437,Amount_val_1437,TaxRate_val_1437,Date_val_1437
1438,Matrix Precision Engineering,VoucherNo_val_1438,Amount_val_1438,TaxRate_val_1438,Date_val_1438
1439,Matrix Precision Engineering,VoucherNo_val_1439,Amount_val_1439,TaxRate_val_1439,Date_val_1439
1440,Matrix Precision Engineering,VoucherNo_val_1440,Amount_val_1440,TaxRate_val_1440,Date_val_1440
1441,Matrix Precision Engineering,VoucherNo_val_1441,Amount_val_1441,TaxRate_val_1441,Date_val_1441
1442,Matrix Precision Engineering,VoucherNo_val_1442,Amount_val_1442,TaxRate_val_1442,Date_val_1442
1443,Matrix Precision Engineering,VoucherNo_val_1443,Amount_val_1443,TaxRate_val_1443,Date_val_1443
1444,Matrix Precision Engineering,VoucherNo_val_1444,Amount_val_1444,TaxRate_val_1444,Date_val_1444
1445,Matrix Precision Engineering,VoucherNo_val_1445,Amount_val_1445,TaxRate_val_1445,Date_val_1445
1446,Matrix Precision Engineering,VoucherNo_val_1446,Amount_val_1446,TaxRate_val_1446,Date_val_1446
1447,Matrix Precision Engineering,VoucherNo_val_1447,Amount_val_1447,TaxRate_val_1447,Date_val_1447
1448,Matrix Precision Engineering,VoucherNo_val_1448,Amount_val_1448,TaxRate_val_1448,Date_val_1448
1449,Matrix Precision Engineering,VoucherNo_val_1449,Amount_val_1449,TaxRate_val_1449,Date_val_1449
1450,Matrix Precision Engineering,VoucherNo_val_1450,Amount_val_1450,TaxRate_val_1450,Date_val_1450
1451,Matrix Precision Engineering,VoucherNo_val_1451,Amount_val_1451,TaxRate_val_1451,Date_val_1451
1452,Matrix Precision Engineering,VoucherNo_val_1452,Amount_val_1452,TaxRate_val_1452,Date_val_1452
1453,Matrix Precision Engineering,VoucherNo_val_1453,Amount_val_1453,TaxRate_val_1453,Date_val_1453
1454,Matrix Precision Engineering,VoucherNo_val_1454,Amount_val_1454,TaxRate_val_1454,Date_val_1454
1455,Matrix Precision Engineering,VoucherNo_val_1455,Amount_val_1455,TaxRate_val_1455,Date_val_1455
1456,Matrix Precision Engineering,VoucherNo_val_1456,Amount_val_1456,TaxRate_val_1456,Date_val_1456
1457,Matrix Precision Engineering,VoucherNo_val_1457,Amount_val_1457,TaxRate_val_1457,Date_val_1457
1458,Matrix Precision Engineering,VoucherNo_val_1458,Amount_val_1458,TaxRate_val_1458,Date_val_1458
1459,Matrix Precision Engineering,VoucherNo_val_1459,Amount_val_1459,TaxRate_val_1459,Date_val_1459
1460,Matrix Precision Engineering,VoucherNo_val_1460,Amount_val_1460,TaxRate_val_1460,Date_val_1460
1461,Matrix Precision Engineering,VoucherNo_val_1461,Amount_val_1461,TaxRate_val_1461,Date_val_1461
1462,Matrix Precision Engineering,VoucherNo_val_1462,Amount_val_1462,TaxRate_val_1462,Date_val_1462
1463,Matrix Precision Engineering,VoucherNo_val_1463,Amount_val_1463,TaxRate_val_1463,Date_val_1463
1464,Matrix Precision Engineering,VoucherNo_val_1464,Amount_val_1464,TaxRate_val_1464,Date_val_1464
1465,Matrix Precision Engineering,VoucherNo_val_1465,Amount_val_1465,TaxRate_val_1465,Date_val_1465
1466,Matrix Precision Engineering,VoucherNo_val_1466,Amount_val_1466,TaxRate_val_1466,Date_val_1466
1467,Matrix Precision Engineering,VoucherNo_val_1467,Amount_val_1467,TaxRate_val_1467,Date_val_1467
1468,Matrix Precision Engineering,VoucherNo_val_1468,Amount_val_1468,TaxRate_val_1468,Date_val_1468
1469,Matrix Precision Engineering,VoucherNo_val_1469,Amount_val_1469,TaxRate_val_1469,Date_val_1469
1470,Matrix Precision Engineering,VoucherNo_val_1470,Amount_val_1470,TaxRate_val_1470,Date_val_1470
1471,Matrix Precision Engineering,VoucherNo_val_1471,Amount_val_1471,TaxRate_val_1471,Date_val_1471
1472,Matrix Precision Engineering,VoucherNo_val_1472,Amount_val_1472,TaxRate_val_1472,Date_val_1472
1473,Matrix Precision Engineering,VoucherNo_val_1473,Amount_val_1473,TaxRate_val_1473,Date_val_1473
1474,Matrix Precision Engineering,VoucherNo_val_1474,Amount_val_1474,TaxRate_val_1474,Date_val_1474
1475,Matrix Precision Engineering,VoucherNo_val_1475,Amount_val_1475,TaxRate_val_1475,Date_val_1475
1476,Matrix Precision Engineering,VoucherNo_val_1476,Amount_val_1476,TaxRate_val_1476,Date_val_1476
1477,Matrix Precision Engineering,VoucherNo_val_1477,Amount_val_1477,TaxRate_val_1477,Date_val_1477
1478,Matrix Precision Engineering,VoucherNo_val_1478,Amount_val_1478,TaxRate_val_1478,Date_val_1478
1479,Matrix Precision Engineering,VoucherNo_val_1479,Amount_val_1479,TaxRate_val_1479,Date_val_1479
1480,Matrix Precision Engineering,VoucherNo_val_1480,Amount_val_1480,TaxRate_val_1480,Date_val_1480
1481,Matrix Precision Engineering,VoucherNo_val_1481,Amount_val_1481,TaxRate_val_1481,Date_val_1481
1482,Matrix Precision Engineering,VoucherNo_val_1482,Amount_val_1482,TaxRate_val_1482,Date_val_1482
1483,Matrix Precision Engineering,VoucherNo_val_1483,Amount_val_1483,TaxRate_val_1483,Date_val_1483
1484,Matrix Precision Engineering,VoucherNo_val_1484,Amount_val_1484,TaxRate_val_1484,Date_val_1484
1485,Matrix Precision Engineering,VoucherNo_val_1485,Amount_val_1485,TaxRate_val_1485,Date_val_1485
1486,Matrix Precision Engineering,VoucherNo_val_1486,Amount_val_1486,TaxRate_val_1486,Date_val_1486
1487,Matrix Precision Engineering,VoucherNo_val_1487,Amount_val_1487,TaxRate_val_1487,Date_val_1487
1488,Matrix Precision Engineering,VoucherNo_val_1488,Amount_val_1488,TaxRate_val_1488,Date_val_1488
1489,Matrix Precision Engineering,VoucherNo_val_1489,Amount_val_1489,TaxRate_val_1489,Date_val_1489
1490,Matrix Precision Engineering,VoucherNo_val_1490,Amount_val_1490,TaxRate_val_1490,Date_val_1490
1491,Matrix Precision Engineering,VoucherNo_val_1491,Amount_val_1491,TaxRate_val_1491,Date_val_1491
1492,Matrix Precision Engineering,VoucherNo_val_1492,Amount_val_1492,TaxRate_val_1492,Date_val_1492
1493,Matrix Precision Engineering,VoucherNo_val_1493,Amount_val_1493,TaxRate_val_1493,Date_val_1493
1494,Matrix Precision Engineering,VoucherNo_val_1494,Amount_val_1494,TaxRate_val_1494,Date_val_1494
1495,Matrix Precision Engineering,VoucherNo_val_1495,Amount_val_1495,TaxRate_val_1495,Date_val_1495
1496,Matrix Precision Engineering,VoucherNo_val_1496,Amount_val_1496,TaxRate_val_1496,Date_val_1496
1497,Matrix Precision Engineering,VoucherNo_val_1497,Amount_val_1497,TaxRate_val_1497,Date_val_1497
1498,Matrix Precision Engineering,VoucherNo_val_1498,Amount_val_1498,TaxRate_val_1498,Date_val_1498
1499,Matrix Precision Engineering,VoucherNo_val_1499,Amount_val_1499,TaxRate_val_1499,Date_val_1499
1500,Matrix Precision Engineering,VoucherNo_val_1500,Amount_val_1500,TaxRate_val_1500,Date_val_1500
1501,Matrix Precision Engineering,VoucherNo_val_1501,Amount_val_1501,TaxRate_val_1501,Date_val_1501
1502,Matrix Precision Engineering,VoucherNo_val_1502,Amount_val_1502,TaxRate_val_1502,Date_val_1502
1503,Matrix Precision Engineering,VoucherNo_val_1503,Amount_val_1503,TaxRate_val_1503,Date_val_1503
1504,Matrix Precision Engineering,VoucherNo_val_1504,Amount_val_1504,TaxRate_val_1504,Date_val_1504
1505,Matrix Precision Engineering,VoucherNo_val_1505,Amount_val_1505,TaxRate_val_1505,Date_val_1505
1506,Matrix Precision Engineering,VoucherNo_val_1506,Amount_val_1506,TaxRate_val_1506,Date_val_1506
1507,Matrix Precision Engineering,VoucherNo_val_1507,Amount_val_1507,TaxRate_val_1507,Date_val_1507
1508,Matrix Precision Engineering,VoucherNo_val_1508,Amount_val_1508,TaxRate_val_1508,Date_val_1508
1509,Matrix Precision Engineering,VoucherNo_val_1509,Amount_val_1509,TaxRate_val_1509,Date_val_1509
1510,Matrix Precision Engineering,VoucherNo_val_1510,Amount_val_1510,TaxRate_val_1510,Date_val_1510
1511,Matrix Precision Engineering,VoucherNo_val_1511,Amount_val_1511,TaxRate_val_1511,Date_val_1511
1512,Matrix Precision Engineering,VoucherNo_val_1512,Amount_val_1512,TaxRate_val_1512,Date_val_1512
1513,Matrix Precision Engineering,VoucherNo_val_1513,Amount_val_1513,TaxRate_val_1513,Date_val_1513
1514,Matrix Precision Engineering,VoucherNo_val_1514,Amount_val_1514,TaxRate_val_1514,Date_val_1514
1515,Matrix Precision Engineering,VoucherNo_val_1515,Amount_val_1515,TaxRate_val_1515,Date_val_1515
1516,Matrix Precision Engineering,VoucherNo_val_1516,Amount_val_1516,TaxRate_val_1516,Date_val_1516
1517,Matrix Precision Engineering,VoucherNo_val_1517,Amount_val_1517,TaxRate_val_1517,Date_val_1517
1518,Matrix Precision Engineering,VoucherNo_val_1518,Amount_val_1518,TaxRate_val_1518,Date_val_1518
1519,Matrix Precision Engineering,VoucherNo_val_1519,Amount_val_1519,TaxRate_val_1519,Date_val_1519
1520,Matrix Precision Engineering,VoucherNo_val_1520,Amount_val_1520,TaxRate_val_1520,Date_val_1520
1521,Matrix Precision Engineering,VoucherNo_val_1521,Amount_val_1521,TaxRate_val_1521,Date_val_1521
1522,Matrix Precision Engineering,VoucherNo_val_1522,Amount_val_1522,TaxRate_val_1522,Date_val_1522
1523,Matrix Precision Engineering,VoucherNo_val_1523,Amount_val_1523,TaxRate_val_1523,Date_val_1523
1524,Matrix Precision Engineering,VoucherNo_val_1524,Amount_val_1524,TaxRate_val_1524,Date_val_1524
1525,Matrix Precision Engineering,VoucherNo_val_1525,Amount_val_1525,TaxRate_val_1525,Date_val_1525
1526,Matrix Precision Engineering,VoucherNo_val_1526,Amount_val_1526,TaxRate_val_1526,Date_val_1526
1527,Matrix Precision Engineering,VoucherNo_val_1527,Amount_val_1527,TaxRate_val_1527,Date_val_1527
1528,Matrix Precision Engineering,VoucherNo_val_1528,Amount_val_1528,TaxRate_val_1528,Date_val_1528
1529,Matrix Precision Engineering,VoucherNo_val_1529,Amount_val_1529,TaxRate_val_1529,Date_val_1529
1530,Matrix Precision Engineering,VoucherNo_val_1530,Amount_val_1530,TaxRate_val_1530,Date_val_1530
1531,Matrix Precision Engineering,VoucherNo_val_1531,Amount_val_1531,TaxRate_val_1531,Date_val_1531
1532,Matrix Precision Engineering,VoucherNo_val_1532,Amount_val_1532,TaxRate_val_1532,Date_val_1532
1533,Matrix Precision Engineering,VoucherNo_val_1533,Amount_val_1533,TaxRate_val_1533,Date_val_1533
1534,Matrix Precision Engineering,VoucherNo_val_1534,Amount_val_1534,TaxRate_val_1534,Date_val_1534
1535,Matrix Precision Engineering,VoucherNo_val_1535,Amount_val_1535,TaxRate_val_1535,Date_val_1535
1536,Matrix Precision Engineering,VoucherNo_val_1536,Amount_val_1536,TaxRate_val_1536,Date_val_1536
1537,Matrix Precision Engineering,VoucherNo_val_1537,Amount_val_1537,TaxRate_val_1537,Date_val_1537
1538,Matrix Precision Engineering,VoucherNo_val_1538,Amount_val_1538,TaxRate_val_1538,Date_val_1538
1539,Matrix Precision Engineering,VoucherNo_val_1539,Amount_val_1539,TaxRate_val_1539,Date_val_1539
1540,Matrix Precision Engineering,VoucherNo_val_1540,Amount_val_1540,TaxRate_val_1540,Date_val_1540
1541,Matrix Precision Engineering,VoucherNo_val_1541,Amount_val_1541,TaxRate_val_1541,Date_val_1541
1542,Matrix Precision Engineering,VoucherNo_val_1542,Amount_val_1542,TaxRate_val_1542,Date_val_1542
1543,Matrix Precision Engineering,VoucherNo_val_1543,Amount_val_1543,TaxRate_val_1543,Date_val_1543
1544,Matrix Precision Engineering,VoucherNo_val_1544,Amount_val_1544,TaxRate_val_1544,Date_val_1544
1545,Matrix Precision Engineering,VoucherNo_val_1545,Amount_val_1545,TaxRate_val_1545,Date_val_1545
1546,Matrix Precision Engineering,VoucherNo_val_1546,Amount_val_1546,TaxRate_val_1546,Date_val_1546
1547,Matrix Precision Engineering,VoucherNo_val_1547,Amount_val_1547,TaxRate_val_1547,Date_val_1547
1548,Matrix Precision Engineering,VoucherNo_val_1548,Amount_val_1548,TaxRate_val_1548,Date_val_1548
1549,Matrix Precision Engineering,VoucherNo_val_1549,Amount_val_1549,TaxRate_val_1549,Date_val_1549
1550,Matrix Precision Engineering,VoucherNo_val_1550,Amount_val_1550,TaxRate_val_1550,Date_val_1550
1551,Matrix Precision Engineering,VoucherNo_val_1551,Amount_val_1551,TaxRate_val_1551,Date_val_1551
1552,Matrix Precision Engineering,VoucherNo_val_1552,Amount_val_1552,TaxRate_val_1552,Date_val_1552
1553,Matrix Precision Engineering,VoucherNo_val_1553,Amount_val_1553,TaxRate_val_1553,Date_val_1553
1554,Matrix Precision Engineering,VoucherNo_val_1554,Amount_val_1554,TaxRate_val_1554,Date_val_1554
1555,Matrix Precision Engineering,VoucherNo_val_1555,Amount_val_1555,TaxRate_val_1555,Date_val_1555
1556,Matrix Precision Engineering,VoucherNo_val_1556,Amount_val_1556,TaxRate_val_1556,Date_val_1556
1557,Matrix Precision Engineering,VoucherNo_val_1557,Amount_val_1557,TaxRate_val_1557,Date_val_1557
1558,Matrix Precision Engineering,VoucherNo_val_1558,Amount_val_1558,TaxRate_val_1558,Date_val_1558
1559,Matrix Precision Engineering,VoucherNo_val_1559,Amount_val_1559,TaxRate_val_1559,Date_val_1559
1560,Matrix Precision Engineering,VoucherNo_val_1560,Amount_val_1560,TaxRate_val_1560,Date_val_1560
1561,Matrix Precision Engineering,VoucherNo_val_1561,Amount_val_1561,TaxRate_val_1561,Date_val_1561
1562,Matrix Precision Engineering,VoucherNo_val_1562,Amount_val_1562,TaxRate_val_1562,Date_val_1562
1563,Matrix Precision Engineering,VoucherNo_val_1563,Amount_val_1563,TaxRate_val_1563,Date_val_1563
1564,Matrix Precision Engineering,VoucherNo_val_1564,Amount_val_1564,TaxRate_val_1564,Date_val_1564
1565,Matrix Precision Engineering,VoucherNo_val_1565,Amount_val_1565,TaxRate_val_1565,Date_val_1565
1566,Matrix Precision Engineering,VoucherNo_val_1566,Amount_val_1566,TaxRate_val_1566,Date_val_1566
1567,Matrix Precision Engineering,VoucherNo_val_1567,Amount_val_1567,TaxRate_val_1567,Date_val_1567
1568,Matrix Precision Engineering,VoucherNo_val_1568,Amount_val_1568,TaxRate_val_1568,Date_val_1568
1569,Matrix Precision Engineering,VoucherNo_val_1569,Amount_val_1569,TaxRate_val_1569,Date_val_1569
1570,Matrix Precision Engineering,VoucherNo_val_1570,Amount_val_1570,TaxRate_val_1570,Date_val_1570
1571,Matrix Precision Engineering,VoucherNo_val_1571,Amount_val_1571,TaxRate_val_1571,Date_val_1571
1572,Matrix Precision Engineering,VoucherNo_val_1572,Amount_val_1572,TaxRate_val_1572,Date_val_1572
1573,Matrix Precision Engineering,VoucherNo_val_1573,Amount_val_1573,TaxRate_val_1573,Date_val_1573
1574,Matrix Precision Engineering,VoucherNo_val_1574,Amount_val_1574,TaxRate_val_1574,Date_val_1574
1575,Matrix Precision Engineering,VoucherNo_val_1575,Amount_val_1575,TaxRate_val_1575,Date_val_1575
1576,Matrix Precision Engineering,VoucherNo_val_1576,Amount_val_1576,TaxRate_val_1576,Date_val_1576
1577,Matrix Precision Engineering,VoucherNo_val_1577,Amount_val_1577,TaxRate_val_1577,Date_val_1577
1578,Matrix Precision Engineering,VoucherNo_val_1578,Amount_val_1578,TaxRate_val_1578,Date_val_1578
1579,Matrix Precision Engineering,VoucherNo_val_1579,Amount_val_1579,TaxRate_val_1579,Date_val_1579
1580,Matrix Precision Engineering,VoucherNo_val_1580,Amount_val_1580,TaxRate_val_1580,Date_val_1580
1581,Matrix Precision Engineering,VoucherNo_val_1581,Amount_val_1581,TaxRate_val_1581,Date_val_1581
1582,Matrix Precision Engineering,VoucherNo_val_1582,Amount_val_1582,TaxRate_val_1582,Date_val_1582
1583,Matrix Precision Engineering,VoucherNo_val_1583,Amount_val_1583,TaxRate_val_1583,Date_val_1583
1584,Matrix Precision Engineering,VoucherNo_val_1584,Amount_val_1584,TaxRate_val_1584,Date_val_1584
1585,Matrix Precision Engineering,VoucherNo_val_1585,Amount_val_1585,TaxRate_val_1585,Date_val_1585
1586,Matrix Precision Engineering,VoucherNo_val_1586,Amount_val_1586,TaxRate_val_1586,Date_val_1586
1587,Matrix Precision Engineering,VoucherNo_val_1587,Amount_val_1587,TaxRate_val_1587,Date_val_1587
1588,Matrix Precision Engineering,VoucherNo_val_1588,Amount_val_1588,TaxRate_val_1588,Date_val_1588
1589,Matrix Precision Engineering,VoucherNo_val_1589,Amount_val_1589,TaxRate_val_1589,Date_val_1589
1590,Matrix Precision Engineering,VoucherNo_val_1590,Amount_val_1590,TaxRate_val_1590,Date_val_1590
1591,Matrix Precision Engineering,VoucherNo_val_1591,Amount_val_1591,TaxRate_val_1591,Date_val_1591
1592,Matrix Precision Engineering,VoucherNo_val_1592,Amount_val_1592,TaxRate_val_1592,Date_val_1592
1593,Matrix Precision Engineering,VoucherNo_val_1593,Amount_val_1593,TaxRate_val_1593,Date_val_1593
1594,Matrix Precision Engineering,VoucherNo_val_1594,Amount_val_1594,TaxRate_val_1594,Date_val_1594
1595,Matrix Precision Engineering,VoucherNo_val_1595,Amount_val_1595,TaxRate_val_1595,Date_val_1595
1596,Matrix Precision Engineering,VoucherNo_val_1596,Amount_val_1596,TaxRate_val_1596,Date_val_1596
1597,Matrix Precision Engineering,VoucherNo_val_1597,Amount_val_1597,TaxRate_val_1597,Date_val_1597
1598,Matrix Precision Engineering,VoucherNo_val_1598,Amount_val_1598,TaxRate_val_1598,Date_val_1598
1599,Matrix Precision Engineering,VoucherNo_val_1599,Amount_val_1599,TaxRate_val_1599,Date_val_1599
1600,Matrix Precision Engineering,VoucherNo_val_1600,Amount_val_1600,TaxRate_val_1600,Date_val_1600
1601,Matrix Precision Engineering,VoucherNo_val_1601,Amount_val_1601,TaxRate_val_1601,Date_val_1601
1602,Matrix Precision Engineering,VoucherNo_val_1602,Amount_val_1602,TaxRate_val_1602,Date_val_1602
1603,Matrix Precision Engineering,VoucherNo_val_1603,Amount_val_1603,TaxRate_val_1603,Date_val_1603
1604,Matrix Precision Engineering,VoucherNo_val_1604,Amount_val_1604,TaxRate_val_1604,Date_val_1604
1605,Matrix Precision Engineering,VoucherNo_val_1605,Amount_val_1605,TaxRate_val_1605,Date_val_1605
1606,Matrix Precision Engineering,VoucherNo_val_1606,Amount_val_1606,TaxRate_val_1606,Date_val_1606
1607,Matrix Precision Engineering,VoucherNo_val_1607,Amount_val_1607,TaxRate_val_1607,Date_val_1607
1608,Matrix Precision Engineering,VoucherNo_val_1608,Amount_val_1608,TaxRate_val_1608,Date_val_1608
1609,Matrix Precision Engineering,VoucherNo_val_1609,Amount_val_1609,TaxRate_val_1609,Date_val_1609
1610,Matrix Precision Engineering,VoucherNo_val_1610,Amount_val_1610,TaxRate_val_1610,Date_val_1610
1611,Matrix Precision Engineering,VoucherNo_val_1611,Amount_val_1611,TaxRate_val_1611,Date_val_1611
1612,Matrix Precision Engineering,VoucherNo_val_1612,Amount_val_1612,TaxRate_val_1612,Date_val_1612
1613,Matrix Precision Engineering,VoucherNo_val_1613,Amount_val_1613,TaxRate_val_1613,Date_val_1613
1614,Matrix Precision Engineering,VoucherNo_val_1614,Amount_val_1614,TaxRate_val_1614,Date_val_1614
1615,Matrix Precision Engineering,VoucherNo_val_1615,Amount_val_1615,TaxRate_val_1615,Date_val_1615
1616,Matrix Precision Engineering,VoucherNo_val_1616,Amount_val_1616,TaxRate_val_1616,Date_val_1616
1617,Matrix Precision Engineering,VoucherNo_val_1617,Amount_val_1617,TaxRate_val_1617,Date_val_1617
1618,Matrix Precision Engineering,VoucherNo_val_1618,Amount_val_1618,TaxRate_val_1618,Date_val_1618
1619,Matrix Precision Engineering,VoucherNo_val_1619,Amount_val_1619,TaxRate_val_1619,Date_val_1619
1620,Matrix Precision Engineering,VoucherNo_val_1620,Amount_val_1620,TaxRate_val_1620,Date_val_1620
1621,Matrix Precision Engineering,VoucherNo_val_1621,Amount_val_1621,TaxRate_val_1621,Date_val_1621
1622,Matrix Precision Engineering,VoucherNo_val_1622,Amount_val_1622,TaxRate_val_1622,Date_val_1622
1623,Matrix Precision Engineering,VoucherNo_val_1623,Amount_val_1623,TaxRate_val_1623,Date_val_1623
1624,Matrix Precision Engineering,VoucherNo_val_1624,Amount_val_1624,TaxRate_val_1624,Date_val_1624
1625,Matrix Precision Engineering,VoucherNo_val_1625,Amount_val_1625,TaxRate_val_1625,Date_val_1625
1626,Matrix Precision Engineering,VoucherNo_val_1626,Amount_val_1626,TaxRate_val_1626,Date_val_1626
1627,Matrix Precision Engineering,VoucherNo_val_1627,Amount_val_1627,TaxRate_val_1627,Date_val_1627
1628,Matrix Precision Engineering,VoucherNo_val_1628,Amount_val_1628,TaxRate_val_1628,Date_val_1628
1629,Matrix Precision Engineering,VoucherNo_val_1629,Amount_val_1629,TaxRate_val_1629,Date_val_1629
1630,Matrix Precision Engineering,VoucherNo_val_1630,Amount_val_1630,TaxRate_val_1630,Date_val_1630
1631,Matrix Precision Engineering,VoucherNo_val_1631,Amount_val_1631,TaxRate_val_1631,Date_val_1631
1632,Matrix Precision Engineering,VoucherNo_val_1632,Amount_val_1632,TaxRate_val_1632,Date_val_1632
1633,Matrix Precision Engineering,VoucherNo_val_1633,Amount_val_1633,TaxRate_val_1633,Date_val_1633
1634,Matrix Precision Engineering,VoucherNo_val_1634,Amount_val_1634,TaxRate_val_1634,Date_val_1634
1635,Matrix Precision Engineering,VoucherNo_val_1635,Amount_val_1635,TaxRate_val_1635,Date_val_1635
1636,Matrix Precision Engineering,VoucherNo_val_1636,Amount_val_1636,TaxRate_val_1636,Date_val_1636
1637,Matrix Precision Engineering,VoucherNo_val_1637,Amount_val_1637,TaxRate_val_1637,Date_val_1637
1638,Matrix Precision Engineering,VoucherNo_val_1638,Amount_val_1638,TaxRate_val_1638,Date_val_1638
1639,Matrix Precision Engineering,VoucherNo_val_1639,Amount_val_1639,TaxRate_val_1639,Date_val_1639
1640,Matrix Precision Engineering,VoucherNo_val_1640,Amount_val_1640,TaxRate_val_1640,Date_val_1640
1641,Matrix Precision Engineering,VoucherNo_val_1641,Amount_val_1641,TaxRate_val_1641,Date_val_1641
1642,Matrix Precision Engineering,VoucherNo_val_1642,Amount_val_1642,TaxRate_val_1642,Date_val_1642
1643,Matrix Precision Engineering,VoucherNo_val_1643,Amount_val_1643,TaxRate_val_1643,Date_val_1643
1644,Matrix Precision Engineering,VoucherNo_val_1644,Amount_val_1644,TaxRate_val_1644,Date_val_1644
1645,Matrix Precision Engineering,VoucherNo_val_1645,Amount_val_1645,TaxRate_val_1645,Date_val_1645
1646,Matrix Precision Engineering,VoucherNo_val_1646,Amount_val_1646,TaxRate_val_1646,Date_val_1646
1647,Matrix Precision Engineering,VoucherNo_val_1647,Amount_val_1647,TaxRate_val_1647,Date_val_1647
1648,Matrix Precision Engineering,VoucherNo_val_1648,Amount_val_1648,TaxRate_val_1648,Date_val_1648
1649,Matrix Precision Engineering,VoucherNo_val_1649,Amount_val_1649,TaxRate_val_1649,Date_val_1649
1650,Matrix Precision Engineering,VoucherNo_val_1650,Amount_val_1650,TaxRate_val_1650,Date_val_1650
1651,Matrix Precision Engineering,VoucherNo_val_1651,Amount_val_1651,TaxRate_val_1651,Date_val_1651
1652,Matrix Precision Engineering,VoucherNo_val_1652,Amount_val_1652,TaxRate_val_1652,Date_val_1652
1653,Matrix Precision Engineering,VoucherNo_val_1653,Amount_val_1653,TaxRate_val_1653,Date_val_1653
1654,Matrix Precision Engineering,VoucherNo_val_1654,Amount_val_1654,TaxRate_val_1654,Date_val_1654
1655,Matrix Precision Engineering,VoucherNo_val_1655,Amount_val_1655,TaxRate_val_1655,Date_val_1655
1656,Matrix Precision Engineering,VoucherNo_val_1656,Amount_val_1656,TaxRate_val_1656,Date_val_1656
1657,Matrix Precision Engineering,VoucherNo_val_1657,Amount_val_1657,TaxRate_val_1657,Date_val_1657
1658,Matrix Precision Engineering,VoucherNo_val_1658,Amount_val_1658,TaxRate_val_1658,Date_val_1658
1659,Matrix Precision Engineering,VoucherNo_val_1659,Amount_val_1659,TaxRate_val_1659,Date_val_1659
1660,Matrix Precision Engineering,VoucherNo_val_1660,Amount_val_1660,TaxRate_val_1660,Date_val_1660
1661,Matrix Precision Engineering,VoucherNo_val_1661,Amount_val_1661,TaxRate_val_1661,Date_val_1661
1662,Matrix Precision Engineering,VoucherNo_val_1662,Amount_val_1662,TaxRate_val_1662,Date_val_1662
1663,Matrix Precision Engineering,VoucherNo_val_1663,Amount_val_1663,TaxRate_val_1663,Date_val_1663
1664,Matrix Precision Engineering,VoucherNo_val_1664,Amount_val_1664,TaxRate_val_1664,Date_val_1664
1665,Matrix Precision Engineering,VoucherNo_val_1665,Amount_val_1665,TaxRate_val_1665,Date_val_1665
1666,Matrix Precision Engineering,VoucherNo_val_1666,Amount_val_1666,TaxRate_val_1666,Date_val_1666
1667,Matrix Precision Engineering,VoucherNo_val_1667,Amount_val_1667,TaxRate_val_1667,Date_val_1667
1668,Matrix Precision Engineering,VoucherNo_val_1668,Amount_val_1668,TaxRate_val_1668,Date_val_1668
1669,Matrix Precision Engineering,VoucherNo_val_1669,Amount_val_1669,TaxRate_val_1669,Date_val_1669
1670,Matrix Precision Engineering,VoucherNo_val_1670,Amount_val_1670,TaxRate_val_1670,Date_val_1670
1671,Matrix Precision Engineering,VoucherNo_val_1671,Amount_val_1671,TaxRate_val_1671,Date_val_1671
1672,Matrix Precision Engineering,VoucherNo_val_1672,Amount_val_1672,TaxRate_val_1672,Date_val_1672
1673,Matrix Precision Engineering,VoucherNo_val_1673,Amount_val_1673,TaxRate_val_1673,Date_val_1673
1674,Matrix Precision Engineering,VoucherNo_val_1674,Amount_val_1674,TaxRate_val_1674,Date_val_1674
1675,Matrix Precision Engineering,VoucherNo_val_1675,Amount_val_1675,TaxRate_val_1675,Date_val_1675
1676,Matrix Precision Engineering,VoucherNo_val_1676,Amount_val_1676,TaxRate_val_1676,Date_val_1676
1677,Matrix Precision Engineering,VoucherNo_val_1677,Amount_val_1677,TaxRate_val_1677,Date_val_1677
1678,Matrix Precision Engineering,VoucherNo_val_1678,Amount_val_1678,TaxRate_val_1678,Date_val_1678
1679,Matrix Precision Engineering,VoucherNo_val_1679,Amount_val_1679,TaxRate_val_1679,Date_val_1679
1680,Matrix Precision Engineering,VoucherNo_val_1680,Amount_val_1680,TaxRate_val_1680,Date_val_1680
1681,Matrix Precision Engineering,VoucherNo_val_1681,Amount_val_1681,TaxRate_val_1681,Date_val_1681
1682,Matrix Precision Engineering,VoucherNo_val_1682,Amount_val_1682,TaxRate_val_1682,Date_val_1682
1683,Matrix Precision Engineering,VoucherNo_val_1683,Amount_val_1683,TaxRate_val_1683,Date_val_1683
1684,Matrix Precision Engineering,VoucherNo_val_1684,Amount_val_1684,TaxRate_val_1684,Date_val_1684
1685,Matrix Precision Engineering,VoucherNo_val_1685,Amount_val_1685,TaxRate_val_1685,Date_val_1685
1686,Matrix Precision Engineering,VoucherNo_val_1686,Amount_val_1686,TaxRate_val_1686,Date_val_1686
1687,Matrix Precision Engineering,VoucherNo_val_1687,Amount_val_1687,TaxRate_val_1687,Date_val_1687
1688,Matrix Precision Engineering,VoucherNo_val_1688,Amount_val_1688,TaxRate_val_1688,Date_val_1688
1689,Matrix Precision Engineering,VoucherNo_val_1689,Amount_val_1689,TaxRate_val_1689,Date_val_1689
1690,Matrix Precision Engineering,VoucherNo_val_1690,Amount_val_1690,TaxRate_val_1690,Date_val_1690
1691,Matrix Precision Engineering,VoucherNo_val_1691,Amount_val_1691,TaxRate_val_1691,Date_val_1691
1692,Matrix Precision Engineering,VoucherNo_val_1692,Amount_val_1692,TaxRate_val_1692,Date_val_1692
1693,Matrix Precision Engineering,VoucherNo_val_1693,Amount_val_1693,TaxRate_val_1693,Date_val_1693
1694,Matrix Precision Engineering,VoucherNo_val_1694,Amount_val_1694,TaxRate_val_1694,Date_val_1694
1695,Matrix Precision Engineering,VoucherNo_val_1695,Amount_val_1695,TaxRate_val_1695,Date_val_1695
1696,Matrix Precision Engineering,VoucherNo_val_1696,Amount_val_1696,TaxRate_val_1696,Date_val_1696
1697,Matrix Precision Engineering,VoucherNo_val_1697,Amount_val_1697,TaxRate_val_1697,Date_val_1697
1698,Matrix Precision Engineering,VoucherNo_val_1698,Amount_val_1698,TaxRate_val_1698,Date_val_1698
1699,Matrix Precision Engineering,VoucherNo_val_1699,Amount_val_1699,TaxRate_val_1699,Date_val_1699
1700,Matrix Precision Engineering,VoucherNo_val_1700,Amount_val_1700,TaxRate_val_1700,Date_val_1700
1701,Matrix Precision Engineering,VoucherNo_val_1701,Amount_val_1701,TaxRate_val_1701,Date_val_1701
1702,Matrix Precision Engineering,VoucherNo_val_1702,Amount_val_1702,TaxRate_val_1702,Date_val_1702
1703,Matrix Precision Engineering,VoucherNo_val_1703,Amount_val_1703,TaxRate_val_1703,Date_val_1703
1704,Matrix Precision Engineering,VoucherNo_val_1704,Amount_val_1704,TaxRate_val_1704,Date_val_1704
1705,Matrix Precision Engineering,VoucherNo_val_1705,Amount_val_1705,TaxRate_val_1705,Date_val_1705
1706,Matrix Precision Engineering,VoucherNo_val_1706,Amount_val_1706,TaxRate_val_1706,Date_val_1706
1707,Matrix Precision Engineering,VoucherNo_val_1707,Amount_val_1707,TaxRate_val_1707,Date_val_1707
1708,Matrix Precision Engineering,VoucherNo_val_1708,Amount_val_1708,TaxRate_val_1708,Date_val_1708
1709,Matrix Precision Engineering,VoucherNo_val_1709,Amount_val_1709,TaxRate_val_1709,Date_val_1709
1710,Matrix Precision Engineering,VoucherNo_val_1710,Amount_val_1710,TaxRate_val_1710,Date_val_1710
1711,Matrix Precision Engineering,VoucherNo_val_1711,Amount_val_1711,TaxRate_val_1711,Date_val_1711
1712,Matrix Precision Engineering,VoucherNo_val_1712,Amount_val_1712,TaxRate_val_1712,Date_val_1712
1713,Matrix Precision Engineering,VoucherNo_val_1713,Amount_val_1713,TaxRate_val_1713,Date_val_1713
1714,Matrix Precision Engineering,VoucherNo_val_1714,Amount_val_1714,TaxRate_val_1714,Date_val_1714
1715,Matrix Precision Engineering,VoucherNo_val_1715,Amount_val_1715,TaxRate_val_1715,Date_val_1715
1716,Matrix Precision Engineering,VoucherNo_val_1716,Amount_val_1716,TaxRate_val_1716,Date_val_1716
1717,Matrix Precision Engineering,VoucherNo_val_1717,Amount_val_1717,TaxRate_val_1717,Date_val_1717
1718,Matrix Precision Engineering,VoucherNo_val_1718,Amount_val_1718,TaxRate_val_1718,Date_val_1718
1719,Matrix Precision Engineering,VoucherNo_val_1719,Amount_val_1719,TaxRate_val_1719,Date_val_1719
1720,Matrix Precision Engineering,VoucherNo_val_1720,Amount_val_1720,TaxRate_val_1720,Date_val_1720
1721,Matrix Precision Engineering,VoucherNo_val_1721,Amount_val_1721,TaxRate_val_1721,Date_val_1721
1722,Matrix Precision Engineering,VoucherNo_val_1722,Amount_val_1722,TaxRate_val_1722,Date_val_1722
1723,Matrix Precision Engineering,VoucherNo_val_1723,Amount_val_1723,TaxRate_val_1723,Date_val_1723
1724,Matrix Precision Engineering,VoucherNo_val_1724,Amount_val_1724,TaxRate_val_1724,Date_val_1724
1725,Matrix Precision Engineering,VoucherNo_val_1725,Amount_val_1725,TaxRate_val_1725,Date_val_1725
1726,Matrix Precision Engineering,VoucherNo_val_1726,Amount_val_1726,TaxRate_val_1726,Date_val_1726
1727,Matrix Precision Engineering,VoucherNo_val_1727,Amount_val_1727,TaxRate_val_1727,Date_val_1727
1728,Matrix Precision Engineering,VoucherNo_val_1728,Amount_val_1728,TaxRate_val_1728,Date_val_1728
1729,Matrix Precision Engineering,VoucherNo_val_1729,Amount_val_1729,TaxRate_val_1729,Date_val_1729
1730,Matrix Precision Engineering,VoucherNo_val_1730,Amount_val_1730,TaxRate_val_1730,Date_val_1730
1731,Matrix Precision Engineering,VoucherNo_val_1731,Amount_val_1731,TaxRate_val_1731,Date_val_1731
1732,Matrix Precision Engineering,VoucherNo_val_1732,Amount_val_1732,TaxRate_val_1732,Date_val_1732
1733,Matrix Precision Engineering,VoucherNo_val_1733,Amount_val_1733,TaxRate_val_1733,Date_val_1733
1734,Matrix Precision Engineering,VoucherNo_val_1734,Amount_val_1734,TaxRate_val_1734,Date_val_1734
1735,Matrix Precision Engineering,VoucherNo_val_1735,Amount_val_1735,TaxRate_val_1735,Date_val_1735
1736,Matrix Precision Engineering,VoucherNo_val_1736,Amount_val_1736,TaxRate_val_1736,Date_val_1736
1737,Matrix Precision Engineering,VoucherNo_val_1737,Amount_val_1737,TaxRate_val_1737,Date_val_1737
1738,Matrix Precision Engineering,VoucherNo_val_1738,Amount_val_1738,TaxRate_val_1738,Date_val_1738
1739,Matrix Precision Engineering,VoucherNo_val_1739,Amount_val_1739,TaxRate_val_1739,Date_val_1739
1740,Matrix Precision Engineering,VoucherNo_val_1740,Amount_val_1740,TaxRate_val_1740,Date_val_1740
1741,Matrix Precision Engineering,VoucherNo_val_1741,Amount_val_1741,TaxRate_val_1741,Date_val_1741
1742,Matrix Precision Engineering,VoucherNo_val_1742,Amount_val_1742,TaxRate_val_1742,Date_val_1742
1743,Matrix Precision Engineering,VoucherNo_val_1743,Amount_val_1743,TaxRate_val_1743,Date_val_1743
1744,Matrix Precision Engineering,VoucherNo_val_1744,Amount_val_1744,TaxRate_val_1744,Date_val_1744
1745,Matrix Precision Engineering,VoucherNo_val_1745,Amount_val_1745,TaxRate_val_1745,Date_val_1745
1746,Matrix Precision Engineering,VoucherNo_val_1746,Amount_val_1746,TaxRate_val_1746,Date_val_1746
1747,Matrix Precision Engineering,VoucherNo_val_1747,Amount_val_1747,TaxRate_val_1747,Date_val_1747
1748,Matrix Precision Engineering,VoucherNo_val_1748,Amount_val_1748,TaxRate_val_1748,Date_val_1748
1749,Matrix Precision Engineering,VoucherNo_val_1749,Amount_val_1749,TaxRate_val_1749,Date_val_1749
1750,Matrix Precision Engineering,VoucherNo_val_1750,Amount_val_1750,TaxRate_val_1750,Date_val_1750
1751,Matrix Precision Engineering,VoucherNo_val_1751,Amount_val_1751,TaxRate_val_1751,Date_val_1751
1752,Matrix Precision Engineering,VoucherNo_val_1752,Amount_val_1752,TaxRate_val_1752,Date_val_1752
1753,Matrix Precision Engineering,VoucherNo_val_1753,Amount_val_1753,TaxRate_val_1753,Date_val_1753
1754,Matrix Precision Engineering,VoucherNo_val_1754,Amount_val_1754,TaxRate_val_1754,Date_val_1754
1755,Matrix Precision Engineering,VoucherNo_val_1755,Amount_val_1755,TaxRate_val_1755,Date_val_1755
1756,Matrix Precision Engineering,VoucherNo_val_1756,Amount_val_1756,TaxRate_val_1756,Date_val_1756
1757,Matrix Precision Engineering,VoucherNo_val_1757,Amount_val_1757,TaxRate_val_1757,Date_val_1757
1758,Matrix Precision Engineering,VoucherNo_val_1758,Amount_val_1758,TaxRate_val_1758,Date_val_1758
1759,Matrix Precision Engineering,VoucherNo_val_1759,Amount_val_1759,TaxRate_val_1759,Date_val_1759
1760,Matrix Precision Engineering,VoucherNo_val_1760,Amount_val_1760,TaxRate_val_1760,Date_val_1760
1761,Matrix Precision Engineering,VoucherNo_val_1761,Amount_val_1761,TaxRate_val_1761,Date_val_1761
1762,Matrix Precision Engineering,VoucherNo_val_1762,Amount_val_1762,TaxRate_val_1762,Date_val_1762
1763,Matrix Precision Engineering,VoucherNo_val_1763,Amount_val_1763,TaxRate_val_1763,Date_val_1763
1764,Matrix Precision Engineering,VoucherNo_val_1764,Amount_val_1764,TaxRate_val_1764,Date_val_1764
1765,Matrix Precision Engineering,VoucherNo_val_1765,Amount_val_1765,TaxRate_val_1765,Date_val_1765
1766,Matrix Precision Engineering,VoucherNo_val_1766,Amount_val_1766,TaxRate_val_1766,Date_val_1766
1767,Matrix Precision Engineering,VoucherNo_val_1767,Amount_val_1767,TaxRate_val_1767,Date_val_1767
1768,Matrix Precision Engineering,VoucherNo_val_1768,Amount_val_1768,TaxRate_val_1768,Date_val_1768
1769,Matrix Precision Engineering,VoucherNo_val_1769,Amount_val_1769,TaxRate_val_1769,Date_val_1769
1770,Matrix Precision Engineering,VoucherNo_val_1770,Amount_val_1770,TaxRate_val_1770,Date_val_1770
1771,Matrix Precision Engineering,VoucherNo_val_1771,Amount_val_1771,TaxRate_val_1771,Date_val_1771
1772,Matrix Precision Engineering,VoucherNo_val_1772,Amount_val_1772,TaxRate_val_1772,Date_val_1772
1773,Matrix Precision Engineering,VoucherNo_val_1773,Amount_val_1773,TaxRate_val_1773,Date_val_1773
1774,Matrix Precision Engineering,VoucherNo_val_1774,Amount_val_1774,TaxRate_val_1774,Date_val_1774
1775,Matrix Precision Engineering,VoucherNo_val_1775,Amount_val_1775,TaxRate_val_1775,Date_val_1775
1776,Matrix Precision Engineering,VoucherNo_val_1776,Amount_val_1776,TaxRate_val_1776,Date_val_1776
1777,Matrix Precision Engineering,VoucherNo_val_1777,Amount_val_1777,TaxRate_val_1777,Date_val_1777
1778,Matrix Precision Engineering,VoucherNo_val_1778,Amount_val_1778,TaxRate_val_1778,Date_val_1778
1779,Matrix Precision Engineering,VoucherNo_val_1779,Amount_val_1779,TaxRate_val_1779,Date_val_1779
1780,Matrix Precision Engineering,VoucherNo_val_1780,Amount_val_1780,TaxRate_val_1780,Date_val_1780
1781,Matrix Precision Engineering,VoucherNo_val_1781,Amount_val_1781,TaxRate_val_1781,Date_val_1781
1782,Matrix Precision Engineering,VoucherNo_val_1782,Amount_val_1782,TaxRate_val_1782,Date_val_1782
1783,Matrix Precision Engineering,VoucherNo_val_1783,Amount_val_1783,TaxRate_val_1783,Date_val_1783
1784,Matrix Precision Engineering,VoucherNo_val_1784,Amount_val_1784,TaxRate_val_1784,Date_val_1784
1785,Matrix Precision Engineering,VoucherNo_val_1785,Amount_val_1785,TaxRate_val_1785,Date_val_1785
1786,Matrix Precision Engineering,VoucherNo_val_1786,Amount_val_1786,TaxRate_val_1786,Date_val_1786
1787,Matrix Precision Engineering,VoucherNo_val_1787,Amount_val_1787,TaxRate_val_1787,Date_val_1787
1788,Matrix Precision Engineering,VoucherNo_val_1788,Amount_val_1788,TaxRate_val_1788,Date_val_1788
1789,Matrix Precision Engineering,VoucherNo_val_1789,Amount_val_1789,TaxRate_val_1789,Date_val_1789
1790,Matrix Precision Engineering,VoucherNo_val_1790,Amount_val_1790,TaxRate_val_1790,Date_val_1790
1791,Matrix Precision Engineering,VoucherNo_val_1791,Amount_val_1791,TaxRate_val_1791,Date_val_1791
1792,Matrix Precision Engineering,VoucherNo_val_1792,Amount_val_1792,TaxRate_val_1792,Date_val_1792
1793,Matrix Precision Engineering,VoucherNo_val_1793,Amount_val_1793,TaxRate_val_1793,Date_val_1793
1794,Matrix Precision Engineering,VoucherNo_val_1794,Amount_val_1794,TaxRate_val_1794,Date_val_1794
1795,Matrix Precision Engineering,VoucherNo_val_1795,Amount_val_1795,TaxRate_val_1795,Date_val_1795
1796,Matrix Precision Engineering,VoucherNo_val_1796,Amount_val_1796,TaxRate_val_1796,Date_val_1796
1797,Matrix Precision Engineering,VoucherNo_val_1797,Amount_val_1797,TaxRate_val_1797,Date_val_1797
1798,Matrix Precision Engineering,VoucherNo_val_1798,Amount_val_1798,TaxRate_val_1798,Date_val_1798
1799,Matrix Precision Engineering,VoucherNo_val_1799,Amount_val_1799,TaxRate_val_1799,Date_val_1799
1800,Matrix Precision Engineering,VoucherNo_val_1800,Amount_val_1800,TaxRate_val_1800,Date_val_1800
1801,Matrix Precision Engineering,VoucherNo_val_1801,Amount_val_1801,TaxRate_val_1801,Date_val_1801
1802,Matrix Precision Engineering,VoucherNo_val_1802,Amount_val_1802,TaxRate_val_1802,Date_val_1802
1803,Matrix Precision Engineering,VoucherNo_val_1803,Amount_val_1803,TaxRate_val_1803,Date_val_1803
1804,Matrix Precision Engineering,VoucherNo_val_1804,Amount_val_1804,TaxRate_val_1804,Date_val_1804
1805,Matrix Precision Engineering,VoucherNo_val_1805,Amount_val_1805,TaxRate_val_1805,Date_val_1805
1806,Matrix Precision Engineering,VoucherNo_val_1806,Amount_val_1806,TaxRate_val_1806,Date_val_1806
1807,Matrix Precision Engineering,VoucherNo_val_1807,Amount_val_1807,TaxRate_val_1807,Date_val_1807
1808,Matrix Precision Engineering,VoucherNo_val_1808,Amount_val_1808,TaxRate_val_1808,Date_val_1808
1809,Matrix Precision Engineering,VoucherNo_val_1809,Amount_val_1809,TaxRate_val_1809,Date_val_1809
1810,Matrix Precision Engineering,VoucherNo_val_1810,Amount_val_1810,TaxRate_val_1810,Date_val_1810
1811,Matrix Precision Engineering,VoucherNo_val_1811,Amount_val_1811,TaxRate_val_1811,Date_val_1811
1812,Matrix Precision Engineering,VoucherNo_val_1812,Amount_val_1812,TaxRate_val_1812,Date_val_1812
1813,Matrix Precision Engineering,VoucherNo_val_1813,Amount_val_1813,TaxRate_val_1813,Date_val_1813
1814,Matrix Precision Engineering,VoucherNo_val_1814,Amount_val_1814,TaxRate_val_1814,Date_val_1814
1815,Matrix Precision Engineering,VoucherNo_val_1815,Amount_val_1815,TaxRate_val_1815,Date_val_1815
1816,Matrix Precision Engineering,VoucherNo_val_1816,Amount_val_1816,TaxRate_val_1816,Date_val_1816
1817,Matrix Precision Engineering,VoucherNo_val_1817,Amount_val_1817,TaxRate_val_1817,Date_val_1817
1818,Matrix Precision Engineering,VoucherNo_val_1818,Amount_val_1818,TaxRate_val_1818,Date_val_1818
1819,Matrix Precision Engineering,VoucherNo_val_1819,Amount_val_1819,TaxRate_val_1819,Date_val_1819
1820,Matrix Precision Engineering,VoucherNo_val_1820,Amount_val_1820,TaxRate_val_1820,Date_val_1820
1821,Matrix Precision Engineering,VoucherNo_val_1821,Amount_val_1821,TaxRate_val_1821,Date_val_1821
1822,Matrix Precision Engineering,VoucherNo_val_1822,Amount_val_1822,TaxRate_val_1822,Date_val_1822
1823,Matrix Precision Engineering,VoucherNo_val_1823,Amount_val_1823,TaxRate_val_1823,Date_val_1823
1824,Matrix Precision Engineering,VoucherNo_val_1824,Amount_val_1824,TaxRate_val_1824,Date_val_1824
1825,Matrix Precision Engineering,VoucherNo_val_1825,Amount_val_1825,TaxRate_val_1825,Date_val_1825
1826,Matrix Precision Engineering,VoucherNo_val_1826,Amount_val_1826,TaxRate_val_1826,Date_val_1826
1827,Matrix Precision Engineering,VoucherNo_val_1827,Amount_val_1827,TaxRate_val_1827,Date_val_1827
1828,Matrix Precision Engineering,VoucherNo_val_1828,Amount_val_1828,TaxRate_val_1828,Date_val_1828
1829,Matrix Precision Engineering,VoucherNo_val_1829,Amount_val_1829,TaxRate_val_1829,Date_val_1829
1830,Matrix Precision Engineering,VoucherNo_val_1830,Amount_val_1830,TaxRate_val_1830,Date_val_1830
1831,Matrix Precision Engineering,VoucherNo_val_1831,Amount_val_1831,TaxRate_val_1831,Date_val_1831
1832,Matrix Precision Engineering,VoucherNo_val_1832,Amount_val_1832,TaxRate_val_1832,Date_val_1832
1833,Matrix Precision Engineering,VoucherNo_val_1833,Amount_val_1833,TaxRate_val_1833,Date_val_1833
1834,Matrix Precision Engineering,VoucherNo_val_1834,Amount_val_1834,TaxRate_val_1834,Date_val_1834
1835,Matrix Precision Engineering,VoucherNo_val_1835,Amount_val_1835,TaxRate_val_1835,Date_val_1835
1836,Matrix Precision Engineering,VoucherNo_val_1836,Amount_val_1836,TaxRate_val_1836,Date_val_1836
1837,Matrix Precision Engineering,VoucherNo_val_1837,Amount_val_1837,TaxRate_val_1837,Date_val_1837
1838,Matrix Precision Engineering,VoucherNo_val_1838,Amount_val_1838,TaxRate_val_1838,Date_val_1838
1839,Matrix Precision Engineering,VoucherNo_val_1839,Amount_val_1839,TaxRate_val_1839,Date_val_1839
1840,Matrix Precision Engineering,VoucherNo_val_1840,Amount_val_1840,TaxRate_val_1840,Date_val_1840
1841,Matrix Precision Engineering,VoucherNo_val_1841,Amount_val_1841,TaxRate_val_1841,Date_val_1841
1842,Matrix Precision Engineering,VoucherNo_val_1842,Amount_val_1842,TaxRate_val_1842,Date_val_1842
1843,Matrix Precision Engineering,VoucherNo_val_1843,Amount_val_1843,TaxRate_val_1843,Date_val_1843
1844,Matrix Precision Engineering,VoucherNo_val_1844,Amount_val_1844,TaxRate_val_1844,Date_val_1844
1845,Matrix Precision Engineering,VoucherNo_val_1845,Amount_val_1845,TaxRate_val_1845,Date_val_1845
1846,Matrix Precision Engineering,VoucherNo_val_1846,Amount_val_1846,TaxRate_val_1846,Date_val_1846
1847,Matrix Precision Engineering,VoucherNo_val_1847,Amount_val_1847,TaxRate_val_1847,Date_val_1847
1848,Matrix Precision Engineering,VoucherNo_val_1848,Amount_val_1848,TaxRate_val_1848,Date_val_1848
1849,Matrix Precision Engineering,VoucherNo_val_1849,Amount_val_1849,TaxRate_val_1849,Date_val_1849
1850,Matrix Precision Engineering,VoucherNo_val_1850,Amount_val_1850,TaxRate_val_1850,Date_val_1850
1851,Matrix Precision Engineering,VoucherNo_val_1851,Amount_val_1851,TaxRate_val_1851,Date_val_1851
1852,Matrix Precision Engineering,VoucherNo_val_1852,Amount_val_1852,TaxRate_val_1852,Date_val_1852
1853,Matrix Precision Engineering,VoucherNo_val_1853,Amount_val_1853,TaxRate_val_1853,Date_val_1853
1854,Matrix Precision Engineering,VoucherNo_val_1854,Amount_val_1854,TaxRate_val_1854,Date_val_1854
1855,Matrix Precision Engineering,VoucherNo_val_1855,Amount_val_1855,TaxRate_val_1855,Date_val_1855
1856,Matrix Precision Engineering,VoucherNo_val_1856,Amount_val_1856,TaxRate_val_1856,Date_val_1856
1857,Matrix Precision Engineering,VoucherNo_val_1857,Amount_val_1857,TaxRate_val_1857,Date_val_1857
1858,Matrix Precision Engineering,VoucherNo_val_1858,Amount_val_1858,TaxRate_val_1858,Date_val_1858
1859,Matrix Precision Engineering,VoucherNo_val_1859,Amount_val_1859,TaxRate_val_1859,Date_val_1859
1860,Matrix Precision Engineering,VoucherNo_val_1860,Amount_val_1860,TaxRate_val_1860,Date_val_1860
1861,Matrix Precision Engineering,VoucherNo_val_1861,Amount_val_1861,TaxRate_val_1861,Date_val_1861
1862,Matrix Precision Engineering,VoucherNo_val_1862,Amount_val_1862,TaxRate_val_1862,Date_val_1862
1863,Matrix Precision Engineering,VoucherNo_val_1863,Amount_val_1863,TaxRate_val_1863,Date_val_1863
1864,Matrix Precision Engineering,VoucherNo_val_1864,Amount_val_1864,TaxRate_val_1864,Date_val_1864
1865,Matrix Precision Engineering,VoucherNo_val_1865,Amount_val_1865,TaxRate_val_1865,Date_val_1865
1866,Matrix Precision Engineering,VoucherNo_val_1866,Amount_val_1866,TaxRate_val_1866,Date_val_1866
1867,Matrix Precision Engineering,VoucherNo_val_1867,Amount_val_1867,TaxRate_val_1867,Date_val_1867
1868,Matrix Precision Engineering,VoucherNo_val_1868,Amount_val_1868,TaxRate_val_1868,Date_val_1868
1869,Matrix Precision Engineering,VoucherNo_val_1869,Amount_val_1869,TaxRate_val_1869,Date_val_1869
1870,Matrix Precision Engineering,VoucherNo_val_1870,Amount_val_1870,TaxRate_val_1870,Date_val_1870
1871,Matrix Precision Engineering,VoucherNo_val_1871,Amount_val_1871,TaxRate_val_1871,Date_val_1871
1872,Matrix Precision Engineering,VoucherNo_val_1872,Amount_val_1872,TaxRate_val_1872,Date_val_1872
1873,Matrix Precision Engineering,VoucherNo_val_1873,Amount_val_1873,TaxRate_val_1873,Date_val_1873
1874,Matrix Precision Engineering,VoucherNo_val_1874,Amount_val_1874,TaxRate_val_1874,Date_val_1874
1875,Matrix Precision Engineering,VoucherNo_val_1875,Amount_val_1875,TaxRate_val_1875,Date_val_1875
1876,Matrix Precision Engineering,VoucherNo_val_1876,Amount_val_1876,TaxRate_val_1876,Date_val_1876
1877,Matrix Precision Engineering,VoucherNo_val_1877,Amount_val_1877,TaxRate_val_1877,Date_val_1877
1878,Matrix Precision Engineering,VoucherNo_val_1878,Amount_val_1878,TaxRate_val_1878,Date_val_1878
1879,Matrix Precision Engineering,VoucherNo_val_1879,Amount_val_1879,TaxRate_val_1879,Date_val_1879
1880,Matrix Precision Engineering,VoucherNo_val_1880,Amount_val_1880,TaxRate_val_1880,Date_val_1880
1881,Matrix Precision Engineering,VoucherNo_val_1881,Amount_val_1881,TaxRate_val_1881,Date_val_1881
1882,Matrix Precision Engineering,VoucherNo_val_1882,Amount_val_1882,TaxRate_val_1882,Date_val_1882
1883,Matrix Precision Engineering,VoucherNo_val_1883,Amount_val_1883,TaxRate_val_1883,Date_val_1883
1884,Matrix Precision Engineering,VoucherNo_val_1884,Amount_val_1884,TaxRate_val_1884,Date_val_1884
1885,Matrix Precision Engineering,VoucherNo_val_1885,Amount_val_1885,TaxRate_val_1885,Date_val_1885
1886,Matrix Precision Engineering,VoucherNo_val_1886,Amount_val_1886,TaxRate_val_1886,Date_val_1886
1887,Matrix Precision Engineering,VoucherNo_val_1887,Amount_val_1887,TaxRate_val_1887,Date_val_1887
1888,Matrix Precision Engineering,VoucherNo_val_1888,Amount_val_1888,TaxRate_val_1888,Date_val_1888
1889,Matrix Precision Engineering,VoucherNo_val_1889,Amount_val_1889,TaxRate_val_1889,Date_val_1889
1890,Matrix Precision Engineering,VoucherNo_val_1890,Amount_val_1890,TaxRate_val_1890,Date_val_1890
1891,Matrix Precision Engineering,VoucherNo_val_1891,Amount_val_1891,TaxRate_val_1891,Date_val_1891
1892,Matrix Precision Engineering,VoucherNo_val_1892,Amount_val_1892,TaxRate_val_1892,Date_val_1892
1893,Matrix Precision Engineering,VoucherNo_val_1893,Amount_val_1893,TaxRate_val_1893,Date_val_1893
1894,Matrix Precision Engineering,VoucherNo_val_1894,Amount_val_1894,TaxRate_val_1894,Date_val_1894
1895,Matrix Precision Engineering,VoucherNo_val_1895,Amount_val_1895,TaxRate_val_1895,Date_val_1895
1896,Matrix Precision Engineering,VoucherNo_val_1896,Amount_val_1896,TaxRate_val_1896,Date_val_1896
1897,Matrix Precision Engineering,VoucherNo_val_1897,Amount_val_1897,TaxRate_val_1897,Date_val_1897
1898,Matrix Precision Engineering,VoucherNo_val_1898,Amount_val_1898,TaxRate_val_1898,Date_val_1898
1899,Matrix Precision Engineering,VoucherNo_val_1899,Amount_val_1899,TaxRate_val_1899,Date_val_1899
1900,Matrix Precision Engineering,VoucherNo_val_1900,Amount_val_1900,TaxRate_val_1900,Date_val_1900
1901,Matrix Precision Engineering,VoucherNo_val_1901,Amount_val_1901,TaxRate_val_1901,Date_val_1901
1902,Matrix Precision Engineering,VoucherNo_val_1902,Amount_val_1902,TaxRate_val_1902,Date_val_1902
1903,Matrix Precision Engineering,VoucherNo_val_1903,Amount_val_1903,TaxRate_val_1903,Date_val_1903
1904,Matrix Precision Engineering,VoucherNo_val_1904,Amount_val_1904,TaxRate_val_1904,Date_val_1904
1905,Matrix Precision Engineering,VoucherNo_val_1905,Amount_val_1905,TaxRate_val_1905,Date_val_1905
1906,Matrix Precision Engineering,VoucherNo_val_1906,Amount_val_1906,TaxRate_val_1906,Date_val_1906
1907,Matrix Precision Engineering,VoucherNo_val_1907,Amount_val_1907,TaxRate_val_1907,Date_val_1907
1908,Matrix Precision Engineering,VoucherNo_val_1908,Amount_val_1908,TaxRate_val_1908,Date_val_1908
1909,Matrix Precision Engineering,VoucherNo_val_1909,Amount_val_1909,TaxRate_val_1909,Date_val_1909
1910,Matrix Precision Engineering,VoucherNo_val_1910,Amount_val_1910,TaxRate_val_1910,Date_val_1910
1911,Matrix Precision Engineering,VoucherNo_val_1911,Amount_val_1911,TaxRate_val_1911,Date_val_1911
1912,Matrix Precision Engineering,VoucherNo_val_1912,Amount_val_1912,TaxRate_val_1912,Date_val_1912
1913,Matrix Precision Engineering,VoucherNo_val_1913,Amount_val_1913,TaxRate_val_1913,Date_val_1913
1914,Matrix Precision Engineering,VoucherNo_val_1914,Amount_val_1914,TaxRate_val_1914,Date_val_1914
1915,Matrix Precision Engineering,VoucherNo_val_1915,Amount_val_1915,TaxRate_val_1915,Date_val_1915
1916,Matrix Precision Engineering,VoucherNo_val_1916,Amount_val_1916,TaxRate_val_1916,Date_val_1916
1917,Matrix Precision Engineering,VoucherNo_val_1917,Amount_val_1917,TaxRate_val_1917,Date_val_1917
1918,Matrix Precision Engineering,VoucherNo_val_1918,Amount_val_1918,TaxRate_val_1918,Date_val_1918
1919,Matrix Precision Engineering,VoucherNo_val_1919,Amount_val_1919,TaxRate_val_1919,Date_val_1919
1920,Matrix Precision Engineering,VoucherNo_val_1920,Amount_val_1920,TaxRate_val_1920,Date_val_1920
1921,Matrix Precision Engineering,VoucherNo_val_1921,Amount_val_1921,TaxRate_val_1921,Date_val_1921
1922,Matrix Precision Engineering,VoucherNo_val_1922,Amount_val_1922,TaxRate_val_1922,Date_val_1922
1923,Matrix Precision Engineering,VoucherNo_val_1923,Amount_val_1923,TaxRate_val_1923,Date_val_1923
1924,Matrix Precision Engineering,VoucherNo_val_1924,Amount_val_1924,TaxRate_val_1924,Date_val_1924
1925,Matrix Precision Engineering,VoucherNo_val_1925,Amount_val_1925,TaxRate_val_1925,Date_val_1925
1926,Matrix Precision Engineering,VoucherNo_val_1926,Amount_val_1926,TaxRate_val_1926,Date_val_1926
1927,Matrix Precision Engineering,VoucherNo_val_1927,Amount_val_1927,TaxRate_val_1927,Date_val_1927
1928,Matrix Precision Engineering,VoucherNo_val_1928,Amount_val_1928,TaxRate_val_1928,Date_val_1928
1929,Matrix Precision Engineering,VoucherNo_val_1929,Amount_val_1929,TaxRate_val_1929,Date_val_1929
1930,Matrix Precision Engineering,VoucherNo_val_1930,Amount_val_1930,TaxRate_val_1930,Date_val_1930
1931,Matrix Precision Engineering,VoucherNo_val_1931,Amount_val_1931,TaxRate_val_1931,Date_val_1931
1932,Matrix Precision Engineering,VoucherNo_val_1932,Amount_val_1932,TaxRate_val_1932,Date_val_1932
1933,Matrix Precision Engineering,VoucherNo_val_1933,Amount_val_1933,TaxRate_val_1933,Date_val_1933
1934,Matrix Precision Engineering,VoucherNo_val_1934,Amount_val_1934,TaxRate_val_1934,Date_val_1934
1935,Matrix Precision Engineering,VoucherNo_val_1935,Amount_val_1935,TaxRate_val_1935,Date_val_1935
1936,Matrix Precision Engineering,VoucherNo_val_1936,Amount_val_1936,TaxRate_val_1936,Date_val_1936
1937,Matrix Precision Engineering,VoucherNo_val_1937,Amount_val_1937,TaxRate_val_1937,Date_val_1937
1938,Matrix Precision Engineering,VoucherNo_val_1938,Amount_val_1938,TaxRate_val_1938,Date_val_1938
1939,Matrix Precision Engineering,VoucherNo_val_1939,Amount_val_1939,TaxRate_val_1939,Date_val_1939
1940,Matrix Precision Engineering,VoucherNo_val_1940,Amount_val_1940,TaxRate_val_1940,Date_val_1940
1941,Matrix Precision Engineering,VoucherNo_val_1941,Amount_val_1941,TaxRate_val_1941,Date_val_1941
1942,Matrix Precision Engineering,VoucherNo_val_1942,Amount_val_1942,TaxRate_val_1942,Date_val_1942
1943,Matrix Precision Engineering,VoucherNo_val_1943,Amount_val_1943,TaxRate_val_1943,Date_val_1943
1944,Matrix Precision Engineering,VoucherNo_val_1944,Amount_val_1944,TaxRate_val_1944,Date_val_1944
1945,Matrix Precision Engineering,VoucherNo_val_1945,Amount_val_1945,TaxRate_val_1945,Date_val_1945
1946,Matrix Precision Engineering,VoucherNo_val_1946,Amount_val_1946,TaxRate_val_1946,Date_val_1946
1947,Matrix Precision Engineering,VoucherNo_val_1947,Amount_val_1947,TaxRate_val_1947,Date_val_1947
1948,Matrix Precision Engineering,VoucherNo_val_1948,Amount_val_1948,TaxRate_val_1948,Date_val_1948
1949,Matrix Precision Engineering,VoucherNo_val_1949,Amount_val_1949,TaxRate_val_1949,Date_val_1949
1950,Matrix Precision Engineering,VoucherNo_val_1950,Amount_val_1950,TaxRate_val_1950,Date_val_1950
1951,Matrix Precision Engineering,VoucherNo_val_1951,Amount_val_1951,TaxRate_val_1951,Date_val_1951
1952,Matrix Precision Engineering,VoucherNo_val_1952,Amount_val_1952,TaxRate_val_1952,Date_val_1952
1953,Matrix Precision Engineering,VoucherNo_val_1953,Amount_val_1953,TaxRate_val_1953,Date_val_1953
1954,Matrix Precision Engineering,VoucherNo_val_1954,Amount_val_1954,TaxRate_val_1954,Date_val_1954
1955,Matrix Precision Engineering,VoucherNo_val_1955,Amount_val_1955,TaxRate_val_1955,Date_val_1955
1956,Matrix Precision Engineering,VoucherNo_val_1956,Amount_val_1956,TaxRate_val_1956,Date_val_1956
1957,Matrix Precision Engineering,VoucherNo_val_1957,Amount_val_1957,TaxRate_val_1957,Date_val_1957
1958,Matrix Precision Engineering,VoucherNo_val_1958,Amount_val_1958,TaxRate_val_1958,Date_val_1958
1959,Matrix Precision Engineering,VoucherNo_val_1959,Amount_val_1959,TaxRate_val_1959,Date_val_1959
1960,Matrix Precision Engineering,VoucherNo_val_1960,Amount_val_1960,TaxRate_val_1960,Date_val_1960
1961,Matrix Precision Engineering,VoucherNo_val_1961,Amount_val_1961,TaxRate_val_1961,Date_val_1961
1962,Matrix Precision Engineering,VoucherNo_val_1962,Amount_val_1962,TaxRate_val_1962,Date_val_1962
1963,Matrix Precision Engineering,VoucherNo_val_1963,Amount_val_1963,TaxRate_val_1963,Date_val_1963
1964,Matrix Precision Engineering,VoucherNo_val_1964,Amount_val_1964,TaxRate_val_1964,Date_val_1964
1965,Matrix Precision Engineering,VoucherNo_val_1965,Amount_val_1965,TaxRate_val_1965,Date_val_1965
1966,Matrix Precision Engineering,VoucherNo_val_1966,Amount_val_1966,TaxRate_val_1966,Date_val_1966
1967,Matrix Precision Engineering,VoucherNo_val_1967,Amount_val_1967,TaxRate_val_1967,Date_val_1967
1968,Matrix Precision Engineering,VoucherNo_val_1968,Amount_val_1968,TaxRate_val_1968,Date_val_1968
1969,Matrix Precision Engineering,VoucherNo_val_1969,Amount_val_1969,TaxRate_val_1969,Date_val_1969
1970,Matrix Precision Engineering,VoucherNo_val_1970,Amount_val_1970,TaxRate_val_1970,Date_val_1970
1971,Matrix Precision Engineering,VoucherNo_val_1971,Amount_val_1971,TaxRate_val_1971,Date_val_1971
1972,Matrix Precision Engineering,VoucherNo_val_1972,Amount_val_1972,TaxRate_val_1972,Date_val_1972
1973,Matrix Precision Engineering,VoucherNo_val_1973,Amount_val_1973,TaxRate_val_1973,Date_val_1973
1974,Matrix Precision Engineering,VoucherNo_val_1974,Amount_val_1974,TaxRate_val_1974,Date_val_1974
1975,Matrix Precision Engineering,VoucherNo_val_1975,Amount_val_1975,TaxRate_val_1975,Date_val_1975
1976,Matrix Precision Engineering,VoucherNo_val_1976,Amount_val_1976,TaxRate_val_1976,Date_val_1976
1977,Matrix Precision Engineering,VoucherNo_val_1977,Amount_val_1977,TaxRate_val_1977,Date_val_1977
1978,Matrix Precision Engineering,VoucherNo_val_1978,Amount_val_1978,TaxRate_val_1978,Date_val_1978
1979,Matrix Precision Engineering,VoucherNo_val_1979,Amount_val_1979,TaxRate_val_1979,Date_val_1979
1980,Matrix Precision Engineering,VoucherNo_val_1980,Amount_val_1980,TaxRate_val_1980,Date_val_1980
1981,Matrix Precision Engineering,VoucherNo_val_1981,Amount_val_1981,TaxRate_val_1981,Date_val_1981
1982,Matrix Precision Engineering,VoucherNo_val_1982,Amount_val_1982,TaxRate_val_1982,Date_val_1982
1983,Matrix Precision Engineering,VoucherNo_val_1983,Amount_val_1983,TaxRate_val_1983,Date_val_1983
1984,Matrix Precision Engineering,VoucherNo_val_1984,Amount_val_1984,TaxRate_val_1984,Date_val_1984
1985,Matrix Precision Engineering,VoucherNo_val_1985,Amount_val_1985,TaxRate_val_1985,Date_val_1985
1986,Matrix Precision Engineering,VoucherNo_val_1986,Amount_val_1986,TaxRate_val_1986,Date_val_1986
1987,Matrix Precision Engineering,VoucherNo_val_1987,Amount_val_1987,TaxRate_val_1987,Date_val_1987
1988,Matrix Precision Engineering,VoucherNo_val_1988,Amount_val_1988,TaxRate_val_1988,Date_val_1988
1989,Matrix Precision Engineering,VoucherNo_val_1989,Amount_val_1989,TaxRate_val_1989,Date_val_1989
1990,Matrix Precision Engineering,VoucherNo_val_1990,Amount_val_1990,TaxRate_val_1990,Date_val_1990
1991,Matrix Precision Engineering,VoucherNo_val_1991,Amount_val_1991,TaxRate_val_1991,Date_val_1991
1992,Matrix Precision Engineering,VoucherNo_val_1992,Amount_val_1992,TaxRate_val_1992,Date_val_1992
1993,Matrix Precision Engineering,VoucherNo_val_1993,Amount_val_1993,TaxRate_val_1993,Date_val_1993
1994,Matrix Precision Engineering,VoucherNo_val_1994,Amount_val_1994,TaxRate_val_1994,Date_val_1994
1995,Matrix Precision Engineering,VoucherNo_val_1995,Amount_val_1995,TaxRate_val_1995,Date_val_1995
1996,Matrix Precision Engineering,VoucherNo_val_1996,Amount_val_1996,TaxRate_val_1996,Date_val_1996
1997,Matrix Precision Engineering,VoucherNo_val_1997,Amount_val_1997,TaxRate_val_1997,Date_val_1997
1998,Matrix Precision Engineering,VoucherNo_val_1998,Amount_val_1998,TaxRate_val_1998,Date_val_1998
1999,Matrix Precision Engineering,VoucherNo_val_1999,Amount_val_1999,TaxRate_val_1999,Date_val_1999
2000,Matrix Precision Engineering,VoucherNo_val_2000,Amount_val_2000,TaxRate_val_2000,Date_val_2000
2001,Matrix Precision Engineering,VoucherNo_val_2001,Amount_val_2001,TaxRate_val_2001,Date_val_2001
2002,Matrix Precision Engineering,VoucherNo_val_2002,Amount_val_2002,TaxRate_val_2002,Date_val_2002
2003,Matrix Precision Engineering,VoucherNo_val_2003,Amount_val_2003,TaxRate_val_2003,Date_val_2003
2004,Matrix Precision Engineering,VoucherNo_val_2004,Amount_val_2004,TaxRate_val_2004,Date_val_2004
2005,Matrix Precision Engineering,VoucherNo_val_2005,Amount_val_2005,TaxRate_val_2005,Date_val_2005
2006,Matrix Precision Engineering,VoucherNo_val_2006,Amount_val_2006,TaxRate_val_2006,Date_val_2006
2007,Matrix Precision Engineering,VoucherNo_val_2007,Amount_val_2007,TaxRate_val_2007,Date_val_2007
2008,Matrix Precision Engineering,VoucherNo_val_2008,Amount_val_2008,TaxRate_val_2008,Date_val_2008
2009,Matrix Precision Engineering,VoucherNo_val_2009,Amount_val_2009,TaxRate_val_2009,Date_val_2009
2010,Matrix Precision Engineering,VoucherNo_val_2010,Amount_val_2010,TaxRate_val_2010,Date_val_2010
2011,Matrix Precision Engineering,VoucherNo_val_2011,Amount_val_2011,TaxRate_val_2011,Date_val_2011
2012,Matrix Precision Engineering,VoucherNo_val_2012,Amount_val_2012,TaxRate_val_2012,Date_val_2012
2013,Matrix Precision Engineering,VoucherNo_val_2013,Amount_val_2013,TaxRate_val_2013,Date_val_2013
2014,Matrix Precision Engineering,VoucherNo_val_2014,Amount_val_2014,TaxRate_val_2014,Date_val_2014
2015,Matrix Precision Engineering,VoucherNo_val_2015,Amount_val_2015,TaxRate_val_2015,Date_val_2015
2016,Matrix Precision Engineering,VoucherNo_val_2016,Amount_val_2016,TaxRate_val_2016,Date_val_2016
2017,Matrix Precision Engineering,VoucherNo_val_2017,Amount_val_2017,TaxRate_val_2017,Date_val_2017
2018,Matrix Precision Engineering,VoucherNo_val_2018,Amount_val_2018,TaxRate_val_2018,Date_val_2018
2019,Matrix Precision Engineering,VoucherNo_val_2019,Amount_val_2019,TaxRate_val_2019,Date_val_2019
2020,Matrix Precision Engineering,VoucherNo_val_2020,Amount_val_2020,TaxRate_val_2020,Date_val_2020
2021,Matrix Precision Engineering,VoucherNo_val_2021,Amount_val_2021,TaxRate_val_2021,Date_val_2021
2022,Matrix Precision Engineering,VoucherNo_val_2022,Amount_val_2022,TaxRate_val_2022,Date_val_2022
2023,Matrix Precision Engineering,VoucherNo_val_2023,Amount_val_2023,TaxRate_val_2023,Date_val_2023
2024,Matrix Precision Engineering,VoucherNo_val_2024,Amount_val_2024,TaxRate_val_2024,Date_val_2024
2025,Matrix Precision Engineering,VoucherNo_val_2025,Amount_val_2025,TaxRate_val_2025,Date_val_2025
2026,Matrix Precision Engineering,VoucherNo_val_2026,Amount_val_2026,TaxRate_val_2026,Date_val_2026
2027,Matrix Precision Engineering,VoucherNo_val_2027,Amount_val_2027,TaxRate_val_2027,Date_val_2027
2028,Matrix Precision Engineering,VoucherNo_val_2028,Amount_val_2028,TaxRate_val_2028,Date_val_2028
2029,Matrix Precision Engineering,VoucherNo_val_2029,Amount_val_2029,TaxRate_val_2029,Date_val_2029
2030,Matrix Precision Engineering,VoucherNo_val_2030,Amount_val_2030,TaxRate_val_2030,Date_val_2030
2031,Matrix Precision Engineering,VoucherNo_val_2031,Amount_val_2031,TaxRate_val_2031,Date_val_2031
2032,Matrix Precision Engineering,VoucherNo_val_2032,Amount_val_2032,TaxRate_val_2032,Date_val_2032
2033,Matrix Precision Engineering,VoucherNo_val_2033,Amount_val_2033,TaxRate_val_2033,Date_val_2033
2034,Matrix Precision Engineering,VoucherNo_val_2034,Amount_val_2034,TaxRate_val_2034,Date_val_2034
2035,Matrix Precision Engineering,VoucherNo_val_2035,Amount_val_2035,TaxRate_val_2035,Date_val_2035
2036,Matrix Precision Engineering,VoucherNo_val_2036,Amount_val_2036,TaxRate_val_2036,Date_val_2036
2037,Matrix Precision Engineering,VoucherNo_val_2037,Amount_val_2037,TaxRate_val_2037,Date_val_2037
2038,Matrix Precision Engineering,VoucherNo_val_2038,Amount_val_2038,TaxRate_val_2038,Date_val_2038
2039,Matrix Precision Engineering,VoucherNo_val_2039,Amount_val_2039,TaxRate_val_2039,Date_val_2039
2040,Matrix Precision Engineering,VoucherNo_val_2040,Amount_val_2040,TaxRate_val_2040,Date_val_2040
2041,Matrix Precision Engineering,VoucherNo_val_2041,Amount_val_2041,TaxRate_val_2041,Date_val_2041
2042,Matrix Precision Engineering,VoucherNo_val_2042,Amount_val_2042,TaxRate_val_2042,Date_val_2042
2043,Matrix Precision Engineering,VoucherNo_val_2043,Amount_val_2043,TaxRate_val_2043,Date_val_2043
2044,Matrix Precision Engineering,VoucherNo_val_2044,Amount_val_2044,TaxRate_val_2044,Date_val_2044
2045,Matrix Precision Engineering,VoucherNo_val_2045,Amount_val_2045,TaxRate_val_2045,Date_val_2045
2046,Matrix Precision Engineering,VoucherNo_val_2046,Amount_val_2046,TaxRate_val_2046,Date_val_2046
2047,Matrix Precision Engineering,VoucherNo_val_2047,Amount_val_2047,TaxRate_val_2047,Date_val_2047
2048,Matrix Precision Engineering,VoucherNo_val_2048,Amount_val_2048,TaxRate_val_2048,Date_val_2048
2049,Matrix Precision Engineering,VoucherNo_val_2049,Amount_val_2049,TaxRate_val_2049,Date_val_2049
2050,Matrix Precision Engineering,VoucherNo_val_2050,Amount_val_2050,TaxRate_val_2050,Date_val_2050
2051,Matrix Precision Engineering,VoucherNo_val_2051,Amount_val_2051,TaxRate_val_2051,Date_val_2051
2052,Matrix Precision Engineering,VoucherNo_val_2052,Amount_val_2052,TaxRate_val_2052,Date_val_2052
2053,Matrix Precision Engineering,VoucherNo_val_2053,Amount_val_2053,TaxRate_val_2053,Date_val_2053
2054,Matrix Precision Engineering,VoucherNo_val_2054,Amount_val_2054,TaxRate_val_2054,Date_val_2054
2055,Matrix Precision Engineering,VoucherNo_val_2055,Amount_val_2055,TaxRate_val_2055,Date_val_2055
2056,Matrix Precision Engineering,VoucherNo_val_2056,Amount_val_2056,TaxRate_val_2056,Date_val_2056
2057,Matrix Precision Engineering,VoucherNo_val_2057,Amount_val_2057,TaxRate_val_2057,Date_val_2057
2058,Matrix Precision Engineering,VoucherNo_val_2058,Amount_val_2058,TaxRate_val_2058,Date_val_2058
2059,Matrix Precision Engineering,VoucherNo_val_2059,Amount_val_2059,TaxRate_val_2059,Date_val_2059
2060,Matrix Precision Engineering,VoucherNo_val_2060,Amount_val_2060,TaxRate_val_2060,Date_val_2060
2061,Matrix Precision Engineering,VoucherNo_val_2061,Amount_val_2061,TaxRate_val_2061,Date_val_2061
2062,Matrix Precision Engineering,VoucherNo_val_2062,Amount_val_2062,TaxRate_val_2062,Date_val_2062
2063,Matrix Precision Engineering,VoucherNo_val_2063,Amount_val_2063,TaxRate_val_2063,Date_val_2063
2064,Matrix Precision Engineering,VoucherNo_val_2064,Amount_val_2064,TaxRate_val_2064,Date_val_2064
2065,Matrix Precision Engineering,VoucherNo_val_2065,Amount_val_2065,TaxRate_val_2065,Date_val_2065
2066,Matrix Precision Engineering,VoucherNo_val_2066,Amount_val_2066,TaxRate_val_2066,Date_val_2066
2067,Matrix Precision Engineering,VoucherNo_val_2067,Amount_val_2067,TaxRate_val_2067,Date_val_2067
2068,Matrix Precision Engineering,VoucherNo_val_2068,Amount_val_2068,TaxRate_val_2068,Date_val_2068
2069,Matrix Precision Engineering,VoucherNo_val_2069,Amount_val_2069,TaxRate_val_2069,Date_val_2069
2070,Matrix Precision Engineering,VoucherNo_val_2070,Amount_val_2070,TaxRate_val_2070,Date_val_2070
2071,Matrix Precision Engineering,VoucherNo_val_2071,Amount_val_2071,TaxRate_val_2071,Date_val_2071
2072,Matrix Precision Engineering,VoucherNo_val_2072,Amount_val_2072,TaxRate_val_2072,Date_val_2072
2073,Matrix Precision Engineering,VoucherNo_val_2073,Amount_val_2073,TaxRate_val_2073,Date_val_2073
2074,Matrix Precision Engineering,VoucherNo_val_2074,Amount_val_2074,TaxRate_val_2074,Date_val_2074
2075,Matrix Precision Engineering,VoucherNo_val_2075,Amount_val_2075,TaxRate_val_2075,Date_val_2075
2076,Matrix Precision Engineering,VoucherNo_val_2076,Amount_val_2076,TaxRate_val_2076,Date_val_2076
2077,Matrix Precision Engineering,VoucherNo_val_2077,Amount_val_2077,TaxRate_val_2077,Date_val_2077
2078,Matrix Precision Engineering,VoucherNo_val_2078,Amount_val_2078,TaxRate_val_2078,Date_val_2078
2079,Matrix Precision Engineering,VoucherNo_val_2079,Amount_val_2079,TaxRate_val_2079,Date_val_2079
2080,Matrix Precision Engineering,VoucherNo_val_2080,Amount_val_2080,TaxRate_val_2080,Date_val_2080
2081,Matrix Precision Engineering,VoucherNo_val_2081,Amount_val_2081,TaxRate_val_2081,Date_val_2081
2082,Matrix Precision Engineering,VoucherNo_val_2082,Amount_val_2082,TaxRate_val_2082,Date_val_2082
2083,Matrix Precision Engineering,VoucherNo_val_2083,Amount_val_2083,TaxRate_val_2083,Date_val_2083
2084,Matrix Precision Engineering,VoucherNo_val_2084,Amount_val_2084,TaxRate_val_2084,Date_val_2084
2085,Matrix Precision Engineering,VoucherNo_val_2085,Amount_val_2085,TaxRate_val_2085,Date_val_2085
2086,Matrix Precision Engineering,VoucherNo_val_2086,Amount_val_2086,TaxRate_val_2086,Date_val_2086
2087,Matrix Precision Engineering,VoucherNo_val_2087,Amount_val_2087,TaxRate_val_2087,Date_val_2087
2088,Matrix Precision Engineering,VoucherNo_val_2088,Amount_val_2088,TaxRate_val_2088,Date_val_2088
2089,Matrix Precision Engineering,VoucherNo_val_2089,Amount_val_2089,TaxRate_val_2089,Date_val_2089
2090,Matrix Precision Engineering,VoucherNo_val_2090,Amount_val_2090,TaxRate_val_2090,Date_val_2090
2091,Matrix Precision Engineering,VoucherNo_val_2091,Amount_val_2091,TaxRate_val_2091,Date_val_2091
2092,Matrix Precision Engineering,VoucherNo_val_2092,Amount_val_2092,TaxRate_val_2092,Date_val_2092
2093,Matrix Precision Engineering,VoucherNo_val_2093,Amount_val_2093,TaxRate_val_2093,Date_val_2093
2094,Matrix Precision Engineering,VoucherNo_val_2094,Amount_val_2094,TaxRate_val_2094,Date_val_2094
2095,Matrix Precision Engineering,VoucherNo_val_2095,Amount_val_2095,TaxRate_val_2095,Date_val_2095
2096,Matrix Precision Engineering,VoucherNo_val_2096,Amount_val_2096,TaxRate_val_2096,Date_val_2096
2097,Matrix Precision Engineering,VoucherNo_val_2097,Amount_val_2097,TaxRate_val_2097,Date_val_2097
2098,Matrix Precision Engineering,VoucherNo_val_2098,Amount_val_2098,TaxRate_val_2098,Date_val_2098
2099,Matrix Precision Engineering,VoucherNo_val_2099,Amount_val_2099,TaxRate_val_2099,Date_val_2099
2100,Matrix Precision Engineering,VoucherNo_val_2100,Amount_val_2100,TaxRate_val_2100,Date_val_2100
2101,Matrix Precision Engineering,VoucherNo_val_2101,Amount_val_2101,TaxRate_val_2101,Date_val_2101
2102,Matrix Precision Engineering,VoucherNo_val_2102,Amount_val_2102,TaxRate_val_2102,Date_val_2102
2103,Matrix Precision Engineering,VoucherNo_val_2103,Amount_val_2103,TaxRate_val_2103,Date_val_2103
2104,Matrix Precision Engineering,VoucherNo_val_2104,Amount_val_2104,TaxRate_val_2104,Date_val_2104
2105,Matrix Precision Engineering,VoucherNo_val_2105,Amount_val_2105,TaxRate_val_2105,Date_val_2105
2106,Matrix Precision Engineering,VoucherNo_val_2106,Amount_val_2106,TaxRate_val_2106,Date_val_2106
2107,Matrix Precision Engineering,VoucherNo_val_2107,Amount_val_2107,TaxRate_val_2107,Date_val_2107
2108,Matrix Precision Engineering,VoucherNo_val_2108,Amount_val_2108,TaxRate_val_2108,Date_val_2108
2109,Matrix Precision Engineering,VoucherNo_val_2109,Amount_val_2109,TaxRate_val_2109,Date_val_2109
2110,Matrix Precision Engineering,VoucherNo_val_2110,Amount_val_2110,TaxRate_val_2110,Date_val_2110
2111,Matrix Precision Engineering,VoucherNo_val_2111,Amount_val_2111,TaxRate_val_2111,Date_val_2111
2112,Matrix Precision Engineering,VoucherNo_val_2112,Amount_val_2112,TaxRate_val_2112,Date_val_2112
2113,Matrix Precision Engineering,VoucherNo_val_2113,Amount_val_2113,TaxRate_val_2113,Date_val_2113
2114,Matrix Precision Engineering,VoucherNo_val_2114,Amount_val_2114,TaxRate_val_2114,Date_val_2114
2115,Matrix Precision Engineering,VoucherNo_val_2115,Amount_val_2115,TaxRate_val_2115,Date_val_2115
2116,Matrix Precision Engineering,VoucherNo_val_2116,Amount_val_2116,TaxRate_val_2116,Date_val_2116
2117,Matrix Precision Engineering,VoucherNo_val_2117,Amount_val_2117,TaxRate_val_2117,Date_val_2117
2118,Matrix Precision Engineering,VoucherNo_val_2118,Amount_val_2118,TaxRate_val_2118,Date_val_2118
2119,Matrix Precision Engineering,VoucherNo_val_2119,Amount_val_2119,TaxRate_val_2119,Date_val_2119
2120,Matrix Precision Engineering,VoucherNo_val_2120,Amount_val_2120,TaxRate_val_2120,Date_val_2120
2121,Matrix Precision Engineering,VoucherNo_val_2121,Amount_val_2121,TaxRate_val_2121,Date_val_2121
2122,Matrix Precision Engineering,VoucherNo_val_2122,Amount_val_2122,TaxRate_val_2122,Date_val_2122
2123,Matrix Precision Engineering,VoucherNo_val_2123,Amount_val_2123,TaxRate_val_2123,Date_val_2123
2124,Matrix Precision Engineering,VoucherNo_val_2124,Amount_val_2124,TaxRate_val_2124,Date_val_2124
2125,Matrix Precision Engineering,VoucherNo_val_2125,Amount_val_2125,TaxRate_val_2125,Date_val_2125
2126,Matrix Precision Engineering,VoucherNo_val_2126,Amount_val_2126,TaxRate_val_2126,Date_val_2126
2127,Matrix Precision Engineering,VoucherNo_val_2127,Amount_val_2127,TaxRate_val_2127,Date_val_2127
2128,Matrix Precision Engineering,VoucherNo_val_2128,Amount_val_2128,TaxRate_val_2128,Date_val_2128
2129,Matrix Precision Engineering,VoucherNo_val_2129,Amount_val_2129,TaxRate_val_2129,Date_val_2129
2130,Matrix Precision Engineering,VoucherNo_val_2130,Amount_val_2130,TaxRate_val_2130,Date_val_2130
2131,Matrix Precision Engineering,VoucherNo_val_2131,Amount_val_2131,TaxRate_val_2131,Date_val_2131
2132,Matrix Precision Engineering,VoucherNo_val_2132,Amount_val_2132,TaxRate_val_2132,Date_val_2132
2133,Matrix Precision Engineering,VoucherNo_val_2133,Amount_val_2133,TaxRate_val_2133,Date_val_2133
2134,Matrix Precision Engineering,VoucherNo_val_2134,Amount_val_2134,TaxRate_val_2134,Date_val_2134
2135,Matrix Precision Engineering,VoucherNo_val_2135,Amount_val_2135,TaxRate_val_2135,Date_val_2135
2136,Matrix Precision Engineering,VoucherNo_val_2136,Amount_val_2136,TaxRate_val_2136,Date_val_2136
2137,Matrix Precision Engineering,VoucherNo_val_2137,Amount_val_2137,TaxRate_val_2137,Date_val_2137
2138,Matrix Precision Engineering,VoucherNo_val_2138,Amount_val_2138,TaxRate_val_2138,Date_val_2138
2139,Matrix Precision Engineering,VoucherNo_val_2139,Amount_val_2139,TaxRate_val_2139,Date_val_2139
2140,Matrix Precision Engineering,VoucherNo_val_2140,Amount_val_2140,TaxRate_val_2140,Date_val_2140
2141,Matrix Precision Engineering,VoucherNo_val_2141,Amount_val_2141,TaxRate_val_2141,Date_val_2141
2142,Matrix Precision Engineering,VoucherNo_val_2142,Amount_val_2142,TaxRate_val_2142,Date_val_2142
2143,Matrix Precision Engineering,VoucherNo_val_2143,Amount_val_2143,TaxRate_val_2143,Date_val_2143
2144,Matrix Precision Engineering,VoucherNo_val_2144,Amount_val_2144,TaxRate_val_2144,Date_val_2144
2145,Matrix Precision Engineering,VoucherNo_val_2145,Amount_val_2145,TaxRate_val_2145,Date_val_2145
2146,Matrix Precision Engineering,VoucherNo_val_2146,Amount_val_2146,TaxRate_val_2146,Date_val_2146
2147,Matrix Precision Engineering,VoucherNo_val_2147,Amount_val_2147,TaxRate_val_2147,Date_val_2147
2148,Matrix Precision Engineering,VoucherNo_val_2148,Amount_val_2148,TaxRate_val_2148,Date_val_2148
2149,Matrix Precision Engineering,VoucherNo_val_2149,Amount_val_2149,TaxRate_val_2149,Date_val_2149
2150,Matrix Precision Engineering,VoucherNo_val_2150,Amount_val_2150,TaxRate_val_2150,Date_val_2150
2151,Matrix Precision Engineering,VoucherNo_val_2151,Amount_val_2151,TaxRate_val_2151,Date_val_2151
2152,Matrix Precision Engineering,VoucherNo_val_2152,Amount_val_2152,TaxRate_val_2152,Date_val_2152
2153,Matrix Precision Engineering,VoucherNo_val_2153,Amount_val_2153,TaxRate_val_2153,Date_val_2153
2154,Matrix Precision Engineering,VoucherNo_val_2154,Amount_val_2154,TaxRate_val_2154,Date_val_2154
2155,Matrix Precision Engineering,VoucherNo_val_2155,Amount_val_2155,TaxRate_val_2155,Date_val_2155
2156,Matrix Precision Engineering,VoucherNo_val_2156,Amount_val_2156,TaxRate_val_2156,Date_val_2156
2157,Matrix Precision Engineering,VoucherNo_val_2157,Amount_val_2157,TaxRate_val_2157,Date_val_2157
2158,Matrix Precision Engineering,VoucherNo_val_2158,Amount_val_2158,TaxRate_val_2158,Date_val_2158
2159,Matrix Precision Engineering,VoucherNo_val_2159,Amount_val_2159,TaxRate_val_2159,Date_val_2159
2160,Matrix Precision Engineering,VoucherNo_val_2160,Amount_val_2160,TaxRate_val_2160,Date_val_2160
2161,Matrix Precision Engineering,VoucherNo_val_2161,Amount_val_2161,TaxRate_val_2161,Date_val_2161
2162,Matrix Precision Engineering,VoucherNo_val_2162,Amount_val_2162,TaxRate_val_2162,Date_val_2162
2163,Matrix Precision Engineering,VoucherNo_val_2163,Amount_val_2163,TaxRate_val_2163,Date_val_2163
2164,Matrix Precision Engineering,VoucherNo_val_2164,Amount_val_2164,TaxRate_val_2164,Date_val_2164
2165,Matrix Precision Engineering,VoucherNo_val_2165,Amount_val_2165,TaxRate_val_2165,Date_val_2165
2166,Matrix Precision Engineering,VoucherNo_val_2166,Amount_val_2166,TaxRate_val_2166,Date_val_2166
2167,Matrix Precision Engineering,VoucherNo_val_2167,Amount_val_2167,TaxRate_val_2167,Date_val_2167
2168,Matrix Precision Engineering,VoucherNo_val_2168,Amount_val_2168,TaxRate_val_2168,Date_val_2168
2169,Matrix Precision Engineering,VoucherNo_val_2169,Amount_val_2169,TaxRate_val_2169,Date_val_2169
2170,Matrix Precision Engineering,VoucherNo_val_2170,Amount_val_2170,TaxRate_val_2170,Date_val_2170
2171,Matrix Precision Engineering,VoucherNo_val_2171,Amount_val_2171,TaxRate_val_2171,Date_val_2171
2172,Matrix Precision Engineering,VoucherNo_val_2172,Amount_val_2172,TaxRate_val_2172,Date_val_2172
2173,Matrix Precision Engineering,VoucherNo_val_2173,Amount_val_2173,TaxRate_val_2173,Date_val_2173
2174,Matrix Precision Engineering,VoucherNo_val_2174,Amount_val_2174,TaxRate_val_2174,Date_val_2174
2175,Matrix Precision Engineering,VoucherNo_val_2175,Amount_val_2175,TaxRate_val_2175,Date_val_2175
2176,Matrix Precision Engineering,VoucherNo_val_2176,Amount_val_2176,TaxRate_val_2176,Date_val_2176
2177,Matrix Precision Engineering,VoucherNo_val_2177,Amount_val_2177,TaxRate_val_2177,Date_val_2177
2178,Matrix Precision Engineering,VoucherNo_val_2178,Amount_val_2178,TaxRate_val_2178,Date_val_2178
2179,Matrix Precision Engineering,VoucherNo_val_2179,Amount_val_2179,TaxRate_val_2179,Date_val_2179
2180,Matrix Precision Engineering,VoucherNo_val_2180,Amount_val_2180,TaxRate_val_2180,Date_val_2180
2181,Matrix Precision Engineering,VoucherNo_val_2181,Amount_val_2181,TaxRate_val_2181,Date_val_2181
2182,Matrix Precision Engineering,VoucherNo_val_2182,Amount_val_2182,TaxRate_val_2182,Date_val_2182
2183,Matrix Precision Engineering,VoucherNo_val_2183,Amount_val_2183,TaxRate_val_2183,Date_val_2183
2184,Matrix Precision Engineering,VoucherNo_val_2184,Amount_val_2184,TaxRate_val_2184,Date_val_2184
2185,Matrix Precision Engineering,VoucherNo_val_2185,Amount_val_2185,TaxRate_val_2185,Date_val_2185
2186,Matrix Precision Engineering,VoucherNo_val_2186,Amount_val_2186,TaxRate_val_2186,Date_val_2186
2187,Matrix Precision Engineering,VoucherNo_val_2187,Amount_val_2187,TaxRate_val_2187,Date_val_2187
2188,Matrix Precision Engineering,VoucherNo_val_2188,Amount_val_2188,TaxRate_val_2188,Date_val_2188
2189,Matrix Precision Engineering,VoucherNo_val_2189,Amount_val_2189,TaxRate_val_2189,Date_val_2189
2190,Matrix Precision Engineering,VoucherNo_val_2190,Amount_val_2190,TaxRate_val_2190,Date_val_2190
2191,Matrix Precision Engineering,VoucherNo_val_2191,Amount_val_2191,TaxRate_val_2191,Date_val_2191
2192,Matrix Precision Engineering,VoucherNo_val_2192,Amount_val_2192,TaxRate_val_2192,Date_val_2192
2193,Matrix Precision Engineering,VoucherNo_val_2193,Amount_val_2193,TaxRate_val_2193,Date_val_2193
2194,Matrix Precision Engineering,VoucherNo_val_2194,Amount_val_2194,TaxRate_val_2194,Date_val_2194
2195,Matrix Precision Engineering,VoucherNo_val_2195,Amount_val_2195,TaxRate_val_2195,Date_val_2195
2196,Matrix Precision Engineering,VoucherNo_val_2196,Amount_val_2196,TaxRate_val_2196,Date_val_2196
2197,Matrix Precision Engineering,VoucherNo_val_2197,Amount_val_2197,TaxRate_val_2197,Date_val_2197
2198,Matrix Precision Engineering,VoucherNo_val_2198,Amount_val_2198,TaxRate_val_2198,Date_val_2198
2199,Matrix Precision Engineering,VoucherNo_val_2199,Amount_val_2199,TaxRate_val_2199,Date_val_2199
2200,Matrix Precision Engineering,VoucherNo_val_2200,Amount_val_2200,TaxRate_val_2200,Date_val_2200
2201,Matrix Precision Engineering,VoucherNo_val_2201,Amount_val_2201,TaxRate_val_2201,Date_val_2201
2202,Matrix Precision Engineering,VoucherNo_val_2202,Amount_val_2202,TaxRate_val_2202,Date_val_2202
2203,Matrix Precision Engineering,VoucherNo_val_2203,Amount_val_2203,TaxRate_val_2203,Date_val_2203
2204,Matrix Precision Engineering,VoucherNo_val_2204,Amount_val_2204,TaxRate_val_2204,Date_val_2204
2205,Matrix Precision Engineering,VoucherNo_val_2205,Amount_val_2205,TaxRate_val_2205,Date_val_2205
2206,Matrix Precision Engineering,VoucherNo_val_2206,Amount_val_2206,TaxRate_val_2206,Date_val_2206
2207,Matrix Precision Engineering,VoucherNo_val_2207,Amount_val_2207,TaxRate_val_2207,Date_val_2207
2208,Matrix Precision Engineering,VoucherNo_val_2208,Amount_val_2208,TaxRate_val_2208,Date_val_2208
2209,Matrix Precision Engineering,VoucherNo_val_2209,Amount_val_2209,TaxRate_val_2209,Date_val_2209
2210,Matrix Precision Engineering,VoucherNo_val_2210,Amount_val_2210,TaxRate_val_2210,Date_val_2210
2211,Matrix Precision Engineering,VoucherNo_val_2211,Amount_val_2211,TaxRate_val_2211,Date_val_2211
2212,Matrix Precision Engineering,VoucherNo_val_2212,Amount_val_2212,TaxRate_val_2212,Date_val_2212
2213,Matrix Precision Engineering,VoucherNo_val_2213,Amount_val_2213,TaxRate_val_2213,Date_val_2213
2214,Matrix Precision Engineering,VoucherNo_val_2214,Amount_val_2214,TaxRate_val_2214,Date_val_2214
2215,Matrix Precision Engineering,VoucherNo_val_2215,Amount_val_2215,TaxRate_val_2215,Date_val_2215
2216,Matrix Precision Engineering,VoucherNo_val_2216,Amount_val_2216,TaxRate_val_2216,Date_val_2216
2217,Matrix Precision Engineering,VoucherNo_val_2217,Amount_val_2217,TaxRate_val_2217,Date_val_2217
2218,Matrix Precision Engineering,VoucherNo_val_2218,Amount_val_2218,TaxRate_val_2218,Date_val_2218
2219,Matrix Precision Engineering,VoucherNo_val_2219,Amount_val_2219,TaxRate_val_2219,Date_val_2219
2220,Matrix Precision Engineering,VoucherNo_val_2220,Amount_val_2220,TaxRate_val_2220,Date_val_2220
2221,Matrix Precision Engineering,VoucherNo_val_2221,Amount_val_2221,TaxRate_val_2221,Date_val_2221
2222,Matrix Precision Engineering,VoucherNo_val_2222,Amount_val_2222,TaxRate_val_2222,Date_val_2222
2223,Matrix Precision Engineering,VoucherNo_val_2223,Amount_val_2223,TaxRate_val_2223,Date_val_2223
2224,Matrix Precision Engineering,VoucherNo_val_2224,Amount_val_2224,TaxRate_val_2224,Date_val_2224
2225,Matrix Precision Engineering,VoucherNo_val_2225,Amount_val_2225,TaxRate_val_2225,Date_val_2225
2226,Matrix Precision Engineering,VoucherNo_val_2226,Amount_val_2226,TaxRate_val_2226,Date_val_2226
2227,Matrix Precision Engineering,VoucherNo_val_2227,Amount_val_2227,TaxRate_val_2227,Date_val_2227
2228,Matrix Precision Engineering,VoucherNo_val_2228,Amount_val_2228,TaxRate_val_2228,Date_val_2228
2229,Matrix Precision Engineering,VoucherNo_val_2229,Amount_val_2229,TaxRate_val_2229,Date_val_2229
2230,Matrix Precision Engineering,VoucherNo_val_2230,Amount_val_2230,TaxRate_val_2230,Date_val_2230
2231,Matrix Precision Engineering,VoucherNo_val_2231,Amount_val_2231,TaxRate_val_2231,Date_val_2231
2232,Matrix Precision Engineering,VoucherNo_val_2232,Amount_val_2232,TaxRate_val_2232,Date_val_2232
2233,Matrix Precision Engineering,VoucherNo_val_2233,Amount_val_2233,TaxRate_val_2233,Date_val_2233
2234,Matrix Precision Engineering,VoucherNo_val_2234,Amount_val_2234,TaxRate_val_2234,Date_val_2234
2235,Matrix Precision Engineering,VoucherNo_val_2235,Amount_val_2235,TaxRate_val_2235,Date_val_2235
2236,Matrix Precision Engineering,VoucherNo_val_2236,Amount_val_2236,TaxRate_val_2236,Date_val_2236
2237,Matrix Precision Engineering,VoucherNo_val_2237,Amount_val_2237,TaxRate_val_2237,Date_val_2237
2238,Matrix Precision Engineering,VoucherNo_val_2238,Amount_val_2238,TaxRate_val_2238,Date_val_2238
2239,Matrix Precision Engineering,VoucherNo_val_2239,Amount_val_2239,TaxRate_val_2239,Date_val_2239
2240,Matrix Precision Engineering,VoucherNo_val_2240,Amount_val_2240,TaxRate_val_2240,Date_val_2240
2241,Matrix Precision Engineering,VoucherNo_val_2241,Amount_val_2241,TaxRate_val_2241,Date_val_2241
2242,Matrix Precision Engineering,VoucherNo_val_2242,Amount_val_2242,TaxRate_val_2242,Date_val_2242
2243,Matrix Precision Engineering,VoucherNo_val_2243,Amount_val_2243,TaxRate_val_2243,Date_val_2243
2244,Matrix Precision Engineering,VoucherNo_val_2244,Amount_val_2244,TaxRate_val_2244,Date_val_2244
2245,Matrix Precision Engineering,VoucherNo_val_2245,Amount_val_2245,TaxRate_val_2245,Date_val_2245
2246,Matrix Precision Engineering,VoucherNo_val_2246,Amount_val_2246,TaxRate_val_2246,Date_val_2246
2247,Matrix Precision Engineering,VoucherNo_val_2247,Amount_val_2247,TaxRate_val_2247,Date_val_2247
2248,Matrix Precision Engineering,VoucherNo_val_2248,Amount_val_2248,TaxRate_val_2248,Date_val_2248
2249,Matrix Precision Engineering,VoucherNo_val_2249,Amount_val_2249,TaxRate_val_2249,Date_val_2249
2250,Matrix Precision Engineering,VoucherNo_val_2250,Amount_val_2250,TaxRate_val_2250,Date_val_2250
2251,Matrix Precision Engineering,VoucherNo_val_2251,Amount_val_2251,TaxRate_val_2251,Date_val_2251
2252,Matrix Precision Engineering,VoucherNo_val_2252,Amount_val_2252,TaxRate_val_2252,Date_val_2252
2253,Matrix Precision Engineering,VoucherNo_val_2253,Amount_val_2253,TaxRate_val_2253,Date_val_2253
2254,Matrix Precision Engineering,VoucherNo_val_2254,Amount_val_2254,TaxRate_val_2254,Date_val_2254
2255,Matrix Precision Engineering,VoucherNo_val_2255,Amount_val_2255,TaxRate_val_2255,Date_val_2255
2256,Matrix Precision Engineering,VoucherNo_val_2256,Amount_val_2256,TaxRate_val_2256,Date_val_2256
2257,Matrix Precision Engineering,VoucherNo_val_2257,Amount_val_2257,TaxRate_val_2257,Date_val_2257
2258,Matrix Precision Engineering,VoucherNo_val_2258,Amount_val_2258,TaxRate_val_2258,Date_val_2258
2259,Matrix Precision Engineering,VoucherNo_val_2259,Amount_val_2259,TaxRate_val_2259,Date_val_2259
2260,Matrix Precision Engineering,VoucherNo_val_2260,Amount_val_2260,TaxRate_val_2260,Date_val_2260
2261,Matrix Precision Engineering,VoucherNo_val_2261,Amount_val_2261,TaxRate_val_2261,Date_val_2261
2262,Matrix Precision Engineering,VoucherNo_val_2262,Amount_val_2262,TaxRate_val_2262,Date_val_2262
2263,Matrix Precision Engineering,VoucherNo_val_2263,Amount_val_2263,TaxRate_val_2263,Date_val_2263
2264,Matrix Precision Engineering,VoucherNo_val_2264,Amount_val_2264,TaxRate_val_2264,Date_val_2264
2265,Matrix Precision Engineering,VoucherNo_val_2265,Amount_val_2265,TaxRate_val_2265,Date_val_2265
2266,Matrix Precision Engineering,VoucherNo_val_2266,Amount_val_2266,TaxRate_val_2266,Date_val_2266
2267,Matrix Precision Engineering,VoucherNo_val_2267,Amount_val_2267,TaxRate_val_2267,Date_val_2267
2268,Matrix Precision Engineering,VoucherNo_val_2268,Amount_val_2268,TaxRate_val_2268,Date_val_2268
2269,Matrix Precision Engineering,VoucherNo_val_2269,Amount_val_2269,TaxRate_val_2269,Date_val_2269
2270,Matrix Precision Engineering,VoucherNo_val_2270,Amount_val_2270,TaxRate_val_2270,Date_val_2270
2271,Matrix Precision Engineering,VoucherNo_val_2271,Amount_val_2271,TaxRate_val_2271,Date_val_2271
2272,Matrix Precision Engineering,VoucherNo_val_2272,Amount_val_2272,TaxRate_val_2272,Date_val_2272
2273,Matrix Precision Engineering,VoucherNo_val_2273,Amount_val_2273,TaxRate_val_2273,Date_val_2273
2274,Matrix Precision Engineering,VoucherNo_val_2274,Amount_val_2274,TaxRate_val_2274,Date_val_2274
2275,Matrix Precision Engineering,VoucherNo_val_2275,Amount_val_2275,TaxRate_val_2275,Date_val_2275
2276,Matrix Precision Engineering,VoucherNo_val_2276,Amount_val_2276,TaxRate_val_2276,Date_val_2276
2277,Matrix Precision Engineering,VoucherNo_val_2277,Amount_val_2277,TaxRate_val_2277,Date_val_2277
2278,Matrix Precision Engineering,VoucherNo_val_2278,Amount_val_2278,TaxRate_val_2278,Date_val_2278
2279,Matrix Precision Engineering,VoucherNo_val_2279,Amount_val_2279,TaxRate_val_2279,Date_val_2279
2280,Matrix Precision Engineering,VoucherNo_val_2280,Amount_val_2280,TaxRate_val_2280,Date_val_2280
2281,Matrix Precision Engineering,VoucherNo_val_2281,Amount_val_2281,TaxRate_val_2281,Date_val_2281
2282,Matrix Precision Engineering,VoucherNo_val_2282,Amount_val_2282,TaxRate_val_2282,Date_val_2282
2283,Matrix Precision Engineering,VoucherNo_val_2283,Amount_val_2283,TaxRate_val_2283,Date_val_2283
2284,Matrix Precision Engineering,VoucherNo_val_2284,Amount_val_2284,TaxRate_val_2284,Date_val_2284
2285,Matrix Precision Engineering,VoucherNo_val_2285,Amount_val_2285,TaxRate_val_2285,Date_val_2285
2286,Matrix Precision Engineering,VoucherNo_val_2286,Amount_val_2286,TaxRate_val_2286,Date_val_2286
2287,Matrix Precision Engineering,VoucherNo_val_2287,Amount_val_2287,TaxRate_val_2287,Date_val_2287
2288,Matrix Precision Engineering,VoucherNo_val_2288,Amount_val_2288,TaxRate_val_2288,Date_val_2288
2289,Matrix Precision Engineering,VoucherNo_val_2289,Amount_val_2289,TaxRate_val_2289,Date_val_2289
2290,Matrix Precision Engineering,VoucherNo_val_2290,Amount_val_2290,TaxRate_val_2290,Date_val_2290
2291,Matrix Precision Engineering,VoucherNo_val_2291,Amount_val_2291,TaxRate_val_2291,Date_val_2291
2292,Matrix Precision Engineering,VoucherNo_val_2292,Amount_val_2292,TaxRate_val_2292,Date_val_2292
2293,Matrix Precision Engineering,VoucherNo_val_2293,Amount_val_2293,TaxRate_val_2293,Date_val_2293
2294,Matrix Precision Engineering,VoucherNo_val_2294,Amount_val_2294,TaxRate_val_2294,Date_val_2294
2295,Matrix Precision Engineering,VoucherNo_val_2295,Amount_val_2295,TaxRate_val_2295,Date_val_2295
2296,Matrix Precision Engineering,VoucherNo_val_2296,Amount_val_2296,TaxRate_val_2296,Date_val_2296
2297,Matrix Precision Engineering,VoucherNo_val_2297,Amount_val_2297,TaxRate_val_2297,Date_val_2297
2298,Matrix Precision Engineering,VoucherNo_val_2298,Amount_val_2298,TaxRate_val_2298,Date_val_2298
2299,Matrix Precision Engineering,VoucherNo_val_2299,Amount_val_2299,TaxRate_val_2299,Date_val_2299
2300,Matrix Precision Engineering,VoucherNo_val_2300,Amount_val_2300,TaxRate_val_2300,Date_val_2300
2301,Matrix Precision Engineering,VoucherNo_val_2301,Amount_val_2301,TaxRate_val_2301,Date_val_2301
2302,Matrix Precision Engineering,VoucherNo_val_2302,Amount_val_2302,TaxRate_val_2302,Date_val_2302
2303,Matrix Precision Engineering,VoucherNo_val_2303,Amount_val_2303,TaxRate_val_2303,Date_val_2303
2304,Matrix Precision Engineering,VoucherNo_val_2304,Amount_val_2304,TaxRate_val_2304,Date_val_2304
2305,Matrix Precision Engineering,VoucherNo_val_2305,Amount_val_2305,TaxRate_val_2305,Date_val_2305
2306,Matrix Precision Engineering,VoucherNo_val_2306,Amount_val_2306,TaxRate_val_2306,Date_val_2306
2307,Matrix Precision Engineering,VoucherNo_val_2307,Amount_val_2307,TaxRate_val_2307,Date_val_2307
2308,Matrix Precision Engineering,VoucherNo_val_2308,Amount_val_2308,TaxRate_val_2308,Date_val_2308
2309,Matrix Precision Engineering,VoucherNo_val_2309,Amount_val_2309,TaxRate_val_2309,Date_val_2309
2310,Matrix Precision Engineering,VoucherNo_val_2310,Amount_val_2310,TaxRate_val_2310,Date_val_2310
2311,Matrix Precision Engineering,VoucherNo_val_2311,Amount_val_2311,TaxRate_val_2311,Date_val_2311
2312,Matrix Precision Engineering,VoucherNo_val_2312,Amount_val_2312,TaxRate_val_2312,Date_val_2312
2313,Matrix Precision Engineering,VoucherNo_val_2313,Amount_val_2313,TaxRate_val_2313,Date_val_2313
2314,Matrix Precision Engineering,VoucherNo_val_2314,Amount_val_2314,TaxRate_val_2314,Date_val_2314
2315,Matrix Precision Engineering,VoucherNo_val_2315,Amount_val_2315,TaxRate_val_2315,Date_val_2315
2316,Matrix Precision Engineering,VoucherNo_val_2316,Amount_val_2316,TaxRate_val_2316,Date_val_2316
2317,Matrix Precision Engineering,VoucherNo_val_2317,Amount_val_2317,TaxRate_val_2317,Date_val_2317
2318,Matrix Precision Engineering,VoucherNo_val_2318,Amount_val_2318,TaxRate_val_2318,Date_val_2318
2319,Matrix Precision Engineering,VoucherNo_val_2319,Amount_val_2319,TaxRate_val_2319,Date_val_2319
2320,Matrix Precision Engineering,VoucherNo_val_2320,Amount_val_2320,TaxRate_val_2320,Date_val_2320
2321,Matrix Precision Engineering,VoucherNo_val_2321,Amount_val_2321,TaxRate_val_2321,Date_val_2321
2322,Matrix Precision Engineering,VoucherNo_val_2322,Amount_val_2322,TaxRate_val_2322,Date_val_2322
2323,Matrix Precision Engineering,VoucherNo_val_2323,Amount_val_2323,TaxRate_val_2323,Date_val_2323
2324,Matrix Precision Engineering,VoucherNo_val_2324,Amount_val_2324,TaxRate_val_2324,Date_val_2324
2325,Matrix Precision Engineering,VoucherNo_val_2325,Amount_val_2325,TaxRate_val_2325,Date_val_2325
2326,Matrix Precision Engineering,VoucherNo_val_2326,Amount_val_2326,TaxRate_val_2326,Date_val_2326
2327,Matrix Precision Engineering,VoucherNo_val_2327,Amount_val_2327,TaxRate_val_2327,Date_val_2327
2328,Matrix Precision Engineering,VoucherNo_val_2328,Amount_val_2328,TaxRate_val_2328,Date_val_2328
2329,Matrix Precision Engineering,VoucherNo_val_2329,Amount_val_2329,TaxRate_val_2329,Date_val_2329
2330,Matrix Precision Engineering,VoucherNo_val_2330,Amount_val_2330,TaxRate_val_2330,Date_val_2330
2331,Matrix Precision Engineering,VoucherNo_val_2331,Amount_val_2331,TaxRate_val_2331,Date_val_2331
2332,Matrix Precision Engineering,VoucherNo_val_2332,Amount_val_2332,TaxRate_val_2332,Date_val_2332
2333,Matrix Precision Engineering,VoucherNo_val_2333,Amount_val_2333,TaxRate_val_2333,Date_val_2333
2334,Matrix Precision Engineering,VoucherNo_val_2334,Amount_val_2334,TaxRate_val_2334,Date_val_2334
2335,Matrix Precision Engineering,VoucherNo_val_2335,Amount_val_2335,TaxRate_val_2335,Date_val_2335
2336,Matrix Precision Engineering,VoucherNo_val_2336,Amount_val_2336,TaxRate_val_2336,Date_val_2336
2337,Matrix Precision Engineering,VoucherNo_val_2337,Amount_val_2337,TaxRate_val_2337,Date_val_2337
2338,Matrix Precision Engineering,VoucherNo_val_2338,Amount_val_2338,TaxRate_val_2338,Date_val_2338
2339,Matrix Precision Engineering,VoucherNo_val_2339,Amount_val_2339,TaxRate_val_2339,Date_val_2339
2340,Matrix Precision Engineering,VoucherNo_val_2340,Amount_val_2340,TaxRate_val_2340,Date_val_2340
2341,Matrix Precision Engineering,VoucherNo_val_2341,Amount_val_2341,TaxRate_val_2341,Date_val_2341
2342,Matrix Precision Engineering,VoucherNo_val_2342,Amount_val_2342,TaxRate_val_2342,Date_val_2342
2343,Matrix Precision Engineering,VoucherNo_val_2343,Amount_val_2343,TaxRate_val_2343,Date_val_2343
2344,Matrix Precision Engineering,VoucherNo_val_2344,Amount_val_2344,TaxRate_val_2344,Date_val_2344
2345,Matrix Precision Engineering,VoucherNo_val_2345,Amount_val_2345,TaxRate_val_2345,Date_val_2345
2346,Matrix Precision Engineering,VoucherNo_val_2346,Amount_val_2346,TaxRate_val_2346,Date_val_2346
2347,Matrix Precision Engineering,VoucherNo_val_2347,Amount_val_2347,TaxRate_val_2347,Date_val_2347
2348,Matrix Precision Engineering,VoucherNo_val_2348,Amount_val_2348,TaxRate_val_2348,Date_val_2348
2349,Matrix Precision Engineering,VoucherNo_val_2349,Amount_val_2349,TaxRate_val_2349,Date_val_2349
2350,Matrix Precision Engineering,VoucherNo_val_2350,Amount_val_2350,TaxRate_val_2350,Date_val_2350
2351,Matrix Precision Engineering,VoucherNo_val_2351,Amount_val_2351,TaxRate_val_2351,Date_val_2351
2352,Matrix Precision Engineering,VoucherNo_val_2352,Amount_val_2352,TaxRate_val_2352,Date_val_2352
2353,Matrix Precision Engineering,VoucherNo_val_2353,Amount_val_2353,TaxRate_val_2353,Date_val_2353
2354,Matrix Precision Engineering,VoucherNo_val_2354,Amount_val_2354,TaxRate_val_2354,Date_val_2354
2355,Matrix Precision Engineering,VoucherNo_val_2355,Amount_val_2355,TaxRate_val_2355,Date_val_2355
2356,Matrix Precision Engineering,VoucherNo_val_2356,Amount_val_2356,TaxRate_val_2356,Date_val_2356
2357,Matrix Precision Engineering,VoucherNo_val_2357,Amount_val_2357,TaxRate_val_2357,Date_val_2357
2358,Matrix Precision Engineering,VoucherNo_val_2358,Amount_val_2358,TaxRate_val_2358,Date_val_2358
2359,Matrix Precision Engineering,VoucherNo_val_2359,Amount_val_2359,TaxRate_val_2359,Date_val_2359
2360,Matrix Precision Engineering,VoucherNo_val_2360,Amount_val_2360,TaxRate_val_2360,Date_val_2360
2361,Matrix Precision Engineering,VoucherNo_val_2361,Amount_val_2361,TaxRate_val_2361,Date_val_2361
2362,Matrix Precision Engineering,VoucherNo_val_2362,Amount_val_2362,TaxRate_val_2362,Date_val_2362
2363,Matrix Precision Engineering,VoucherNo_val_2363,Amount_val_2363,TaxRate_val_2363,Date_val_2363
2364,Matrix Precision Engineering,VoucherNo_val_2364,Amount_val_2364,TaxRate_val_2364,Date_val_2364
2365,Matrix Precision Engineering,VoucherNo_val_2365,Amount_val_2365,TaxRate_val_2365,Date_val_2365
2366,Matrix Precision Engineering,VoucherNo_val_2366,Amount_val_2366,TaxRate_val_2366,Date_val_2366
2367,Matrix Precision Engineering,VoucherNo_val_2367,Amount_val_2367,TaxRate_val_2367,Date_val_2367
2368,Matrix Precision Engineering,VoucherNo_val_2368,Amount_val_2368,TaxRate_val_2368,Date_val_2368
2369,Matrix Precision Engineering,VoucherNo_val_2369,Amount_val_2369,TaxRate_val_2369,Date_val_2369
2370,Matrix Precision Engineering,VoucherNo_val_2370,Amount_val_2370,TaxRate_val_2370,Date_val_2370
2371,Matrix Precision Engineering,VoucherNo_val_2371,Amount_val_2371,TaxRate_val_2371,Date_val_2371
2372,Matrix Precision Engineering,VoucherNo_val_2372,Amount_val_2372,TaxRate_val_2372,Date_val_2372
2373,Matrix Precision Engineering,VoucherNo_val_2373,Amount_val_2373,TaxRate_val_2373,Date_val_2373
2374,Matrix Precision Engineering,VoucherNo_val_2374,Amount_val_2374,TaxRate_val_2374,Date_val_2374
2375,Matrix Precision Engineering,VoucherNo_val_2375,Amount_val_2375,TaxRate_val_2375,Date_val_2375
2376,Matrix Precision Engineering,VoucherNo_val_2376,Amount_val_2376,TaxRate_val_2376,Date_val_2376
2377,Matrix Precision Engineering,VoucherNo_val_2377,Amount_val_2377,TaxRate_val_2377,Date_val_2377
2378,Matrix Precision Engineering,VoucherNo_val_2378,Amount_val_2378,TaxRate_val_2378,Date_val_2378
2379,Matrix Precision Engineering,VoucherNo_val_2379,Amount_val_2379,TaxRate_val_2379,Date_val_2379
2380,Matrix Precision Engineering,VoucherNo_val_2380,Amount_val_2380,TaxRate_val_2380,Date_val_2380
2381,Matrix Precision Engineering,VoucherNo_val_2381,Amount_val_2381,TaxRate_val_2381,Date_val_2381
2382,Matrix Precision Engineering,VoucherNo_val_2382,Amount_val_2382,TaxRate_val_2382,Date_val_2382
2383,Matrix Precision Engineering,VoucherNo_val_2383,Amount_val_2383,TaxRate_val_2383,Date_val_2383
2384,Matrix Precision Engineering,VoucherNo_val_2384,Amount_val_2384,TaxRate_val_2384,Date_val_2384
2385,Matrix Precision Engineering,VoucherNo_val_2385,Amount_val_2385,TaxRate_val_2385,Date_val_2385
2386,Matrix Precision Engineering,VoucherNo_val_2386,Amount_val_2386,TaxRate_val_2386,Date_val_2386
2387,Matrix Precision Engineering,VoucherNo_val_2387,Amount_val_2387,TaxRate_val_2387,Date_val_2387
2388,Matrix Precision Engineering,VoucherNo_val_2388,Amount_val_2388,TaxRate_val_2388,Date_val_2388
2389,Matrix Precision Engineering,VoucherNo_val_2389,Amount_val_2389,TaxRate_val_2389,Date_val_2389
2390,Matrix Precision Engineering,VoucherNo_val_2390,Amount_val_2390,TaxRate_val_2390,Date_val_2390
2391,Matrix Precision Engineering,VoucherNo_val_2391,Amount_val_2391,TaxRate_val_2391,Date_val_2391
2392,Matrix Precision Engineering,VoucherNo_val_2392,Amount_val_2392,TaxRate_val_2392,Date_val_2392
2393,Matrix Precision Engineering,VoucherNo_val_2393,Amount_val_2393,TaxRate_val_2393,Date_val_2393
2394,Matrix Precision Engineering,VoucherNo_val_2394,Amount_val_2394,TaxRate_val_2394,Date_val_2394
2395,Matrix Precision Engineering,VoucherNo_val_2395,Amount_val_2395,TaxRate_val_2395,Date_val_2395
2396,Matrix Precision Engineering,VoucherNo_val_2396,Amount_val_2396,TaxRate_val_2396,Date_val_2396
2397,Matrix Precision Engineering,VoucherNo_val_2397,Amount_val_2397,TaxRate_val_2397,Date_val_2397
2398,Matrix Precision Engineering,VoucherNo_val_2398,Amount_val_2398,TaxRate_val_2398,Date_val_2398
2399,Matrix Precision Engineering,VoucherNo_val_2399,Amount_val_2399,TaxRate_val_2399,Date_val_2399
2400,Matrix Precision Engineering,VoucherNo_val_2400,Amount_val_2400,TaxRate_val_2400,Date_val_2400
2401,Matrix Precision Engineering,VoucherNo_val_2401,Amount_val_2401,TaxRate_val_2401,Date_val_2401
2402,Matrix Precision Engineering,VoucherNo_val_2402,Amount_val_2402,TaxRate_val_2402,Date_val_2402
2403,Matrix Precision Engineering,VoucherNo_val_2403,Amount_val_2403,TaxRate_val_2403,Date_val_2403
2404,Matrix Precision Engineering,VoucherNo_val_2404,Amount_val_2404,TaxRate_val_2404,Date_val_2404
2405,Matrix Precision Engineering,VoucherNo_val_2405,Amount_val_2405,TaxRate_val_2405,Date_val_2405
2406,Matrix Precision Engineering,VoucherNo_val_2406,Amount_val_2406,TaxRate_val_2406,Date_val_2406
2407,Matrix Precision Engineering,VoucherNo_val_2407,Amount_val_2407,TaxRate_val_2407,Date_val_2407
2408,Matrix Precision Engineering,VoucherNo_val_2408,Amount_val_2408,TaxRate_val_2408,Date_val_2408
2409,Matrix Precision Engineering,VoucherNo_val_2409,Amount_val_2409,TaxRate_val_2409,Date_val_2409
2410,Matrix Precision Engineering,VoucherNo_val_2410,Amount_val_2410,TaxRate_val_2410,Date_val_2410
2411,Matrix Precision Engineering,VoucherNo_val_2411,Amount_val_2411,TaxRate_val_2411,Date_val_2411
2412,Matrix Precision Engineering,VoucherNo_val_2412,Amount_val_2412,TaxRate_val_2412,Date_val_2412
2413,Matrix Precision Engineering,VoucherNo_val_2413,Amount_val_2413,TaxRate_val_2413,Date_val_2413
2414,Matrix Precision Engineering,VoucherNo_val_2414,Amount_val_2414,TaxRate_val_2414,Date_val_2414
2415,Matrix Precision Engineering,VoucherNo_val_2415,Amount_val_2415,TaxRate_val_2415,Date_val_2415
2416,Matrix Precision Engineering,VoucherNo_val_2416,Amount_val_2416,TaxRate_val_2416,Date_val_2416
2417,Matrix Precision Engineering,VoucherNo_val_2417,Amount_val_2417,TaxRate_val_2417,Date_val_2417
2418,Matrix Precision Engineering,VoucherNo_val_2418,Amount_val_2418,TaxRate_val_2418,Date_val_2418
2419,Matrix Precision Engineering,VoucherNo_val_2419,Amount_val_2419,TaxRate_val_2419,Date_val_2419
2420,Matrix Precision Engineering,VoucherNo_val_2420,Amount_val_2420,TaxRate_val_2420,Date_val_2420
2421,Matrix Precision Engineering,VoucherNo_val_2421,Amount_val_2421,TaxRate_val_2421,Date_val_2421
2422,Matrix Precision Engineering,VoucherNo_val_2422,Amount_val_2422,TaxRate_val_2422,Date_val_2422
2423,Matrix Precision Engineering,VoucherNo_val_2423,Amount_val_2423,TaxRate_val_2423,Date_val_2423
2424,Matrix Precision Engineering,VoucherNo_val_2424,Amount_val_2424,TaxRate_val_2424,Date_val_2424
2425,Matrix Precision Engineering,VoucherNo_val_2425,Amount_val_2425,TaxRate_val_2425,Date_val_2425
2426,Matrix Precision Engineering,VoucherNo_val_2426,Amount_val_2426,TaxRate_val_2426,Date_val_2426
2427,Matrix Precision Engineering,VoucherNo_val_2427,Amount_val_2427,TaxRate_val_2427,Date_val_2427
2428,Matrix Precision Engineering,VoucherNo_val_2428,Amount_val_2428,TaxRate_val_2428,Date_val_2428
2429,Matrix Precision Engineering,VoucherNo_val_2429,Amount_val_2429,TaxRate_val_2429,Date_val_2429
2430,Matrix Precision Engineering,VoucherNo_val_2430,Amount_val_2430,TaxRate_val_2430,Date_val_2430
2431,Matrix Precision Engineering,VoucherNo_val_2431,Amount_val_2431,TaxRate_val_2431,Date_val_2431
2432,Matrix Precision Engineering,VoucherNo_val_2432,Amount_val_2432,TaxRate_val_2432,Date_val_2432
2433,Matrix Precision Engineering,VoucherNo_val_2433,Amount_val_2433,TaxRate_val_2433,Date_val_2433
2434,Matrix Precision Engineering,VoucherNo_val_2434,Amount_val_2434,TaxRate_val_2434,Date_val_2434
2435,Matrix Precision Engineering,VoucherNo_val_2435,Amount_val_2435,TaxRate_val_2435,Date_val_2435
2436,Matrix Precision Engineering,VoucherNo_val_2436,Amount_val_2436,TaxRate_val_2436,Date_val_2436
2437,Matrix Precision Engineering,VoucherNo_val_2437,Amount_val_2437,TaxRate_val_2437,Date_val_2437
2438,Matrix Precision Engineering,VoucherNo_val_2438,Amount_val_2438,TaxRate_val_2438,Date_val_2438
2439,Matrix Precision Engineering,VoucherNo_val_2439,Amount_val_2439,TaxRate_val_2439,Date_val_2439
2440,Matrix Precision Engineering,VoucherNo_val_2440,Amount_val_2440,TaxRate_val_2440,Date_val_2440
2441,Matrix Precision Engineering,VoucherNo_val_2441,Amount_val_2441,TaxRate_val_2441,Date_val_2441
2442,Matrix Precision Engineering,VoucherNo_val_2442,Amount_val_2442,TaxRate_val_2442,Date_val_2442
2443,Matrix Precision Engineering,VoucherNo_val_2443,Amount_val_2443,TaxRate_val_2443,Date_val_2443
2444,Matrix Precision Engineering,VoucherNo_val_2444,Amount_val_2444,TaxRate_val_2444,Date_val_2444
2445,Matrix Precision Engineering,VoucherNo_val_2445,Amount_val_2445,TaxRate_val_2445,Date_val_2445
2446,Matrix Precision Engineering,VoucherNo_val_2446,Amount_val_2446,TaxRate_val_2446,Date_val_2446
2447,Matrix Precision Engineering,VoucherNo_val_2447,Amount_val_2447,TaxRate_val_2447,Date_val_2447
2448,Matrix Precision Engineering,VoucherNo_val_2448,Amount_val_2448,TaxRate_val_2448,Date_val_2448
2449,Matrix Precision Engineering,VoucherNo_val_2449,Amount_val_2449,TaxRate_val_2449,Date_val_2449
2450,Matrix Precision Engineering,VoucherNo_val_2450,Amount_val_2450,TaxRate_val_2450,Date_val_2450
2451,Matrix Precision Engineering,VoucherNo_val_2451,Amount_val_2451,TaxRate_val_2451,Date_val_2451
2452,Matrix Precision Engineering,VoucherNo_val_2452,Amount_val_2452,TaxRate_val_2452,Date_val_2452
2453,Matrix Precision Engineering,VoucherNo_val_2453,Amount_val_2453,TaxRate_val_2453,Date_val_2453
2454,Matrix Precision Engineering,VoucherNo_val_2454,Amount_val_2454,TaxRate_val_2454,Date_val_2454
2455,Matrix Precision Engineering,VoucherNo_val_2455,Amount_val_2455,TaxRate_val_2455,Date_val_2455
2456,Matrix Precision Engineering,VoucherNo_val_2456,Amount_val_2456,TaxRate_val_2456,Date_val_2456
2457,Matrix Precision Engineering,VoucherNo_val_2457,Amount_val_2457,TaxRate_val_2457,Date_val_2457
2458,Matrix Precision Engineering,VoucherNo_val_2458,Amount_val_2458,TaxRate_val_2458,Date_val_2458
2459,Matrix Precision Engineering,VoucherNo_val_2459,Amount_val_2459,TaxRate_val_2459,Date_val_2459
2460,Matrix Precision Engineering,VoucherNo_val_2460,Amount_val_2460,TaxRate_val_2460,Date_val_2460
2461,Matrix Precision Engineering,VoucherNo_val_2461,Amount_val_2461,TaxRate_val_2461,Date_val_2461
2462,Matrix Precision Engineering,VoucherNo_val_2462,Amount_val_2462,TaxRate_val_2462,Date_val_2462
2463,Matrix Precision Engineering,VoucherNo_val_2463,Amount_val_2463,TaxRate_val_2463,Date_val_2463
2464,Matrix Precision Engineering,VoucherNo_val_2464,Amount_val_2464,TaxRate_val_2464,Date_val_2464
2465,Matrix Precision Engineering,VoucherNo_val_2465,Amount_val_2465,TaxRate_val_2465,Date_val_2465
2466,Matrix Precision Engineering,VoucherNo_val_2466,Amount_val_2466,TaxRate_val_2466,Date_val_2466
2467,Matrix Precision Engineering,VoucherNo_val_2467,Amount_val_2467,TaxRate_val_2467,Date_val_2467
2468,Matrix Precision Engineering,VoucherNo_val_2468,Amount_val_2468,TaxRate_val_2468,Date_val_2468
2469,Matrix Precision Engineering,VoucherNo_val_2469,Amount_val_2469,TaxRate_val_2469,Date_val_2469
2470,Matrix Precision Engineering,VoucherNo_val_2470,Amount_val_2470,TaxRate_val_2470,Date_val_2470
2471,Matrix Precision Engineering,VoucherNo_val_2471,Amount_val_2471,TaxRate_val_2471,Date_val_2471
2472,Matrix Precision Engineering,VoucherNo_val_2472,Amount_val_2472,TaxRate_val_2472,Date_val_2472
2473,Matrix Precision Engineering,VoucherNo_val_2473,Amount_val_2473,TaxRate_val_2473,Date_val_2473
2474,Matrix Precision Engineering,VoucherNo_val_2474,Amount_val_2474,TaxRate_val_2474,Date_val_2474
2475,Matrix Precision Engineering,VoucherNo_val_2475,Amount_val_2475,TaxRate_val_2475,Date_val_2475
2476,Matrix Precision Engineering,VoucherNo_val_2476,Amount_val_2476,TaxRate_val_2476,Date_val_2476
2477,Matrix Precision Engineering,VoucherNo_val_2477,Amount_val_2477,TaxRate_val_2477,Date_val_2477
2478,Matrix Precision Engineering,VoucherNo_val_2478,Amount_val_2478,TaxRate_val_2478,Date_val_2478
2479,Matrix Precision Engineering,VoucherNo_val_2479,Amount_val_2479,TaxRate_val_2479,Date_val_2479
2480,Matrix Precision Engineering,VoucherNo_val_2480,Amount_val_2480,TaxRate_val_2480,Date_val_2480
2481,Matrix Precision Engineering,VoucherNo_val_2481,Amount_val_2481,TaxRate_val_2481,Date_val_2481
2482,Matrix Precision Engineering,VoucherNo_val_2482,Amount_val_2482,TaxRate_val_2482,Date_val_2482
2483,Matrix Precision Engineering,VoucherNo_val_2483,Amount_val_2483,TaxRate_val_2483,Date_val_2483
2484,Matrix Precision Engineering,VoucherNo_val_2484,Amount_val_2484,TaxRate_val_2484,Date_val_2484
2485,Matrix Precision Engineering,VoucherNo_val_2485,Amount_val_2485,TaxRate_val_2485,Date_val_2485
2486,Matrix Precision Engineering,VoucherNo_val_2486,Amount_val_2486,TaxRate_val_2486,Date_val_2486
2487,Matrix Precision Engineering,VoucherNo_val_2487,Amount_val_2487,TaxRate_val_2487,Date_val_2487
2488,Matrix Precision Engineering,VoucherNo_val_2488,Amount_val_2488,TaxRate_val_2488,Date_val_2488
2489,Matrix Precision Engineering,VoucherNo_val_2489,Amount_val_2489,TaxRate_val_2489,Date_val_2489
2490,Matrix Precision Engineering,VoucherNo_val_2490,Amount_val_2490,TaxRate_val_2490,Date_val_2490
2491,Matrix Precision Engineering,VoucherNo_val_2491,Amount_val_2491,TaxRate_val_2491,Date_val_2491
2492,Matrix Precision Engineering,VoucherNo_val_2492,Amount_val_2492,TaxRate_val_2492,Date_val_2492
2493,Matrix Precision Engineering,VoucherNo_val_2493,Amount_val_2493,TaxRate_val_2493,Date_val_2493
2494,Matrix Precision Engineering,VoucherNo_val_2494,Amount_val_2494,TaxRate_val_2494,Date_val_2494
2495,Matrix Precision Engineering,VoucherNo_val_2495,Amount_val_2495,TaxRate_val_2495,Date_val_2495
2496,Matrix Precision Engineering,VoucherNo_val_2496,Amount_val_2496,TaxRate_val_2496,Date_val_2496
2497,Matrix Precision Engineering,VoucherNo_val_2497,Amount_val_2497,TaxRate_val_2497,Date_val_2497
2498,Matrix Precision Engineering,VoucherNo_val_2498,Amount_val_2498,TaxRate_val_2498,Date_val_2498
2499,Matrix Precision Engineering,VoucherNo_val_2499,Amount_val_2499,TaxRate_val_2499,Date_val_2499
2500,Matrix Precision Engineering,VoucherNo_val_2500,Amount_val_2500,TaxRate_val_2500,Date_val_2500
2501,Matrix Precision Engineering,VoucherNo_val_2501,Amount_val_2501,TaxRate_val_2501,Date_val_2501
2502,Matrix Precision Engineering,VoucherNo_val_2502,Amount_val_2502,TaxRate_val_2502,Date_val_2502
2503,Matrix Precision Engineering,VoucherNo_val_2503,Amount_val_2503,TaxRate_val_2503,Date_val_2503
2504,Matrix Precision Engineering,VoucherNo_val_2504,Amount_val_2504,TaxRate_val_2504,Date_val_2504
2505,Matrix Precision Engineering,VoucherNo_val_2505,Amount_val_2505,TaxRate_val_2505,Date_val_2505
2506,Matrix Precision Engineering,VoucherNo_val_2506,Amount_val_2506,TaxRate_val_2506,Date_val_2506
2507,Matrix Precision Engineering,VoucherNo_val_2507,Amount_val_2507,TaxRate_val_2507,Date_val_2507
2508,Matrix Precision Engineering,VoucherNo_val_2508,Amount_val_2508,TaxRate_val_2508,Date_val_2508
2509,Matrix Precision Engineering,VoucherNo_val_2509,Amount_val_2509,TaxRate_val_2509,Date_val_2509
2510,Matrix Precision Engineering,VoucherNo_val_2510,Amount_val_2510,TaxRate_val_2510,Date_val_2510
2511,Matrix Precision Engineering,VoucherNo_val_2511,Amount_val_2511,TaxRate_val_2511,Date_val_2511
2512,Matrix Precision Engineering,VoucherNo_val_2512,Amount_val_2512,TaxRate_val_2512,Date_val_2512
2513,Matrix Precision Engineering,VoucherNo_val_2513,Amount_val_2513,TaxRate_val_2513,Date_val_2513
2514,Matrix Precision Engineering,VoucherNo_val_2514,Amount_val_2514,TaxRate_val_2514,Date_val_2514
2515,Matrix Precision Engineering,VoucherNo_val_2515,Amount_val_2515,TaxRate_val_2515,Date_val_2515
2516,Matrix Precision Engineering,VoucherNo_val_2516,Amount_val_2516,TaxRate_val_2516,Date_val_2516
2517,Matrix Precision Engineering,VoucherNo_val_2517,Amount_val_2517,TaxRate_val_2517,Date_val_2517
2518,Matrix Precision Engineering,VoucherNo_val_2518,Amount_val_2518,TaxRate_val_2518,Date_val_2518
2519,Matrix Precision Engineering,VoucherNo_val_2519,Amount_val_2519,TaxRate_val_2519,Date_val_2519
2520,Matrix Precision Engineering,VoucherNo_val_2520,Amount_val_2520,TaxRate_val_2520,Date_val_2520
2521,Matrix Precision Engineering,VoucherNo_val_2521,Amount_val_2521,TaxRate_val_2521,Date_val_2521
2522,Matrix Precision Engineering,VoucherNo_val_2522,Amount_val_2522,TaxRate_val_2522,Date_val_2522
2523,Matrix Precision Engineering,VoucherNo_val_2523,Amount_val_2523,TaxRate_val_2523,Date_val_2523
2524,Matrix Precision Engineering,VoucherNo_val_2524,Amount_val_2524,TaxRate_val_2524,Date_val_2524
2525,Matrix Precision Engineering,VoucherNo_val_2525,Amount_val_2525,TaxRate_val_2525,Date_val_2525
2526,Matrix Precision Engineering,VoucherNo_val_2526,Amount_val_2526,TaxRate_val_2526,Date_val_2526
2527,Matrix Precision Engineering,VoucherNo_val_2527,Amount_val_2527,TaxRate_val_2527,Date_val_2527
2528,Matrix Precision Engineering,VoucherNo_val_2528,Amount_val_2528,TaxRate_val_2528,Date_val_2528
2529,Matrix Precision Engineering,VoucherNo_val_2529,Amount_val_2529,TaxRate_val_2529,Date_val_2529
2530,Matrix Precision Engineering,VoucherNo_val_2530,Amount_val_2530,TaxRate_val_2530,Date_val_2530
2531,Matrix Precision Engineering,VoucherNo_val_2531,Amount_val_2531,TaxRate_val_2531,Date_val_2531
2532,Matrix Precision Engineering,VoucherNo_val_2532,Amount_val_2532,TaxRate_val_2532,Date_val_2532
2533,Matrix Precision Engineering,VoucherNo_val_2533,Amount_val_2533,TaxRate_val_2533,Date_val_2533
2534,Matrix Precision Engineering,VoucherNo_val_2534,Amount_val_2534,TaxRate_val_2534,Date_val_2534
2535,Matrix Precision Engineering,VoucherNo_val_2535,Amount_val_2535,TaxRate_val_2535,Date_val_2535
2536,Matrix Precision Engineering,VoucherNo_val_2536,Amount_val_2536,TaxRate_val_2536,Date_val_2536
2537,Matrix Precision Engineering,VoucherNo_val_2537,Amount_val_2537,TaxRate_val_2537,Date_val_2537
2538,Matrix Precision Engineering,VoucherNo_val_2538,Amount_val_2538,TaxRate_val_2538,Date_val_2538
2539,Matrix Precision Engineering,VoucherNo_val_2539,Amount_val_2539,TaxRate_val_2539,Date_val_2539
2540,Matrix Precision Engineering,VoucherNo_val_2540,Amount_val_2540,TaxRate_val_2540,Date_val_2540
2541,Matrix Precision Engineering,VoucherNo_val_2541,Amount_val_2541,TaxRate_val_2541,Date_val_2541
2542,Matrix Precision Engineering,VoucherNo_val_2542,Amount_val_2542,TaxRate_val_2542,Date_val_2542
2543,Matrix Precision Engineering,VoucherNo_val_2543,Amount_val_2543,TaxRate_val_2543,Date_val_2543
2544,Matrix Precision Engineering,VoucherNo_val_2544,Amount_val_2544,TaxRate_val_2544,Date_val_2544
2545,Matrix Precision Engineering,VoucherNo_val_2545,Amount_val_2545,TaxRate_val_2545,Date_val_2545
2546,Matrix Precision Engineering,VoucherNo_val_2546,Amount_val_2546,TaxRate_val_2546,Date_val_2546
2547,Matrix Precision Engineering,VoucherNo_val_2547,Amount_val_2547,TaxRate_val_2547,Date_val_2547
2548,Matrix Precision Engineering,VoucherNo_val_2548,Amount_val_2548,TaxRate_val_2548,Date_val_2548
2549,Matrix Precision Engineering,VoucherNo_val_2549,Amount_val_2549,TaxRate_val_2549,Date_val_2549
2550,Matrix Precision Engineering,VoucherNo_val_2550,Amount_val_2550,TaxRate_val_2550,Date_val_2550
2551,Matrix Precision Engineering,VoucherNo_val_2551,Amount_val_2551,TaxRate_val_2551,Date_val_2551
2552,Matrix Precision Engineering,VoucherNo_val_2552,Amount_val_2552,TaxRate_val_2552,Date_val_2552
2553,Matrix Precision Engineering,VoucherNo_val_2553,Amount_val_2553,TaxRate_val_2553,Date_val_2553
2554,Matrix Precision Engineering,VoucherNo_val_2554,Amount_val_2554,TaxRate_val_2554,Date_val_2554
2555,Matrix Precision Engineering,VoucherNo_val_2555,Amount_val_2555,TaxRate_val_2555,Date_val_2555
2556,Matrix Precision Engineering,VoucherNo_val_2556,Amount_val_2556,TaxRate_val_2556,Date_val_2556
2557,Matrix Precision Engineering,VoucherNo_val_2557,Amount_val_2557,TaxRate_val_2557,Date_val_2557
2558,Matrix Precision Engineering,VoucherNo_val_2558,Amount_val_2558,TaxRate_val_2558,Date_val_2558
2559,Matrix Precision Engineering,VoucherNo_val_2559,Amount_val_2559,TaxRate_val_2559,Date_val_2559
2560,Matrix Precision Engineering,VoucherNo_val_2560,Amount_val_2560,TaxRate_val_2560,Date_val_2560
2561,Matrix Precision Engineering,VoucherNo_val_2561,Amount_val_2561,TaxRate_val_2561,Date_val_2561
2562,Matrix Precision Engineering,VoucherNo_val_2562,Amount_val_2562,TaxRate_val_2562,Date_val_2562
2563,Matrix Precision Engineering,VoucherNo_val_2563,Amount_val_2563,TaxRate_val_2563,Date_val_2563
2564,Matrix Precision Engineering,VoucherNo_val_2564,Amount_val_2564,TaxRate_val_2564,Date_val_2564
2565,Matrix Precision Engineering,VoucherNo_val_2565,Amount_val_2565,TaxRate_val_2565,Date_val_2565
2566,Matrix Precision Engineering,VoucherNo_val_2566,Amount_val_2566,TaxRate_val_2566,Date_val_2566
2567,Matrix Precision Engineering,VoucherNo_val_2567,Amount_val_2567,TaxRate_val_2567,Date_val_2567
2568,Matrix Precision Engineering,VoucherNo_val_2568,Amount_val_2568,TaxRate_val_2568,Date_val_2568
2569,Matrix Precision Engineering,VoucherNo_val_2569,Amount_val_2569,TaxRate_val_2569,Date_val_2569
2570,Matrix Precision Engineering,VoucherNo_val_2570,Amount_val_2570,TaxRate_val_2570,Date_val_2570
2571,Matrix Precision Engineering,VoucherNo_val_2571,Amount_val_2571,TaxRate_val_2571,Date_val_2571
2572,Matrix Precision Engineering,VoucherNo_val_2572,Amount_val_2572,TaxRate_val_2572,Date_val_2572
2573,Matrix Precision Engineering,VoucherNo_val_2573,Amount_val_2573,TaxRate_val_2573,Date_val_2573
2574,Matrix Precision Engineering,VoucherNo_val_2574,Amount_val_2574,TaxRate_val_2574,Date_val_2574
2575,Matrix Precision Engineering,VoucherNo_val_2575,Amount_val_2575,TaxRate_val_2575,Date_val_2575
2576,Matrix Precision Engineering,VoucherNo_val_2576,Amount_val_2576,TaxRate_val_2576,Date_val_2576
2577,Matrix Precision Engineering,VoucherNo_val_2577,Amount_val_2577,TaxRate_val_2577,Date_val_2577
2578,Matrix Precision Engineering,VoucherNo_val_2578,Amount_val_2578,TaxRate_val_2578,Date_val_2578
2579,Matrix Precision Engineering,VoucherNo_val_2579,Amount_val_2579,TaxRate_val_2579,Date_val_2579
2580,Matrix Precision Engineering,VoucherNo_val_2580,Amount_val_2580,TaxRate_val_2580,Date_val_2580
2581,Matrix Precision Engineering,VoucherNo_val_2581,Amount_val_2581,TaxRate_val_2581,Date_val_2581
2582,Matrix Precision Engineering,VoucherNo_val_2582,Amount_val_2582,TaxRate_val_2582,Date_val_2582
2583,Matrix Precision Engineering,VoucherNo_val_2583,Amount_val_2583,TaxRate_val_2583,Date_val_2583
2584,Matrix Precision Engineering,VoucherNo_val_2584,Amount_val_2584,TaxRate_val_2584,Date_val_2584
2585,Matrix Precision Engineering,VoucherNo_val_2585,Amount_val_2585,TaxRate_val_2585,Date_val_2585
2586,Matrix Precision Engineering,VoucherNo_val_2586,Amount_val_2586,TaxRate_val_2586,Date_val_2586
2587,Matrix Precision Engineering,VoucherNo_val_2587,Amount_val_2587,TaxRate_val_2587,Date_val_2587
2588,Matrix Precision Engineering,VoucherNo_val_2588,Amount_val_2588,TaxRate_val_2588,Date_val_2588
2589,Matrix Precision Engineering,VoucherNo_val_2589,Amount_val_2589,TaxRate_val_2589,Date_val_2589
2590,Matrix Precision Engineering,VoucherNo_val_2590,Amount_val_2590,TaxRate_val_2590,Date_val_2590
2591,Matrix Precision Engineering,VoucherNo_val_2591,Amount_val_2591,TaxRate_val_2591,Date_val_2591
2592,Matrix Precision Engineering,VoucherNo_val_2592,Amount_val_2592,TaxRate_val_2592,Date_val_2592
2593,Matrix Precision Engineering,VoucherNo_val_2593,Amount_val_2593,TaxRate_val_2593,Date_val_2593
2594,Matrix Precision Engineering,VoucherNo_val_2594,Amount_val_2594,TaxRate_val_2594,Date_val_2594
2595,Matrix Precision Engineering,VoucherNo_val_2595,Amount_val_2595,TaxRate_val_2595,Date_val_2595
2596,Matrix Precision Engineering,VoucherNo_val_2596,Amount_val_2596,TaxRate_val_2596,Date_val_2596
2597,Matrix Precision Engineering,VoucherNo_val_2597,Amount_val_2597,TaxRate_val_2597,Date_val_2597
2598,Matrix Precision Engineering,VoucherNo_val_2598,Amount_val_2598,TaxRate_val_2598,Date_val_2598
2599,Matrix Precision Engineering,VoucherNo_val_2599,Amount_val_2599,TaxRate_val_2599,Date_val_2599
2600,Matrix Precision Engineering,VoucherNo_val_2600,Amount_val_2600,TaxRate_val_2600,Date_val_2600
2601,Matrix Precision Engineering,VoucherNo_val_2601,Amount_val_2601,TaxRate_val_2601,Date_val_2601
2602,Matrix Precision Engineering,VoucherNo_val_2602,Amount_val_2602,TaxRate_val_2602,Date_val_2602
2603,Matrix Precision Engineering,VoucherNo_val_2603,Amount_val_2603,TaxRate_val_2603,Date_val_2603
2604,Matrix Precision Engineering,VoucherNo_val_2604,Amount_val_2604,TaxRate_val_2604,Date_val_2604
2605,Matrix Precision Engineering,VoucherNo_val_2605,Amount_val_2605,TaxRate_val_2605,Date_val_2605
2606,Matrix Precision Engineering,VoucherNo_val_2606,Amount_val_2606,TaxRate_val_2606,Date_val_2606
2607,Matrix Precision Engineering,VoucherNo_val_2607,Amount_val_2607,TaxRate_val_2607,Date_val_2607
2608,Matrix Precision Engineering,VoucherNo_val_2608,Amount_val_2608,TaxRate_val_2608,Date_val_2608
2609,Matrix Precision Engineering,VoucherNo_val_2609,Amount_val_2609,TaxRate_val_2609,Date_val_2609
2610,Matrix Precision Engineering,VoucherNo_val_2610,Amount_val_2610,TaxRate_val_2610,Date_val_2610
2611,Matrix Precision Engineering,VoucherNo_val_2611,Amount_val_2611,TaxRate_val_2611,Date_val_2611
2612,Matrix Precision Engineering,VoucherNo_val_2612,Amount_val_2612,TaxRate_val_2612,Date_val_2612
2613,Matrix Precision Engineering,VoucherNo_val_2613,Amount_val_2613,TaxRate_val_2613,Date_val_2613
2614,Matrix Precision Engineering,VoucherNo_val_2614,Amount_val_2614,TaxRate_val_2614,Date_val_2614
2615,Matrix Precision Engineering,VoucherNo_val_2615,Amount_val_2615,TaxRate_val_2615,Date_val_2615
2616,Matrix Precision Engineering,VoucherNo_val_2616,Amount_val_2616,TaxRate_val_2616,Date_val_2616
2617,Matrix Precision Engineering,VoucherNo_val_2617,Amount_val_2617,TaxRate_val_2617,Date_val_2617
2618,Matrix Precision Engineering,VoucherNo_val_2618,Amount_val_2618,TaxRate_val_2618,Date_val_2618
2619,Matrix Precision Engineering,VoucherNo_val_2619,Amount_val_2619,TaxRate_val_2619,Date_val_2619
2620,Matrix Precision Engineering,VoucherNo_val_2620,Amount_val_2620,TaxRate_val_2620,Date_val_2620
2621,Matrix Precision Engineering,VoucherNo_val_2621,Amount_val_2621,TaxRate_val_2621,Date_val_2621
2622,Matrix Precision Engineering,VoucherNo_val_2622,Amount_val_2622,TaxRate_val_2622,Date_val_2622
2623,Matrix Precision Engineering,VoucherNo_val_2623,Amount_val_2623,TaxRate_val_2623,Date_val_2623
2624,Matrix Precision Engineering,VoucherNo_val_2624,Amount_val_2624,TaxRate_val_2624,Date_val_2624
2625,Matrix Precision Engineering,VoucherNo_val_2625,Amount_val_2625,TaxRate_val_2625,Date_val_2625
2626,Matrix Precision Engineering,VoucherNo_val_2626,Amount_val_2626,TaxRate_val_2626,Date_val_2626
2627,Matrix Precision Engineering,VoucherNo_val_2627,Amount_val_2627,TaxRate_val_2627,Date_val_2627
2628,Matrix Precision Engineering,VoucherNo_val_2628,Amount_val_2628,TaxRate_val_2628,Date_val_2628
2629,Matrix Precision Engineering,VoucherNo_val_2629,Amount_val_2629,TaxRate_val_2629,Date_val_2629
2630,Matrix Precision Engineering,VoucherNo_val_2630,Amount_val_2630,TaxRate_val_2630,Date_val_2630
2631,Matrix Precision Engineering,VoucherNo_val_2631,Amount_val_2631,TaxRate_val_2631,Date_val_2631
2632,Matrix Precision Engineering,VoucherNo_val_2632,Amount_val_2632,TaxRate_val_2632,Date_val_2632
2633,Matrix Precision Engineering,VoucherNo_val_2633,Amount_val_2633,TaxRate_val_2633,Date_val_2633
2634,Matrix Precision Engineering,VoucherNo_val_2634,Amount_val_2634,TaxRate_val_2634,Date_val_2634
2635,Matrix Precision Engineering,VoucherNo_val_2635,Amount_val_2635,TaxRate_val_2635,Date_val_2635
2636,Matrix Precision Engineering,VoucherNo_val_2636,Amount_val_2636,TaxRate_val_2636,Date_val_2636
2637,Matrix Precision Engineering,VoucherNo_val_2637,Amount_val_2637,TaxRate_val_2637,Date_val_2637
2638,Matrix Precision Engineering,VoucherNo_val_2638,Amount_val_2638,TaxRate_val_2638,Date_val_2638
2639,Matrix Precision Engineering,VoucherNo_val_2639,Amount_val_2639,TaxRate_val_2639,Date_val_2639
2640,Matrix Precision Engineering,VoucherNo_val_2640,Amount_val_2640,TaxRate_val_2640,Date_val_2640
2641,Matrix Precision Engineering,VoucherNo_val_2641,Amount_val_2641,TaxRate_val_2641,Date_val_2641
2642,Matrix Precision Engineering,VoucherNo_val_2642,Amount_val_2642,TaxRate_val_2642,Date_val_2642
2643,Matrix Precision Engineering,VoucherNo_val_2643,Amount_val_2643,TaxRate_val_2643,Date_val_2643
2644,Matrix Precision Engineering,VoucherNo_val_2644,Amount_val_2644,TaxRate_val_2644,Date_val_2644
2645,Matrix Precision Engineering,VoucherNo_val_2645,Amount_val_2645,TaxRate_val_2645,Date_val_2645
2646,Matrix Precision Engineering,VoucherNo_val_2646,Amount_val_2646,TaxRate_val_2646,Date_val_2646
2647,Matrix Precision Engineering,VoucherNo_val_2647,Amount_val_2647,TaxRate_val_2647,Date_val_2647
2648,Matrix Precision Engineering,VoucherNo_val_2648,Amount_val_2648,TaxRate_val_2648,Date_val_2648
2649,Matrix Precision Engineering,VoucherNo_val_2649,Amount_val_2649,TaxRate_val_2649,Date_val_2649
2650,Matrix Precision Engineering,VoucherNo_val_2650,Amount_val_2650,TaxRate_val_2650,Date_val_2650
2651,Matrix Precision Engineering,VoucherNo_val_2651,Amount_val_2651,TaxRate_val_2651,Date_val_2651
2652,Matrix Precision Engineering,VoucherNo_val_2652,Amount_val_2652,TaxRate_val_2652,Date_val_2652
2653,Matrix Precision Engineering,VoucherNo_val_2653,Amount_val_2653,TaxRate_val_2653,Date_val_2653
2654,Matrix Precision Engineering,VoucherNo_val_2654,Amount_val_2654,TaxRate_val_2654,Date_val_2654
2655,Matrix Precision Engineering,VoucherNo_val_2655,Amount_val_2655,TaxRate_val_2655,Date_val_2655
2656,Matrix Precision Engineering,VoucherNo_val_2656,Amount_val_2656,TaxRate_val_2656,Date_val_2656
2657,Matrix Precision Engineering,VoucherNo_val_2657,Amount_val_2657,TaxRate_val_2657,Date_val_2657
2658,Matrix Precision Engineering,VoucherNo_val_2658,Amount_val_2658,TaxRate_val_2658,Date_val_2658
2659,Matrix Precision Engineering,VoucherNo_val_2659,Amount_val_2659,TaxRate_val_2659,Date_val_2659
2660,Matrix Precision Engineering,VoucherNo_val_2660,Amount_val_2660,TaxRate_val_2660,Date_val_2660
2661,Matrix Precision Engineering,VoucherNo_val_2661,Amount_val_2661,TaxRate_val_2661,Date_val_2661
2662,Matrix Precision Engineering,VoucherNo_val_2662,Amount_val_2662,TaxRate_val_2662,Date_val_2662
2663,Matrix Precision Engineering,VoucherNo_val_2663,Amount_val_2663,TaxRate_val_2663,Date_val_2663
2664,Matrix Precision Engineering,VoucherNo_val_2664,Amount_val_2664,TaxRate_val_2664,Date_val_2664
2665,Matrix Precision Engineering,VoucherNo_val_2665,Amount_val_2665,TaxRate_val_2665,Date_val_2665
2666,Matrix Precision Engineering,VoucherNo_val_2666,Amount_val_2666,TaxRate_val_2666,Date_val_2666
2667,Matrix Precision Engineering,VoucherNo_val_2667,Amount_val_2667,TaxRate_val_2667,Date_val_2667
2668,Matrix Precision Engineering,VoucherNo_val_2668,Amount_val_2668,TaxRate_val_2668,Date_val_2668
2669,Matrix Precision Engineering,VoucherNo_val_2669,Amount_val_2669,TaxRate_val_2669,Date_val_2669
2670,Matrix Precision Engineering,VoucherNo_val_2670,Amount_val_2670,TaxRate_val_2670,Date_val_2670
2671,Matrix Precision Engineering,VoucherNo_val_2671,Amount_val_2671,TaxRate_val_2671,Date_val_2671
2672,Matrix Precision Engineering,VoucherNo_val_2672,Amount_val_2672,TaxRate_val_2672,Date_val_2672
2673,Matrix Precision Engineering,VoucherNo_val_2673,Amount_val_2673,TaxRate_val_2673,Date_val_2673
2674,Matrix Precision Engineering,VoucherNo_val_2674,Amount_val_2674,TaxRate_val_2674,Date_val_2674
2675,Matrix Precision Engineering,VoucherNo_val_2675,Amount_val_2675,TaxRate_val_2675,Date_val_2675
2676,Matrix Precision Engineering,VoucherNo_val_2676,Amount_val_2676,TaxRate_val_2676,Date_val_2676
2677,Matrix Precision Engineering,VoucherNo_val_2677,Amount_val_2677,TaxRate_val_2677,Date_val_2677
2678,Matrix Precision Engineering,VoucherNo_val_2678,Amount_val_2678,TaxRate_val_2678,Date_val_2678
2679,Matrix Precision Engineering,VoucherNo_val_2679,Amount_val_2679,TaxRate_val_2679,Date_val_2679
2680,Matrix Precision Engineering,VoucherNo_val_2680,Amount_val_2680,TaxRate_val_2680,Date_val_2680
2681,Matrix Precision Engineering,VoucherNo_val_2681,Amount_val_2681,TaxRate_val_2681,Date_val_2681
2682,Matrix Precision Engineering,VoucherNo_val_2682,Amount_val_2682,TaxRate_val_2682,Date_val_2682
2683,Matrix Precision Engineering,VoucherNo_val_2683,Amount_val_2683,TaxRate_val_2683,Date_val_2683
2684,Matrix Precision Engineering,VoucherNo_val_2684,Amount_val_2684,TaxRate_val_2684,Date_val_2684
2685,Matrix Precision Engineering,VoucherNo_val_2685,Amount_val_2685,TaxRate_val_2685,Date_val_2685
2686,Matrix Precision Engineering,VoucherNo_val_2686,Amount_val_2686,TaxRate_val_2686,Date_val_2686
2687,Matrix Precision Engineering,VoucherNo_val_2687,Amount_val_2687,TaxRate_val_2687,Date_val_2687
2688,Matrix Precision Engineering,VoucherNo_val_2688,Amount_val_2688,TaxRate_val_2688,Date_val_2688
2689,Matrix Precision Engineering,VoucherNo_val_2689,Amount_val_2689,TaxRate_val_2689,Date_val_2689
2690,Matrix Precision Engineering,VoucherNo_val_2690,Amount_val_2690,TaxRate_val_2690,Date_val_2690
2691,Matrix Precision Engineering,VoucherNo_val_2691,Amount_val_2691,TaxRate_val_2691,Date_val_2691
2692,Matrix Precision Engineering,VoucherNo_val_2692,Amount_val_2692,TaxRate_val_2692,Date_val_2692
2693,Matrix Precision Engineering,VoucherNo_val_2693,Amount_val_2693,TaxRate_val_2693,Date_val_2693
2694,Matrix Precision Engineering,VoucherNo_val_2694,Amount_val_2694,TaxRate_val_2694,Date_val_2694
2695,Matrix Precision Engineering,VoucherNo_val_2695,Amount_val_2695,TaxRate_val_2695,Date_val_2695
2696,Matrix Precision Engineering,VoucherNo_val_2696,Amount_val_2696,TaxRate_val_2696,Date_val_2696
2697,Matrix Precision Engineering,VoucherNo_val_2697,Amount_val_2697,TaxRate_val_2697,Date_val_2697
2698,Matrix Precision Engineering,VoucherNo_val_2698,Amount_val_2698,TaxRate_val_2698,Date_val_2698
2699,Matrix Precision Engineering,VoucherNo_val_2699,Amount_val_2699,TaxRate_val_2699,Date_val_2699
2700,Matrix Precision Engineering,VoucherNo_val_2700,Amount_val_2700,TaxRate_val_2700,Date_val_2700
2701,Matrix Precision Engineering,VoucherNo_val_2701,Amount_val_2701,TaxRate_val_2701,Date_val_2701
2702,Matrix Precision Engineering,VoucherNo_val_2702,Amount_val_2702,TaxRate_val_2702,Date_val_2702
2703,Matrix Precision Engineering,VoucherNo_val_2703,Amount_val_2703,TaxRate_val_2703,Date_val_2703
2704,Matrix Precision Engineering,VoucherNo_val_2704,Amount_val_2704,TaxRate_val_2704,Date_val_2704
2705,Matrix Precision Engineering,VoucherNo_val_2705,Amount_val_2705,TaxRate_val_2705,Date_val_2705
2706,Matrix Precision Engineering,VoucherNo_val_2706,Amount_val_2706,TaxRate_val_2706,Date_val_2706
2707,Matrix Precision Engineering,VoucherNo_val_2707,Amount_val_2707,TaxRate_val_2707,Date_val_2707
2708,Matrix Precision Engineering,VoucherNo_val_2708,Amount_val_2708,TaxRate_val_2708,Date_val_2708
2709,Matrix Precision Engineering,VoucherNo_val_2709,Amount_val_2709,TaxRate_val_2709,Date_val_2709
2710,Matrix Precision Engineering,VoucherNo_val_2710,Amount_val_2710,TaxRate_val_2710,Date_val_2710
2711,Matrix Precision Engineering,VoucherNo_val_2711,Amount_val_2711,TaxRate_val_2711,Date_val_2711
2712,Matrix Precision Engineering,VoucherNo_val_2712,Amount_val_2712,TaxRate_val_2712,Date_val_2712
2713,Matrix Precision Engineering,VoucherNo_val_2713,Amount_val_2713,TaxRate_val_2713,Date_val_2713
2714,Matrix Precision Engineering,VoucherNo_val_2714,Amount_val_2714,TaxRate_val_2714,Date_val_2714
2715,Matrix Precision Engineering,VoucherNo_val_2715,Amount_val_2715,TaxRate_val_2715,Date_val_2715
2716,Matrix Precision Engineering,VoucherNo_val_2716,Amount_val_2716,TaxRate_val_2716,Date_val_2716
2717,Matrix Precision Engineering,VoucherNo_val_2717,Amount_val_2717,TaxRate_val_2717,Date_val_2717
2718,Matrix Precision Engineering,VoucherNo_val_2718,Amount_val_2718,TaxRate_val_2718,Date_val_2718
2719,Matrix Precision Engineering,VoucherNo_val_2719,Amount_val_2719,TaxRate_val_2719,Date_val_2719
2720,Matrix Precision Engineering,VoucherNo_val_2720,Amount_val_2720,TaxRate_val_2720,Date_val_2720
2721,Matrix Precision Engineering,VoucherNo_val_2721,Amount_val_2721,TaxRate_val_2721,Date_val_2721
2722,Matrix Precision Engineering,VoucherNo_val_2722,Amount_val_2722,TaxRate_val_2722,Date_val_2722
2723,Matrix Precision Engineering,VoucherNo_val_2723,Amount_val_2723,TaxRate_val_2723,Date_val_2723
2724,Matrix Precision Engineering,VoucherNo_val_2724,Amount_val_2724,TaxRate_val_2724,Date_val_2724
2725,Matrix Precision Engineering,VoucherNo_val_2725,Amount_val_2725,TaxRate_val_2725,Date_val_2725
2726,Matrix Precision Engineering,VoucherNo_val_2726,Amount_val_2726,TaxRate_val_2726,Date_val_2726
2727,Matrix Precision Engineering,VoucherNo_val_2727,Amount_val_2727,TaxRate_val_2727,Date_val_2727
2728,Matrix Precision Engineering,VoucherNo_val_2728,Amount_val_2728,TaxRate_val_2728,Date_val_2728
2729,Matrix Precision Engineering,VoucherNo_val_2729,Amount_val_2729,TaxRate_val_2729,Date_val_2729
2730,Matrix Precision Engineering,VoucherNo_val_2730,Amount_val_2730,TaxRate_val_2730,Date_val_2730
2731,Matrix Precision Engineering,VoucherNo_val_2731,Amount_val_2731,TaxRate_val_2731,Date_val_2731
2732,Matrix Precision Engineering,VoucherNo_val_2732,Amount_val_2732,TaxRate_val_2732,Date_val_2732
2733,Matrix Precision Engineering,VoucherNo_val_2733,Amount_val_2733,TaxRate_val_2733,Date_val_2733
2734,Matrix Precision Engineering,VoucherNo_val_2734,Amount_val_2734,TaxRate_val_2734,Date_val_2734
2735,Matrix Precision Engineering,VoucherNo_val_2735,Amount_val_2735,TaxRate_val_2735,Date_val_2735
2736,Matrix Precision Engineering,VoucherNo_val_2736,Amount_val_2736,TaxRate_val_2736,Date_val_2736
2737,Matrix Precision Engineering,VoucherNo_val_2737,Amount_val_2737,TaxRate_val_2737,Date_val_2737
2738,Matrix Precision Engineering,VoucherNo_val_2738,Amount_val_2738,TaxRate_val_2738,Date_val_2738
2739,Matrix Precision Engineering,VoucherNo_val_2739,Amount_val_2739,TaxRate_val_2739,Date_val_2739
2740,Matrix Precision Engineering,VoucherNo_val_2740,Amount_val_2740,TaxRate_val_2740,Date_val_2740
2741,Matrix Precision Engineering,VoucherNo_val_2741,Amount_val_2741,TaxRate_val_2741,Date_val_2741
2742,Matrix Precision Engineering,VoucherNo_val_2742,Amount_val_2742,TaxRate_val_2742,Date_val_2742
2743,Matrix Precision Engineering,VoucherNo_val_2743,Amount_val_2743,TaxRate_val_2743,Date_val_2743
2744,Matrix Precision Engineering,VoucherNo_val_2744,Amount_val_2744,TaxRate_val_2744,Date_val_2744
2745,Matrix Precision Engineering,VoucherNo_val_2745,Amount_val_2745,TaxRate_val_2745,Date_val_2745
2746,Matrix Precision Engineering,VoucherNo_val_2746,Amount_val_2746,TaxRate_val_2746,Date_val_2746
2747,Matrix Precision Engineering,VoucherNo_val_2747,Amount_val_2747,TaxRate_val_2747,Date_val_2747
2748,Matrix Precision Engineering,VoucherNo_val_2748,Amount_val_2748,TaxRate_val_2748,Date_val_2748
2749,Matrix Precision Engineering,VoucherNo_val_2749,Amount_val_2749,TaxRate_val_2749,Date_val_2749
2750,Matrix Precision Engineering,VoucherNo_val_2750,Amount_val_2750,TaxRate_val_2750,Date_val_2750
2751,Matrix Precision Engineering,VoucherNo_val_2751,Amount_val_2751,TaxRate_val_2751,Date_val_2751
2752,Matrix Precision Engineering,VoucherNo_val_2752,Amount_val_2752,TaxRate_val_2752,Date_val_2752
2753,Matrix Precision Engineering,VoucherNo_val_2753,Amount_val_2753,TaxRate_val_2753,Date_val_2753
2754,Matrix Precision Engineering,VoucherNo_val_2754,Amount_val_2754,TaxRate_val_2754,Date_val_2754
2755,Matrix Precision Engineering,VoucherNo_val_2755,Amount_val_2755,TaxRate_val_2755,Date_val_2755
2756,Matrix Precision Engineering,VoucherNo_val_2756,Amount_val_2756,TaxRate_val_2756,Date_val_2756
2757,Matrix Precision Engineering,VoucherNo_val_2757,Amount_val_2757,TaxRate_val_2757,Date_val_2757
2758,Matrix Precision Engineering,VoucherNo_val_2758,Amount_val_2758,TaxRate_val_2758,Date_val_2758
2759,Matrix Precision Engineering,VoucherNo_val_2759,Amount_val_2759,TaxRate_val_2759,Date_val_2759
2760,Matrix Precision Engineering,VoucherNo_val_2760,Amount_val_2760,TaxRate_val_2760,Date_val_2760
2761,Matrix Precision Engineering,VoucherNo_val_2761,Amount_val_2761,TaxRate_val_2761,Date_val_2761
2762,Matrix Precision Engineering,VoucherNo_val_2762,Amount_val_2762,TaxRate_val_2762,Date_val_2762
2763,Matrix Precision Engineering,VoucherNo_val_2763,Amount_val_2763,TaxRate_val_2763,Date_val_2763
2764,Matrix Precision Engineering,VoucherNo_val_2764,Amount_val_2764,TaxRate_val_2764,Date_val_2764
2765,Matrix Precision Engineering,VoucherNo_val_2765,Amount_val_2765,TaxRate_val_2765,Date_val_2765
2766,Matrix Precision Engineering,VoucherNo_val_2766,Amount_val_2766,TaxRate_val_2766,Date_val_2766
2767,Matrix Precision Engineering,VoucherNo_val_2767,Amount_val_2767,TaxRate_val_2767,Date_val_2767
2768,Matrix Precision Engineering,VoucherNo_val_2768,Amount_val_2768,TaxRate_val_2768,Date_val_2768
2769,Matrix Precision Engineering,VoucherNo_val_2769,Amount_val_2769,TaxRate_val_2769,Date_val_2769
2770,Matrix Precision Engineering,VoucherNo_val_2770,Amount_val_2770,TaxRate_val_2770,Date_val_2770
2771,Matrix Precision Engineering,VoucherNo_val_2771,Amount_val_2771,TaxRate_val_2771,Date_val_2771
2772,Matrix Precision Engineering,VoucherNo_val_2772,Amount_val_2772,TaxRate_val_2772,Date_val_2772
2773,Matrix Precision Engineering,VoucherNo_val_2773,Amount_val_2773,TaxRate_val_2773,Date_val_2773
2774,Matrix Precision Engineering,VoucherNo_val_2774,Amount_val_2774,TaxRate_val_2774,Date_val_2774
2775,Matrix Precision Engineering,VoucherNo_val_2775,Amount_val_2775,TaxRate_val_2775,Date_val_2775
2776,Matrix Precision Engineering,VoucherNo_val_2776,Amount_val_2776,TaxRate_val_2776,Date_val_2776
2777,Matrix Precision Engineering,VoucherNo_val_2777,Amount_val_2777,TaxRate_val_2777,Date_val_2777
2778,Matrix Precision Engineering,VoucherNo_val_2778,Amount_val_2778,TaxRate_val_2778,Date_val_2778
2779,Matrix Precision Engineering,VoucherNo_val_2779,Amount_val_2779,TaxRate_val_2779,Date_val_2779
2780,Matrix Precision Engineering,VoucherNo_val_2780,Amount_val_2780,TaxRate_val_2780,Date_val_2780
2781,Matrix Precision Engineering,VoucherNo_val_2781,Amount_val_2781,TaxRate_val_2781,Date_val_2781
2782,Matrix Precision Engineering,VoucherNo_val_2782,Amount_val_2782,TaxRate_val_2782,Date_val_2782
2783,Matrix Precision Engineering,VoucherNo_val_2783,Amount_val_2783,TaxRate_val_2783,Date_val_2783
2784,Matrix Precision Engineering,VoucherNo_val_2784,Amount_val_2784,TaxRate_val_2784,Date_val_2784
2785,Matrix Precision Engineering,VoucherNo_val_2785,Amount_val_2785,TaxRate_val_2785,Date_val_2785
2786,Matrix Precision Engineering,VoucherNo_val_2786,Amount_val_2786,TaxRate_val_2786,Date_val_2786
2787,Matrix Precision Engineering,VoucherNo_val_2787,Amount_val_2787,TaxRate_val_2787,Date_val_2787
2788,Matrix Precision Engineering,VoucherNo_val_2788,Amount_val_2788,TaxRate_val_2788,Date_val_2788
2789,Matrix Precision Engineering,VoucherNo_val_2789,Amount_val_2789,TaxRate_val_2789,Date_val_2789
2790,Matrix Precision Engineering,VoucherNo_val_2790,Amount_val_2790,TaxRate_val_2790,Date_val_2790
2791,Matrix Precision Engineering,VoucherNo_val_2791,Amount_val_2791,TaxRate_val_2791,Date_val_2791
2792,Matrix Precision Engineering,VoucherNo_val_2792,Amount_val_2792,TaxRate_val_2792,Date_val_2792
2793,Matrix Precision Engineering,VoucherNo_val_2793,Amount_val_2793,TaxRate_val_2793,Date_val_2793
2794,Matrix Precision Engineering,VoucherNo_val_2794,Amount_val_2794,TaxRate_val_2794,Date_val_2794
2795,Matrix Precision Engineering,VoucherNo_val_2795,Amount_val_2795,TaxRate_val_2795,Date_val_2795
2796,Matrix Precision Engineering,VoucherNo_val_2796,Amount_val_2796,TaxRate_val_2796,Date_val_2796
2797,Matrix Precision Engineering,VoucherNo_val_2797,Amount_val_2797,TaxRate_val_2797,Date_val_2797
2798,Matrix Precision Engineering,VoucherNo_val_2798,Amount_val_2798,TaxRate_val_2798,Date_val_2798
2799,Matrix Precision Engineering,VoucherNo_val_2799,Amount_val_2799,TaxRate_val_2799,Date_val_2799
2800,Matrix Precision Engineering,VoucherNo_val_2800,Amount_val_2800,TaxRate_val_2800,Date_val_2800
2801,Matrix Precision Engineering,VoucherNo_val_2801,Amount_val_2801,TaxRate_val_2801,Date_val_2801
2802,Matrix Precision Engineering,VoucherNo_val_2802,Amount_val_2802,TaxRate_val_2802,Date_val_2802
2803,Matrix Precision Engineering,VoucherNo_val_2803,Amount_val_2803,TaxRate_val_2803,Date_val_2803
2804,Matrix Precision Engineering,VoucherNo_val_2804,Amount_val_2804,TaxRate_val_2804,Date_val_2804
2805,Matrix Precision Engineering,VoucherNo_val_2805,Amount_val_2805,TaxRate_val_2805,Date_val_2805
2806,Matrix Precision Engineering,VoucherNo_val_2806,Amount_val_2806,TaxRate_val_2806,Date_val_2806
2807,Matrix Precision Engineering,VoucherNo_val_2807,Amount_val_2807,TaxRate_val_2807,Date_val_2807
2808,Matrix Precision Engineering,VoucherNo_val_2808,Amount_val_2808,TaxRate_val_2808,Date_val_2808
2809,Matrix Precision Engineering,VoucherNo_val_2809,Amount_val_2809,TaxRate_val_2809,Date_val_2809
2810,Matrix Precision Engineering,VoucherNo_val_2810,Amount_val_2810,TaxRate_val_2810,Date_val_2810
2811,Matrix Precision Engineering,VoucherNo_val_2811,Amount_val_2811,TaxRate_val_2811,Date_val_2811
2812,Matrix Precision Engineering,VoucherNo_val_2812,Amount_val_2812,TaxRate_val_2812,Date_val_2812
2813,Matrix Precision Engineering,VoucherNo_val_2813,Amount_val_2813,TaxRate_val_2813,Date_val_2813
2814,Matrix Precision Engineering,VoucherNo_val_2814,Amount_val_2814,TaxRate_val_2814,Date_val_2814
2815,Matrix Precision Engineering,VoucherNo_val_2815,Amount_val_2815,TaxRate_val_2815,Date_val_2815
2816,Matrix Precision Engineering,VoucherNo_val_2816,Amount_val_2816,TaxRate_val_2816,Date_val_2816
2817,Matrix Precision Engineering,VoucherNo_val_2817,Amount_val_2817,TaxRate_val_2817,Date_val_2817
2818,Matrix Precision Engineering,VoucherNo_val_2818,Amount_val_2818,TaxRate_val_2818,Date_val_2818
2819,Matrix Precision Engineering,VoucherNo_val_2819,Amount_val_2819,TaxRate_val_2819,Date_val_2819
2820,Matrix Precision Engineering,VoucherNo_val_2820,Amount_val_2820,TaxRate_val_2820,Date_val_2820
2821,Matrix Precision Engineering,VoucherNo_val_2821,Amount_val_2821,TaxRate_val_2821,Date_val_2821
2822,Matrix Precision Engineering,VoucherNo_val_2822,Amount_val_2822,TaxRate_val_2822,Date_val_2822
2823,Matrix Precision Engineering,VoucherNo_val_2823,Amount_val_2823,TaxRate_val_2823,Date_val_2823
2824,Matrix Precision Engineering,VoucherNo_val_2824,Amount_val_2824,TaxRate_val_2824,Date_val_2824
2825,Matrix Precision Engineering,VoucherNo_val_2825,Amount_val_2825,TaxRate_val_2825,Date_val_2825
2826,Matrix Precision Engineering,VoucherNo_val_2826,Amount_val_2826,TaxRate_val_2826,Date_val_2826
2827,Matrix Precision Engineering,VoucherNo_val_2827,Amount_val_2827,TaxRate_val_2827,Date_val_2827
2828,Matrix Precision Engineering,VoucherNo_val_2828,Amount_val_2828,TaxRate_val_2828,Date_val_2828
2829,Matrix Precision Engineering,VoucherNo_val_2829,Amount_val_2829,TaxRate_val_2829,Date_val_2829
2830,Matrix Precision Engineering,VoucherNo_val_2830,Amount_val_2830,TaxRate_val_2830,Date_val_2830
2831,Matrix Precision Engineering,VoucherNo_val_2831,Amount_val_2831,TaxRate_val_2831,Date_val_2831
2832,Matrix Precision Engineering,VoucherNo_val_2832,Amount_val_2832,TaxRate_val_2832,Date_val_2832
2833,Matrix Precision Engineering,VoucherNo_val_2833,Amount_val_2833,TaxRate_val_2833,Date_val_2833
2834,Matrix Precision Engineering,VoucherNo_val_2834,Amount_val_2834,TaxRate_val_2834,Date_val_2834
2835,Matrix Precision Engineering,VoucherNo_val_2835,Amount_val_2835,TaxRate_val_2835,Date_val_2835
2836,Matrix Precision Engineering,VoucherNo_val_2836,Amount_val_2836,TaxRate_val_2836,Date_val_2836
2837,Matrix Precision Engineering,VoucherNo_val_2837,Amount_val_2837,TaxRate_val_2837,Date_val_2837
2838,Matrix Precision Engineering,VoucherNo_val_2838,Amount_val_2838,TaxRate_val_2838,Date_val_2838
2839,Matrix Precision Engineering,VoucherNo_val_2839,Amount_val_2839,TaxRate_val_2839,Date_val_2839
2840,Matrix Precision Engineering,VoucherNo_val_2840,Amount_val_2840,TaxRate_val_2840,Date_val_2840
2841,Matrix Precision Engineering,VoucherNo_val_2841,Amount_val_2841,TaxRate_val_2841,Date_val_2841
2842,Matrix Precision Engineering,VoucherNo_val_2842,Amount_val_2842,TaxRate_val_2842,Date_val_2842
2843,Matrix Precision Engineering,VoucherNo_val_2843,Amount_val_2843,TaxRate_val_2843,Date_val_2843
2844,Matrix Precision Engineering,VoucherNo_val_2844,Amount_val_2844,TaxRate_val_2844,Date_val_2844
2845,Matrix Precision Engineering,VoucherNo_val_2845,Amount_val_2845,TaxRate_val_2845,Date_val_2845
2846,Matrix Precision Engineering,VoucherNo_val_2846,Amount_val_2846,TaxRate_val_2846,Date_val_2846
2847,Matrix Precision Engineering,VoucherNo_val_2847,Amount_val_2847,TaxRate_val_2847,Date_val_2847
2848,Matrix Precision Engineering,VoucherNo_val_2848,Amount_val_2848,TaxRate_val_2848,Date_val_2848
2849,Matrix Precision Engineering,VoucherNo_val_2849,Amount_val_2849,TaxRate_val_2849,Date_val_2849
2850,Matrix Precision Engineering,VoucherNo_val_2850,Amount_val_2850,TaxRate_val_2850,Date_val_2850
2851,Matrix Precision Engineering,VoucherNo_val_2851,Amount_val_2851,TaxRate_val_2851,Date_val_2851
2852,Matrix Precision Engineering,VoucherNo_val_2852,Amount_val_2852,TaxRate_val_2852,Date_val_2852
2853,Matrix Precision Engineering,VoucherNo_val_2853,Amount_val_2853,TaxRate_val_2853,Date_val_2853
2854,Matrix Precision Engineering,VoucherNo_val_2854,Amount_val_2854,TaxRate_val_2854,Date_val_2854
2855,Matrix Precision Engineering,VoucherNo_val_2855,Amount_val_2855,TaxRate_val_2855,Date_val_2855
2856,Matrix Precision Engineering,VoucherNo_val_2856,Amount_val_2856,TaxRate_val_2856,Date_val_2856
2857,Matrix Precision Engineering,VoucherNo_val_2857,Amount_val_2857,TaxRate_val_2857,Date_val_2857
2858,Matrix Precision Engineering,VoucherNo_val_2858,Amount_val_2858,TaxRate_val_2858,Date_val_2858
2859,Matrix Precision Engineering,VoucherNo_val_2859,Amount_val_2859,TaxRate_val_2859,Date_val_2859
2860,Matrix Precision Engineering,VoucherNo_val_2860,Amount_val_2860,TaxRate_val_2860,Date_val_2860
2861,Matrix Precision Engineering,VoucherNo_val_2861,Amount_val_2861,TaxRate_val_2861,Date_val_2861
2862,Matrix Precision Engineering,VoucherNo_val_2862,Amount_val_2862,TaxRate_val_2862,Date_val_2862
2863,Matrix Precision Engineering,VoucherNo_val_2863,Amount_val_2863,TaxRate_val_2863,Date_val_2863
2864,Matrix Precision Engineering,VoucherNo_val_2864,Amount_val_2864,TaxRate_val_2864,Date_val_2864
2865,Matrix Precision Engineering,VoucherNo_val_2865,Amount_val_2865,TaxRate_val_2865,Date_val_2865
2866,Matrix Precision Engineering,VoucherNo_val_2866,Amount_val_2866,TaxRate_val_2866,Date_val_2866
2867,Matrix Precision Engineering,VoucherNo_val_2867,Amount_val_2867,TaxRate_val_2867,Date_val_2867
2868,Matrix Precision Engineering,VoucherNo_val_2868,Amount_val_2868,TaxRate_val_2868,Date_val_2868
2869,Matrix Precision Engineering,VoucherNo_val_2869,Amount_val_2869,TaxRate_val_2869,Date_val_2869
2870,Matrix Precision Engineering,VoucherNo_val_2870,Amount_val_2870,TaxRate_val_2870,Date_val_2870
2871,Matrix Precision Engineering,VoucherNo_val_2871,Amount_val_2871,TaxRate_val_2871,Date_val_2871
2872,Matrix Precision Engineering,VoucherNo_val_2872,Amount_val_2872,TaxRate_val_2872,Date_val_2872
2873,Matrix Precision Engineering,VoucherNo_val_2873,Amount_val_2873,TaxRate_val_2873,Date_val_2873
2874,Matrix Precision Engineering,VoucherNo_val_2874,Amount_val_2874,TaxRate_val_2874,Date_val_2874
2875,Matrix Precision Engineering,VoucherNo_val_2875,Amount_val_2875,TaxRate_val_2875,Date_val_2875
2876,Matrix Precision Engineering,VoucherNo_val_2876,Amount_val_2876,TaxRate_val_2876,Date_val_2876
2877,Matrix Precision Engineering,VoucherNo_val_2877,Amount_val_2877,TaxRate_val_2877,Date_val_2877
2878,Matrix Precision Engineering,VoucherNo_val_2878,Amount_val_2878,TaxRate_val_2878,Date_val_2878
2879,Matrix Precision Engineering,VoucherNo_val_2879,Amount_val_2879,TaxRate_val_2879,Date_val_2879
2880,Matrix Precision Engineering,VoucherNo_val_2880,Amount_val_2880,TaxRate_val_2880,Date_val_2880
2881,Matrix Precision Engineering,VoucherNo_val_2881,Amount_val_2881,TaxRate_val_2881,Date_val_2881
2882,Matrix Precision Engineering,VoucherNo_val_2882,Amount_val_2882,TaxRate_val_2882,Date_val_2882
2883,Matrix Precision Engineering,VoucherNo_val_2883,Amount_val_2883,TaxRate_val_2883,Date_val_2883
2884,Matrix Precision Engineering,VoucherNo_val_2884,Amount_val_2884,TaxRate_val_2884,Date_val_2884
2885,Matrix Precision Engineering,VoucherNo_val_2885,Amount_val_2885,TaxRate_val_2885,Date_val_2885
2886,Matrix Precision Engineering,VoucherNo_val_2886,Amount_val_2886,TaxRate_val_2886,Date_val_2886
2887,Matrix Precision Engineering,VoucherNo_val_2887,Amount_val_2887,TaxRate_val_2887,Date_val_2887
2888,Matrix Precision Engineering,VoucherNo_val_2888,Amount_val_2888,TaxRate_val_2888,Date_val_2888
2889,Matrix Precision Engineering,VoucherNo_val_2889,Amount_val_2889,TaxRate_val_2889,Date_val_2889
2890,Matrix Precision Engineering,VoucherNo_val_2890,Amount_val_2890,TaxRate_val_2890,Date_val_2890
2891,Matrix Precision Engineering,VoucherNo_val_2891,Amount_val_2891,TaxRate_val_2891,Date_val_2891
2892,Matrix Precision Engineering,VoucherNo_val_2892,Amount_val_2892,TaxRate_val_2892,Date_val_2892
2893,Matrix Precision Engineering,VoucherNo_val_2893,Amount_val_2893,TaxRate_val_2893,Date_val_2893
2894,Matrix Precision Engineering,VoucherNo_val_2894,Amount_val_2894,TaxRate_val_2894,Date_val_2894
2895,Matrix Precision Engineering,VoucherNo_val_2895,Amount_val_2895,TaxRate_val_2895,Date_val_2895
2896,Matrix Precision Engineering,VoucherNo_val_2896,Amount_val_2896,TaxRate_val_2896,Date_val_2896
2897,Matrix Precision Engineering,VoucherNo_val_2897,Amount_val_2897,TaxRate_val_2897,Date_val_2897
2898,Matrix Precision Engineering,VoucherNo_val_2898,Amount_val_2898,TaxRate_val_2898,Date_val_2898
2899,Matrix Precision Engineering,VoucherNo_val_2899,Amount_val_2899,TaxRate_val_2899,Date_val_2899
2900,Matrix Precision Engineering,VoucherNo_val_2900,Amount_val_2900,TaxRate_val_2900,Date_val_2900
2901,Matrix Precision Engineering,VoucherNo_val_2901,Amount_val_2901,TaxRate_val_2901,Date_val_2901
2902,Matrix Precision Engineering,VoucherNo_val_2902,Amount_val_2902,TaxRate_val_2902,Date_val_2902
2903,Matrix Precision Engineering,VoucherNo_val_2903,Amount_val_2903,TaxRate_val_2903,Date_val_2903
2904,Matrix Precision Engineering,VoucherNo_val_2904,Amount_val_2904,TaxRate_val_2904,Date_val_2904
2905,Matrix Precision Engineering,VoucherNo_val_2905,Amount_val_2905,TaxRate_val_2905,Date_val_2905
2906,Matrix Precision Engineering,VoucherNo_val_2906,Amount_val_2906,TaxRate_val_2906,Date_val_2906
2907,Matrix Precision Engineering,VoucherNo_val_2907,Amount_val_2907,TaxRate_val_2907,Date_val_2907
2908,Matrix Precision Engineering,VoucherNo_val_2908,Amount_val_2908,TaxRate_val_2908,Date_val_2908
2909,Matrix Precision Engineering,VoucherNo_val_2909,Amount_val_2909,TaxRate_val_2909,Date_val_2909
2910,Matrix Precision Engineering,VoucherNo_val_2910,Amount_val_2910,TaxRate_val_2910,Date_val_2910
2911,Matrix Precision Engineering,VoucherNo_val_2911,Amount_val_2911,TaxRate_val_2911,Date_val_2911
2912,Matrix Precision Engineering,VoucherNo_val_2912,Amount_val_2912,TaxRate_val_2912,Date_val_2912
2913,Matrix Precision Engineering,VoucherNo_val_2913,Amount_val_2913,TaxRate_val_2913,Date_val_2913
2914,Matrix Precision Engineering,VoucherNo_val_2914,Amount_val_2914,TaxRate_val_2914,Date_val_2914
2915,Matrix Precision Engineering,VoucherNo_val_2915,Amount_val_2915,TaxRate_val_2915,Date_val_2915
2916,Matrix Precision Engineering,VoucherNo_val_2916,Amount_val_2916,TaxRate_val_2916,Date_val_2916
2917,Matrix Precision Engineering,VoucherNo_val_2917,Amount_val_2917,TaxRate_val_2917,Date_val_2917
2918,Matrix Precision Engineering,VoucherNo_val_2918,Amount_val_2918,TaxRate_val_2918,Date_val_2918
2919,Matrix Precision Engineering,VoucherNo_val_2919,Amount_val_2919,TaxRate_val_2919,Date_val_2919
2920,Matrix Precision Engineering,VoucherNo_val_2920,Amount_val_2920,TaxRate_val_2920,Date_val_2920
2921,Matrix Precision Engineering,VoucherNo_val_2921,Amount_val_2921,TaxRate_val_2921,Date_val_2921
2922,Matrix Precision Engineering,VoucherNo_val_2922,Amount_val_2922,TaxRate_val_2922,Date_val_2922
2923,Matrix Precision Engineering,VoucherNo_val_2923,Amount_val_2923,TaxRate_val_2923,Date_val_2923
2924,Matrix Precision Engineering,VoucherNo_val_2924,Amount_val_2924,TaxRate_val_2924,Date_val_2924
2925,Matrix Precision Engineering,VoucherNo_val_2925,Amount_val_2925,TaxRate_val_2925,Date_val_2925
2926,Matrix Precision Engineering,VoucherNo_val_2926,Amount_val_2926,TaxRate_val_2926,Date_val_2926
2927,Matrix Precision Engineering,VoucherNo_val_2927,Amount_val_2927,TaxRate_val_2927,Date_val_2927
2928,Matrix Precision Engineering,VoucherNo_val_2928,Amount_val_2928,TaxRate_val_2928,Date_val_2928
2929,Matrix Precision Engineering,VoucherNo_val_2929,Amount_val_2929,TaxRate_val_2929,Date_val_2929
2930,Matrix Precision Engineering,VoucherNo_val_2930,Amount_val_2930,TaxRate_val_2930,Date_val_2930
2931,Matrix Precision Engineering,VoucherNo_val_2931,Amount_val_2931,TaxRate_val_2931,Date_val_2931
2932,Matrix Precision Engineering,VoucherNo_val_2932,Amount_val_2932,TaxRate_val_2932,Date_val_2932
2933,Matrix Precision Engineering,VoucherNo_val_2933,Amount_val_2933,TaxRate_val_2933,Date_val_2933
2934,Matrix Precision Engineering,VoucherNo_val_2934,Amount_val_2934,TaxRate_val_2934,Date_val_2934
2935,Matrix Precision Engineering,VoucherNo_val_2935,Amount_val_2935,TaxRate_val_2935,Date_val_2935
2936,Matrix Precision Engineering,VoucherNo_val_2936,Amount_val_2936,TaxRate_val_2936,Date_val_2936
2937,Matrix Precision Engineering,VoucherNo_val_2937,Amount_val_2937,TaxRate_val_2937,Date_val_2937
2938,Matrix Precision Engineering,VoucherNo_val_2938,Amount_val_2938,TaxRate_val_2938,Date_val_2938
2939,Matrix Precision Engineering,VoucherNo_val_2939,Amount_val_2939,TaxRate_val_2939,Date_val_2939
2940,Matrix Precision Engineering,VoucherNo_val_2940,Amount_val_2940,TaxRate_val_2940,Date_val_2940
2941,Matrix Precision Engineering,VoucherNo_val_2941,Amount_val_2941,TaxRate_val_2941,Date_val_2941
2942,Matrix Precision Engineering,VoucherNo_val_2942,Amount_val_2942,TaxRate_val_2942,Date_val_2942
2943,Matrix Precision Engineering,VoucherNo_val_2943,Amount_val_2943,TaxRate_val_2943,Date_val_2943
2944,Matrix Precision Engineering,VoucherNo_val_2944,Amount_val_2944,TaxRate_val_2944,Date_val_2944
2945,Matrix Precision Engineering,VoucherNo_val_2945,Amount_val_2945,TaxRate_val_2945,Date_val_2945
2946,Matrix Precision Engineering,VoucherNo_val_2946,Amount_val_2946,TaxRate_val_2946,Date_val_2946
2947,Matrix Precision Engineering,VoucherNo_val_2947,Amount_val_2947,TaxRate_val_2947,Date_val_2947
2948,Matrix Precision Engineering,VoucherNo_val_2948,Amount_val_2948,TaxRate_val_2948,Date_val_2948
2949,Matrix Precision Engineering,VoucherNo_val_2949,Amount_val_2949,TaxRate_val_2949,Date_val_2949
2950,Matrix Precision Engineering,VoucherNo_val_2950,Amount_val_2950,TaxRate_val_2950,Date_val_2950
2951,Matrix Precision Engineering,VoucherNo_val_2951,Amount_val_2951,TaxRate_val_2951,Date_val_2951
2952,Matrix Precision Engineering,VoucherNo_val_2952,Amount_val_2952,TaxRate_val_2952,Date_val_2952
2953,Matrix Precision Engineering,VoucherNo_val_2953,Amount_val_2953,TaxRate_val_2953,Date_val_2953
2954,Matrix Precision Engineering,VoucherNo_val_2954,Amount_val_2954,TaxRate_val_2954,Date_val_2954
2955,Matrix Precision Engineering,VoucherNo_val_2955,Amount_val_2955,TaxRate_val_2955,Date_val_2955
2956,Matrix Precision Engineering,VoucherNo_val_2956,Amount_val_2956,TaxRate_val_2956,Date_val_2956
2957,Matrix Precision Engineering,VoucherNo_val_2957,Amount_val_2957,TaxRate_val_2957,Date_val_2957
2958,Matrix Precision Engineering,VoucherNo_val_2958,Amount_val_2958,TaxRate_val_2958,Date_val_2958
2959,Matrix Precision Engineering,VoucherNo_val_2959,Amount_val_2959,TaxRate_val_2959,Date_val_2959
2960,Matrix Precision Engineering,VoucherNo_val_2960,Amount_val_2960,TaxRate_val_2960,Date_val_2960
2961,Matrix Precision Engineering,VoucherNo_val_2961,Amount_val_2961,TaxRate_val_2961,Date_val_2961
2962,Matrix Precision Engineering,VoucherNo_val_2962,Amount_val_2962,TaxRate_val_2962,Date_val_2962
2963,Matrix Precision Engineering,VoucherNo_val_2963,Amount_val_2963,TaxRate_val_2963,Date_val_2963
2964,Matrix Precision Engineering,VoucherNo_val_2964,Amount_val_2964,TaxRate_val_2964,Date_val_2964
2965,Matrix Precision Engineering,VoucherNo_val_2965,Amount_val_2965,TaxRate_val_2965,Date_val_2965
2966,Matrix Precision Engineering,VoucherNo_val_2966,Amount_val_2966,TaxRate_val_2966,Date_val_2966
2967,Matrix Precision Engineering,VoucherNo_val_2967,Amount_val_2967,TaxRate_val_2967,Date_val_2967
2968,Matrix Precision Engineering,VoucherNo_val_2968,Amount_val_2968,TaxRate_val_2968,Date_val_2968
2969,Matrix Precision Engineering,VoucherNo_val_2969,Amount_val_2969,TaxRate_val_2969,Date_val_2969
2970,Matrix Precision Engineering,VoucherNo_val_2970,Amount_val_2970,TaxRate_val_2970,Date_val_2970
2971,Matrix Precision Engineering,VoucherNo_val_2971,Amount_val_2971,TaxRate_val_2971,Date_val_2971
2972,Matrix Precision Engineering,VoucherNo_val_2972,Amount_val_2972,TaxRate_val_2972,Date_val_2972
2973,Matrix Precision Engineering,VoucherNo_val_2973,Amount_val_2973,TaxRate_val_2973,Date_val_2973
2974,Matrix Precision Engineering,VoucherNo_val_2974,Amount_val_2974,TaxRate_val_2974,Date_val_2974
2975,Matrix Precision Engineering,VoucherNo_val_2975,Amount_val_2975,TaxRate_val_2975,Date_val_2975
2976,Matrix Precision Engineering,VoucherNo_val_2976,Amount_val_2976,TaxRate_val_2976,Date_val_2976
2977,Matrix Precision Engineering,VoucherNo_val_2977,Amount_val_2977,TaxRate_val_2977,Date_val_2977
2978,Matrix Precision Engineering,VoucherNo_val_2978,Amount_val_2978,TaxRate_val_2978,Date_val_2978
2979,Matrix Precision Engineering,VoucherNo_val_2979,Amount_val_2979,TaxRate_val_2979,Date_val_2979
2980,Matrix Precision Engineering,VoucherNo_val_2980,Amount_val_2980,TaxRate_val_2980,Date_val_2980
2981,Matrix Precision Engineering,VoucherNo_val_2981,Amount_val_2981,TaxRate_val_2981,Date_val_2981
2982,Matrix Precision Engineering,VoucherNo_val_2982,Amount_val_2982,TaxRate_val_2982,Date_val_2982
2983,Matrix Precision Engineering,VoucherNo_val_2983,Amount_val_2983,TaxRate_val_2983,Date_val_2983
2984,Matrix Precision Engineering,VoucherNo_val_2984,Amount_val_2984,TaxRate_val_2984,Date_val_2984
2985,Matrix Precision Engineering,VoucherNo_val_2985,Amount_val_2985,TaxRate_val_2985,Date_val_2985
2986,Matrix Precision Engineering,VoucherNo_val_2986,Amount_val_2986,TaxRate_val_2986,Date_val_2986
2987,Matrix Precision Engineering,VoucherNo_val_2987,Amount_val_2987,TaxRate_val_2987,Date_val_2987
2988,Matrix Precision Engineering,VoucherNo_val_2988,Amount_val_2988,TaxRate_val_2988,Date_val_2988
2989,Matrix Precision Engineering,VoucherNo_val_2989,Amount_val_2989,TaxRate_val_2989,Date_val_2989
2990,Matrix Precision Engineering,VoucherNo_val_2990,Amount_val_2990,TaxRate_val_2990,Date_val_2990
2991,Matrix Precision Engineering,VoucherNo_val_2991,Amount_val_2991,TaxRate_val_2991,Date_val_2991
2992,Matrix Precision Engineering,VoucherNo_val_2992,Amount_val_2992,TaxRate_val_2992,Date_val_2992
2993,Matrix Precision Engineering,VoucherNo_val_2993,Amount_val_2993,TaxRate_val_2993,Date_val_2993
2994,Matrix Precision Engineering,VoucherNo_val_2994,Amount_val_2994,TaxRate_val_2994,Date_val_2994
2995,Matrix Precision Engineering,VoucherNo_val_2995,Amount_val_2995,TaxRate_val_2995,Date_val_2995
2996,Matrix Precision Engineering,VoucherNo_val_2996,Amount_val_2996,TaxRate_val_2996,Date_val_2996
2997,Matrix Precision Engineering,VoucherNo_val_2997,Amount_val_2997,TaxRate_val_2997,Date_val_2997
2998,Matrix Precision Engineering,VoucherNo_val_2998,Amount_val_2998,TaxRate_val_2998,Date_val_2998
2999,Matrix Precision Engineering,VoucherNo_val_2999,Amount_val_2999,TaxRate_val_2999,Date_val_2999
3000,Matrix Precision Engineering,VoucherNo_val_3000,Amount_val_3000,TaxRate_val_3000,Date_val_3000
3001,Matrix Precision Engineering,VoucherNo_val_3001,Amount_val_3001,TaxRate_val_3001,Date_val_3001
3002,Matrix Precision Engineering,VoucherNo_val_3002,Amount_val_3002,TaxRate_val_3002,Date_val_3002
3003,Matrix Precision Engineering,VoucherNo_val_3003,Amount_val_3003,TaxRate_val_3003,Date_val_3003
3004,Matrix Precision Engineering,VoucherNo_val_3004,Amount_val_3004,TaxRate_val_3004,Date_val_3004
3005,Matrix Precision Engineering,VoucherNo_val_3005,Amount_val_3005,TaxRate_val_3005,Date_val_3005
3006,Matrix Precision Engineering,VoucherNo_val_3006,Amount_val_3006,TaxRate_val_3006,Date_val_3006
3007,Matrix Precision Engineering,VoucherNo_val_3007,Amount_val_3007,TaxRate_val_3007,Date_val_3007
3008,Matrix Precision Engineering,VoucherNo_val_3008,Amount_val_3008,TaxRate_val_3008,Date_val_3008
3009,Matrix Precision Engineering,VoucherNo_val_3009,Amount_val_3009,TaxRate_val_3009,Date_val_3009
3010,Matrix Precision Engineering,VoucherNo_val_3010,Amount_val_3010,TaxRate_val_3010,Date_val_3010
3011,Matrix Precision Engineering,VoucherNo_val_3011,Amount_val_3011,TaxRate_val_3011,Date_val_3011
3012,Matrix Precision Engineering,VoucherNo_val_3012,Amount_val_3012,TaxRate_val_3012,Date_val_3012
3013,Matrix Precision Engineering,VoucherNo_val_3013,Amount_val_3013,TaxRate_val_3013,Date_val_3013
3014,Matrix Precision Engineering,VoucherNo_val_3014,Amount_val_3014,TaxRate_val_3014,Date_val_3014
3015,Matrix Precision Engineering,VoucherNo_val_3015,Amount_val_3015,TaxRate_val_3015,Date_val_3015
3016,Matrix Precision Engineering,VoucherNo_val_3016,Amount_val_3016,TaxRate_val_3016,Date_val_3016
3017,Matrix Precision Engineering,VoucherNo_val_3017,Amount_val_3017,TaxRate_val_3017,Date_val_3017
3018,Matrix Precision Engineering,VoucherNo_val_3018,Amount_val_3018,TaxRate_val_3018,Date_val_3018
3019,Matrix Precision Engineering,VoucherNo_val_3019,Amount_val_3019,TaxRate_val_3019,Date_val_3019
3020,Matrix Precision Engineering,VoucherNo_val_3020,Amount_val_3020,TaxRate_val_3020,Date_val_3020
3021,Matrix Precision Engineering,VoucherNo_val_3021,Amount_val_3021,TaxRate_val_3021,Date_val_3021
3022,Matrix Precision Engineering,VoucherNo_val_3022,Amount_val_3022,TaxRate_val_3022,Date_val_3022
3023,Matrix Precision Engineering,VoucherNo_val_3023,Amount_val_3023,TaxRate_val_3023,Date_val_3023
3024,Matrix Precision Engineering,VoucherNo_val_3024,Amount_val_3024,TaxRate_val_3024,Date_val_3024
3025,Matrix Precision Engineering,VoucherNo_val_3025,Amount_val_3025,TaxRate_val_3025,Date_val_3025
3026,Matrix Precision Engineering,VoucherNo_val_3026,Amount_val_3026,TaxRate_val_3026,Date_val_3026
3027,Matrix Precision Engineering,VoucherNo_val_3027,Amount_val_3027,TaxRate_val_3027,Date_val_3027
3028,Matrix Precision Engineering,VoucherNo_val_3028,Amount_val_3028,TaxRate_val_3028,Date_val_3028
3029,Matrix Precision Engineering,VoucherNo_val_3029,Amount_val_3029,TaxRate_val_3029,Date_val_3029
3030,Matrix Precision Engineering,VoucherNo_val_3030,Amount_val_3030,TaxRate_val_3030,Date_val_3030
3031,Matrix Precision Engineering,VoucherNo_val_3031,Amount_val_3031,TaxRate_val_3031,Date_val_3031
3032,Matrix Precision Engineering,VoucherNo_val_3032,Amount_val_3032,TaxRate_val_3032,Date_val_3032
3033,Matrix Precision Engineering,VoucherNo_val_3033,Amount_val_3033,TaxRate_val_3033,Date_val_3033
3034,Matrix Precision Engineering,VoucherNo_val_3034,Amount_val_3034,TaxRate_val_3034,Date_val_3034
3035,Matrix Precision Engineering,VoucherNo_val_3035,Amount_val_3035,TaxRate_val_3035,Date_val_3035
3036,Matrix Precision Engineering,VoucherNo_val_3036,Amount_val_3036,TaxRate_val_3036,Date_val_3036
3037,Matrix Precision Engineering,VoucherNo_val_3037,Amount_val_3037,TaxRate_val_3037,Date_val_3037
3038,Matrix Precision Engineering,VoucherNo_val_3038,Amount_val_3038,TaxRate_val_3038,Date_val_3038
3039,Matrix Precision Engineering,VoucherNo_val_3039,Amount_val_3039,TaxRate_val_3039,Date_val_3039
3040,Matrix Precision Engineering,VoucherNo_val_3040,Amount_val_3040,TaxRate_val_3040,Date_val_3040
3041,Matrix Precision Engineering,VoucherNo_val_3041,Amount_val_3041,TaxRate_val_3041,Date_val_3041
3042,Matrix Precision Engineering,VoucherNo_val_3042,Amount_val_3042,TaxRate_val_3042,Date_val_3042
3043,Matrix Precision Engineering,VoucherNo_val_3043,Amount_val_3043,TaxRate_val_3043,Date_val_3043
3044,Matrix Precision Engineering,VoucherNo_val_3044,Amount_val_3044,TaxRate_val_3044,Date_val_3044
3045,Matrix Precision Engineering,VoucherNo_val_3045,Amount_val_3045,TaxRate_val_3045,Date_val_3045
3046,Matrix Precision Engineering,VoucherNo_val_3046,Amount_val_3046,TaxRate_val_3046,Date_val_3046
3047,Matrix Precision Engineering,VoucherNo_val_3047,Amount_val_3047,TaxRate_val_3047,Date_val_3047
3048,Matrix Precision Engineering,VoucherNo_val_3048,Amount_val_3048,TaxRate_val_3048,Date_val_3048
3049,Matrix Precision Engineering,VoucherNo_val_3049,Amount_val_3049,TaxRate_val_3049,Date_val_3049
3050,Matrix Precision Engineering,VoucherNo_val_3050,Amount_val_3050,TaxRate_val_3050,Date_val_3050
3051,Matrix Precision Engineering,VoucherNo_val_3051,Amount_val_3051,TaxRate_val_3051,Date_val_3051
3052,Matrix Precision Engineering,VoucherNo_val_3052,Amount_val_3052,TaxRate_val_3052,Date_val_3052
3053,Matrix Precision Engineering,VoucherNo_val_3053,Amount_val_3053,TaxRate_val_3053,Date_val_3053
3054,Matrix Precision Engineering,VoucherNo_val_3054,Amount_val_3054,TaxRate_val_3054,Date_val_3054
3055,Matrix Precision Engineering,VoucherNo_val_3055,Amount_val_3055,TaxRate_val_3055,Date_val_3055
3056,Matrix Precision Engineering,VoucherNo_val_3056,Amount_val_3056,TaxRate_val_3056,Date_val_3056
3057,Matrix Precision Engineering,VoucherNo_val_3057,Amount_val_3057,TaxRate_val_3057,Date_val_3057
3058,Matrix Precision Engineering,VoucherNo_val_3058,Amount_val_3058,TaxRate_val_3058,Date_val_3058
3059,Matrix Precision Engineering,VoucherNo_val_3059,Amount_val_3059,TaxRate_val_3059,Date_val_3059
3060,Matrix Precision Engineering,VoucherNo_val_3060,Amount_val_3060,TaxRate_val_3060,Date_val_3060
3061,Matrix Precision Engineering,VoucherNo_val_3061,Amount_val_3061,TaxRate_val_3061,Date_val_3061
3062,Matrix Precision Engineering,VoucherNo_val_3062,Amount_val_3062,TaxRate_val_3062,Date_val_3062
3063,Matrix Precision Engineering,VoucherNo_val_3063,Amount_val_3063,TaxRate_val_3063,Date_val_3063
3064,Matrix Precision Engineering,VoucherNo_val_3064,Amount_val_3064,TaxRate_val_3064,Date_val_3064
3065,Matrix Precision Engineering,VoucherNo_val_3065,Amount_val_3065,TaxRate_val_3065,Date_val_3065
3066,Matrix Precision Engineering,VoucherNo_val_3066,Amount_val_3066,TaxRate_val_3066,Date_val_3066
3067,Matrix Precision Engineering,VoucherNo_val_3067,Amount_val_3067,TaxRate_val_3067,Date_val_3067
3068,Matrix Precision Engineering,VoucherNo_val_3068,Amount_val_3068,TaxRate_val_3068,Date_val_3068
3069,Matrix Precision Engineering,VoucherNo_val_3069,Amount_val_3069,TaxRate_val_3069,Date_val_3069
3070,Matrix Precision Engineering,VoucherNo_val_3070,Amount_val_3070,TaxRate_val_3070,Date_val_3070
3071,Matrix Precision Engineering,VoucherNo_val_3071,Amount_val_3071,TaxRate_val_3071,Date_val_3071
3072,Matrix Precision Engineering,VoucherNo_val_3072,Amount_val_3072,TaxRate_val_3072,Date_val_3072
3073,Matrix Precision Engineering,VoucherNo_val_3073,Amount_val_3073,TaxRate_val_3073,Date_val_3073
3074,Matrix Precision Engineering,VoucherNo_val_3074,Amount_val_3074,TaxRate_val_3074,Date_val_3074
3075,Matrix Precision Engineering,VoucherNo_val_3075,Amount_val_3075,TaxRate_val_3075,Date_val_3075
3076,Matrix Precision Engineering,VoucherNo_val_3076,Amount_val_3076,TaxRate_val_3076,Date_val_3076
3077,Matrix Precision Engineering,VoucherNo_val_3077,Amount_val_3077,TaxRate_val_3077,Date_val_3077
3078,Matrix Precision Engineering,VoucherNo_val_3078,Amount_val_3078,TaxRate_val_3078,Date_val_3078
3079,Matrix Precision Engineering,VoucherNo_val_3079,Amount_val_3079,TaxRate_val_3079,Date_val_3079
3080,Matrix Precision Engineering,VoucherNo_val_3080,Amount_val_3080,TaxRate_val_3080,Date_val_3080
3081,Matrix Precision Engineering,VoucherNo_val_3081,Amount_val_3081,TaxRate_val_3081,Date_val_3081
3082,Matrix Precision Engineering,VoucherNo_val_3082,Amount_val_3082,TaxRate_val_3082,Date_val_3082
3083,Matrix Precision Engineering,VoucherNo_val_3083,Amount_val_3083,TaxRate_val_3083,Date_val_3083
3084,Matrix Precision Engineering,VoucherNo_val_3084,Amount_val_3084,TaxRate_val_3084,Date_val_3084
3085,Matrix Precision Engineering,VoucherNo_val_3085,Amount_val_3085,TaxRate_val_3085,Date_val_3085
3086,Matrix Precision Engineering,VoucherNo_val_3086,Amount_val_3086,TaxRate_val_3086,Date_val_3086
3087,Matrix Precision Engineering,VoucherNo_val_3087,Amount_val_3087,TaxRate_val_3087,Date_val_3087
3088,Matrix Precision Engineering,VoucherNo_val_3088,Amount_val_3088,TaxRate_val_3088,Date_val_3088
3089,Matrix Precision Engineering,VoucherNo_val_3089,Amount_val_3089,TaxRate_val_3089,Date_val_3089
3090,Matrix Precision Engineering,VoucherNo_val_3090,Amount_val_3090,TaxRate_val_3090,Date_val_3090
3091,Matrix Precision Engineering,VoucherNo_val_3091,Amount_val_3091,TaxRate_val_3091,Date_val_3091
3092,Matrix Precision Engineering,VoucherNo_val_3092,Amount_val_3092,TaxRate_val_3092,Date_val_3092
3093,Matrix Precision Engineering,VoucherNo_val_3093,Amount_val_3093,TaxRate_val_3093,Date_val_3093
3094,Matrix Precision Engineering,VoucherNo_val_3094,Amount_val_3094,TaxRate_val_3094,Date_val_3094
3095,Matrix Precision Engineering,VoucherNo_val_3095,Amount_val_3095,TaxRate_val_3095,Date_val_3095
3096,Matrix Precision Engineering,VoucherNo_val_3096,Amount_val_3096,TaxRate_val_3096,Date_val_3096
3097,Matrix Precision Engineering,VoucherNo_val_3097,Amount_val_3097,TaxRate_val_3097,Date_val_3097
3098,Matrix Precision Engineering,VoucherNo_val_3098,Amount_val_3098,TaxRate_val_3098,Date_val_3098
3099,Matrix Precision Engineering,VoucherNo_val_3099,Amount_val_3099,TaxRate_val_3099,Date_val_3099
3100,Matrix Precision Engineering,VoucherNo_val_3100,Amount_val_3100,TaxRate_val_3100,Date_val_3100
3101,Matrix Precision Engineering,VoucherNo_val_3101,Amount_val_3101,TaxRate_val_3101,Date_val_3101
3102,Matrix Precision Engineering,VoucherNo_val_3102,Amount_val_3102,TaxRate_val_3102,Date_val_3102
3103,Matrix Precision Engineering,VoucherNo_val_3103,Amount_val_3103,TaxRate_val_3103,Date_val_3103
3104,Matrix Precision Engineering,VoucherNo_val_3104,Amount_val_3104,TaxRate_val_3104,Date_val_3104
3105,Matrix Precision Engineering,VoucherNo_val_3105,Amount_val_3105,TaxRate_val_3105,Date_val_3105
3106,Matrix Precision Engineering,VoucherNo_val_3106,Amount_val_3106,TaxRate_val_3106,Date_val_3106
3107,Matrix Precision Engineering,VoucherNo_val_3107,Amount_val_3107,TaxRate_val_3107,Date_val_3107
3108,Matrix Precision Engineering,VoucherNo_val_3108,Amount_val_3108,TaxRate_val_3108,Date_val_3108
3109,Matrix Precision Engineering,VoucherNo_val_3109,Amount_val_3109,TaxRate_val_3109,Date_val_3109
3110,Matrix Precision Engineering,VoucherNo_val_3110,Amount_val_3110,TaxRate_val_3110,Date_val_3110
3111,Matrix Precision Engineering,VoucherNo_val_3111,Amount_val_3111,TaxRate_val_3111,Date_val_3111
3112,Matrix Precision Engineering,VoucherNo_val_3112,Amount_val_3112,TaxRate_val_3112,Date_val_3112
3113,Matrix Precision Engineering,VoucherNo_val_3113,Amount_val_3113,TaxRate_val_3113,Date_val_3113
3114,Matrix Precision Engineering,VoucherNo_val_3114,Amount_val_3114,TaxRate_val_3114,Date_val_3114
3115,Matrix Precision Engineering,VoucherNo_val_3115,Amount_val_3115,TaxRate_val_3115,Date_val_3115
3116,Matrix Precision Engineering,VoucherNo_val_3116,Amount_val_3116,TaxRate_val_3116,Date_val_3116
3117,Matrix Precision Engineering,VoucherNo_val_3117,Amount_val_3117,TaxRate_val_3117,Date_val_3117
3118,Matrix Precision Engineering,VoucherNo_val_3118,Amount_val_3118,TaxRate_val_3118,Date_val_3118
3119,Matrix Precision Engineering,VoucherNo_val_3119,Amount_val_3119,TaxRate_val_3119,Date_val_3119
3120,Matrix Precision Engineering,VoucherNo_val_3120,Amount_val_3120,TaxRate_val_3120,Date_val_3120
3121,Matrix Precision Engineering,VoucherNo_val_3121,Amount_val_3121,TaxRate_val_3121,Date_val_3121
3122,Matrix Precision Engineering,VoucherNo_val_3122,Amount_val_3122,TaxRate_val_3122,Date_val_3122
3123,Matrix Precision Engineering,VoucherNo_val_3123,Amount_val_3123,TaxRate_val_3123,Date_val_3123
3124,Matrix Precision Engineering,VoucherNo_val_3124,Amount_val_3124,TaxRate_val_3124,Date_val_3124
3125,Matrix Precision Engineering,VoucherNo_val_3125,Amount_val_3125,TaxRate_val_3125,Date_val_3125
3126,Matrix Precision Engineering,VoucherNo_val_3126,Amount_val_3126,TaxRate_val_3126,Date_val_3126
3127,Matrix Precision Engineering,VoucherNo_val_3127,Amount_val_3127,TaxRate_val_3127,Date_val_3127
3128,Matrix Precision Engineering,VoucherNo_val_3128,Amount_val_3128,TaxRate_val_3128,Date_val_3128
3129,Matrix Precision Engineering,VoucherNo_val_3129,Amount_val_3129,TaxRate_val_3129,Date_val_3129
3130,Matrix Precision Engineering,VoucherNo_val_3130,Amount_val_3130,TaxRate_val_3130,Date_val_3130
3131,Matrix Precision Engineering,VoucherNo_val_3131,Amount_val_3131,TaxRate_val_3131,Date_val_3131
3132,Matrix Precision Engineering,VoucherNo_val_3132,Amount_val_3132,TaxRate_val_3132,Date_val_3132
3133,Matrix Precision Engineering,VoucherNo_val_3133,Amount_val_3133,TaxRate_val_3133,Date_val_3133
3134,Matrix Precision Engineering,VoucherNo_val_3134,Amount_val_3134,TaxRate_val_3134,Date_val_3134
3135,Matrix Precision Engineering,VoucherNo_val_3135,Amount_val_3135,TaxRate_val_3135,Date_val_3135
3136,Matrix Precision Engineering,VoucherNo_val_3136,Amount_val_3136,TaxRate_val_3136,Date_val_3136
3137,Matrix Precision Engineering,VoucherNo_val_3137,Amount_val_3137,TaxRate_val_3137,Date_val_3137
3138,Matrix Precision Engineering,VoucherNo_val_3138,Amount_val_3138,TaxRate_val_3138,Date_val_3138
3139,Matrix Precision Engineering,VoucherNo_val_3139,Amount_val_3139,TaxRate_val_3139,Date_val_3139
3140,Matrix Precision Engineering,VoucherNo_val_3140,Amount_val_3140,TaxRate_val_3140,Date_val_3140
3141,Matrix Precision Engineering,VoucherNo_val_3141,Amount_val_3141,TaxRate_val_3141,Date_val_3141
3142,Matrix Precision Engineering,VoucherNo_val_3142,Amount_val_3142,TaxRate_val_3142,Date_val_3142
3143,Matrix Precision Engineering,VoucherNo_val_3143,Amount_val_3143,TaxRate_val_3143,Date_val_3143
3144,Matrix Precision Engineering,VoucherNo_val_3144,Amount_val_3144,TaxRate_val_3144,Date_val_3144
3145,Matrix Precision Engineering,VoucherNo_val_3145,Amount_val_3145,TaxRate_val_3145,Date_val_3145
3146,Matrix Precision Engineering,VoucherNo_val_3146,Amount_val_3146,TaxRate_val_3146,Date_val_3146
3147,Matrix Precision Engineering,VoucherNo_val_3147,Amount_val_3147,TaxRate_val_3147,Date_val_3147
3148,Matrix Precision Engineering,VoucherNo_val_3148,Amount_val_3148,TaxRate_val_3148,Date_val_3148
3149,Matrix Precision Engineering,VoucherNo_val_3149,Amount_val_3149,TaxRate_val_3149,Date_val_3149
3150,Matrix Precision Engineering,VoucherNo_val_3150,Amount_val_3150,TaxRate_val_3150,Date_val_3150
3151,Matrix Precision Engineering,VoucherNo_val_3151,Amount_val_3151,TaxRate_val_3151,Date_val_3151
3152,Matrix Precision Engineering,VoucherNo_val_3152,Amount_val_3152,TaxRate_val_3152,Date_val_3152
3153,Matrix Precision Engineering,VoucherNo_val_3153,Amount_val_3153,TaxRate_val_3153,Date_val_3153
3154,Matrix Precision Engineering,VoucherNo_val_3154,Amount_val_3154,TaxRate_val_3154,Date_val_3154
3155,Matrix Precision Engineering,VoucherNo_val_3155,Amount_val_3155,TaxRate_val_3155,Date_val_3155
3156,Matrix Precision Engineering,VoucherNo_val_3156,Amount_val_3156,TaxRate_val_3156,Date_val_3156
3157,Matrix Precision Engineering,VoucherNo_val_3157,Amount_val_3157,TaxRate_val_3157,Date_val_3157
3158,Matrix Precision Engineering,VoucherNo_val_3158,Amount_val_3158,TaxRate_val_3158,Date_val_3158
3159,Matrix Precision Engineering,VoucherNo_val_3159,Amount_val_3159,TaxRate_val_3159,Date_val_3159
3160,Matrix Precision Engineering,VoucherNo_val_3160,Amount_val_3160,TaxRate_val_3160,Date_val_3160
3161,Matrix Precision Engineering,VoucherNo_val_3161,Amount_val_3161,TaxRate_val_3161,Date_val_3161
3162,Matrix Precision Engineering,VoucherNo_val_3162,Amount_val_3162,TaxRate_val_3162,Date_val_3162
3163,Matrix Precision Engineering,VoucherNo_val_3163,Amount_val_3163,TaxRate_val_3163,Date_val_3163
3164,Matrix Precision Engineering,VoucherNo_val_3164,Amount_val_3164,TaxRate_val_3164,Date_val_3164
3165,Matrix Precision Engineering,VoucherNo_val_3165,Amount_val_3165,TaxRate_val_3165,Date_val_3165
3166,Matrix Precision Engineering,VoucherNo_val_3166,Amount_val_3166,TaxRate_val_3166,Date_val_3166
3167,Matrix Precision Engineering,VoucherNo_val_3167,Amount_val_3167,TaxRate_val_3167,Date_val_3167
3168,Matrix Precision Engineering,VoucherNo_val_3168,Amount_val_3168,TaxRate_val_3168,Date_val_3168
3169,Matrix Precision Engineering,VoucherNo_val_3169,Amount_val_3169,TaxRate_val_3169,Date_val_3169
3170,Matrix Precision Engineering,VoucherNo_val_3170,Amount_val_3170,TaxRate_val_3170,Date_val_3170
3171,Matrix Precision Engineering,VoucherNo_val_3171,Amount_val_3171,TaxRate_val_3171,Date_val_3171
3172,Matrix Precision Engineering,VoucherNo_val_3172,Amount_val_3172,TaxRate_val_3172,Date_val_3172
3173,Matrix Precision Engineering,VoucherNo_val_3173,Amount_val_3173,TaxRate_val_3173,Date_val_3173
3174,Matrix Precision Engineering,VoucherNo_val_3174,Amount_val_3174,TaxRate_val_3174,Date_val_3174
3175,Matrix Precision Engineering,VoucherNo_val_3175,Amount_val_3175,TaxRate_val_3175,Date_val_3175
3176,Matrix Precision Engineering,VoucherNo_val_3176,Amount_val_3176,TaxRate_val_3176,Date_val_3176
3177,Matrix Precision Engineering,VoucherNo_val_3177,Amount_val_3177,TaxRate_val_3177,Date_val_3177
3178,Matrix Precision Engineering,VoucherNo_val_3178,Amount_val_3178,TaxRate_val_3178,Date_val_3178
3179,Matrix Precision Engineering,VoucherNo_val_3179,Amount_val_3179,TaxRate_val_3179,Date_val_3179
3180,Matrix Precision Engineering,VoucherNo_val_3180,Amount_val_3180,TaxRate_val_3180,Date_val_3180
3181,Matrix Precision Engineering,VoucherNo_val_3181,Amount_val_3181,TaxRate_val_3181,Date_val_3181
3182,Matrix Precision Engineering,VoucherNo_val_3182,Amount_val_3182,TaxRate_val_3182,Date_val_3182
3183,Matrix Precision Engineering,VoucherNo_val_3183,Amount_val_3183,TaxRate_val_3183,Date_val_3183
3184,Matrix Precision Engineering,VoucherNo_val_3184,Amount_val_3184,TaxRate_val_3184,Date_val_3184
3185,Matrix Precision Engineering,VoucherNo_val_3185,Amount_val_3185,TaxRate_val_3185,Date_val_3185
3186,Matrix Precision Engineering,VoucherNo_val_3186,Amount_val_3186,TaxRate_val_3186,Date_val_3186
3187,Matrix Precision Engineering,VoucherNo_val_3187,Amount_val_3187,TaxRate_val_3187,Date_val_3187
3188,Matrix Precision Engineering,VoucherNo_val_3188,Amount_val_3188,TaxRate_val_3188,Date_val_3188
3189,Matrix Precision Engineering,VoucherNo_val_3189,Amount_val_3189,TaxRate_val_3189,Date_val_3189
3190,Matrix Precision Engineering,VoucherNo_val_3190,Amount_val_3190,TaxRate_val_3190,Date_val_3190
3191,Matrix Precision Engineering,VoucherNo_val_3191,Amount_val_3191,TaxRate_val_3191,Date_val_3191
3192,Matrix Precision Engineering,VoucherNo_val_3192,Amount_val_3192,TaxRate_val_3192,Date_val_3192
3193,Matrix Precision Engineering,VoucherNo_val_3193,Amount_val_3193,TaxRate_val_3193,Date_val_3193
3194,Matrix Precision Engineering,VoucherNo_val_3194,Amount_val_3194,TaxRate_val_3194,Date_val_3194
3195,Matrix Precision Engineering,VoucherNo_val_3195,Amount_val_3195,TaxRate_val_3195,Date_val_3195
3196,Matrix Precision Engineering,VoucherNo_val_3196,Amount_val_3196,TaxRate_val_3196,Date_val_3196
3197,Matrix Precision Engineering,VoucherNo_val_3197,Amount_val_3197,TaxRate_val_3197,Date_val_3197
3198,Matrix Precision Engineering,VoucherNo_val_3198,Amount_val_3198,TaxRate_val_3198,Date_val_3198
3199,Matrix Precision Engineering,VoucherNo_val_3199,Amount_val_3199,TaxRate_val_3199,Date_val_3199
3200,Matrix Precision Engineering,VoucherNo_val_3200,Amount_val_3200,TaxRate_val_3200,Date_val_3200
3201,Matrix Precision Engineering,VoucherNo_val_3201,Amount_val_3201,TaxRate_val_3201,Date_val_3201
3202,Matrix Precision Engineering,VoucherNo_val_3202,Amount_val_3202,TaxRate_val_3202,Date_val_3202
3203,Matrix Precision Engineering,VoucherNo_val_3203,Amount_val_3203,TaxRate_val_3203,Date_val_3203
3204,Matrix Precision Engineering,VoucherNo_val_3204,Amount_val_3204,TaxRate_val_3204,Date_val_3204
3205,Matrix Precision Engineering,VoucherNo_val_3205,Amount_val_3205,TaxRate_val_3205,Date_val_3205
3206,Matrix Precision Engineering,VoucherNo_val_3206,Amount_val_3206,TaxRate_val_3206,Date_val_3206
3207,Matrix Precision Engineering,VoucherNo_val_3207,Amount_val_3207,TaxRate_val_3207,Date_val_3207
3208,Matrix Precision Engineering,VoucherNo_val_3208,Amount_val_3208,TaxRate_val_3208,Date_val_3208
3209,Matrix Precision Engineering,VoucherNo_val_3209,Amount_val_3209,TaxRate_val_3209,Date_val_3209
3210,Matrix Precision Engineering,VoucherNo_val_3210,Amount_val_3210,TaxRate_val_3210,Date_val_3210
3211,Matrix Precision Engineering,VoucherNo_val_3211,Amount_val_3211,TaxRate_val_3211,Date_val_3211
3212,Matrix Precision Engineering,VoucherNo_val_3212,Amount_val_3212,TaxRate_val_3212,Date_val_3212
3213,Matrix Precision Engineering,VoucherNo_val_3213,Amount_val_3213,TaxRate_val_3213,Date_val_3213
3214,Matrix Precision Engineering,VoucherNo_val_3214,Amount_val_3214,TaxRate_val_3214,Date_val_3214
3215,Matrix Precision Engineering,VoucherNo_val_3215,Amount_val_3215,TaxRate_val_3215,Date_val_3215
3216,Matrix Precision Engineering,VoucherNo_val_3216,Amount_val_3216,TaxRate_val_3216,Date_val_3216
3217,Matrix Precision Engineering,VoucherNo_val_3217,Amount_val_3217,TaxRate_val_3217,Date_val_3217
3218,Matrix Precision Engineering,VoucherNo_val_3218,Amount_val_3218,TaxRate_val_3218,Date_val_3218
3219,Matrix Precision Engineering,VoucherNo_val_3219,Amount_val_3219,TaxRate_val_3219,Date_val_3219
3220,Matrix Precision Engineering,VoucherNo_val_3220,Amount_val_3220,TaxRate_val_3220,Date_val_3220
3221,Matrix Precision Engineering,VoucherNo_val_3221,Amount_val_3221,TaxRate_val_3221,Date_val_3221
3222,Matrix Precision Engineering,VoucherNo_val_3222,Amount_val_3222,TaxRate_val_3222,Date_val_3222
3223,Matrix Precision Engineering,VoucherNo_val_3223,Amount_val_3223,TaxRate_val_3223,Date_val_3223
3224,Matrix Precision Engineering,VoucherNo_val_3224,Amount_val_3224,TaxRate_val_3224,Date_val_3224
3225,Matrix Precision Engineering,VoucherNo_val_3225,Amount_val_3225,TaxRate_val_3225,Date_val_3225
3226,Matrix Precision Engineering,VoucherNo_val_3226,Amount_val_3226,TaxRate_val_3226,Date_val_3226
3227,Matrix Precision Engineering,VoucherNo_val_3227,Amount_val_3227,TaxRate_val_3227,Date_val_3227
3228,Matrix Precision Engineering,VoucherNo_val_3228,Amount_val_3228,TaxRate_val_3228,Date_val_3228
3229,Matrix Precision Engineering,VoucherNo_val_3229,Amount_val_3229,TaxRate_val_3229,Date_val_3229
3230,Matrix Precision Engineering,VoucherNo_val_3230,Amount_val_3230,TaxRate_val_3230,Date_val_3230
3231,Matrix Precision Engineering,VoucherNo_val_3231,Amount_val_3231,TaxRate_val_3231,Date_val_3231
3232,Matrix Precision Engineering,VoucherNo_val_3232,Amount_val_3232,TaxRate_val_3232,Date_val_3232
3233,Matrix Precision Engineering,VoucherNo_val_3233,Amount_val_3233,TaxRate_val_3233,Date_val_3233
3234,Matrix Precision Engineering,VoucherNo_val_3234,Amount_val_3234,TaxRate_val_3234,Date_val_3234
3235,Matrix Precision Engineering,VoucherNo_val_3235,Amount_val_3235,TaxRate_val_3235,Date_val_3235
3236,Matrix Precision Engineering,VoucherNo_val_3236,Amount_val_3236,TaxRate_val_3236,Date_val_3236
3237,Matrix Precision Engineering,VoucherNo_val_3237,Amount_val_3237,TaxRate_val_3237,Date_val_3237
3238,Matrix Precision Engineering,VoucherNo_val_3238,Amount_val_3238,TaxRate_val_3238,Date_val_3238
3239,Matrix Precision Engineering,VoucherNo_val_3239,Amount_val_3239,TaxRate_val_3239,Date_val_3239
3240,Matrix Precision Engineering,VoucherNo_val_3240,Amount_val_3240,TaxRate_val_3240,Date_val_3240
3241,Matrix Precision Engineering,VoucherNo_val_3241,Amount_val_3241,TaxRate_val_3241,Date_val_3241
3242,Matrix Precision Engineering,VoucherNo_val_3242,Amount_val_3242,TaxRate_val_3242,Date_val_3242
3243,Matrix Precision Engineering,VoucherNo_val_3243,Amount_val_3243,TaxRate_val_3243,Date_val_3243
3244,Matrix Precision Engineering,VoucherNo_val_3244,Amount_val_3244,TaxRate_val_3244,Date_val_3244
3245,Matrix Precision Engineering,VoucherNo_val_3245,Amount_val_3245,TaxRate_val_3245,Date_val_3245
3246,Matrix Precision Engineering,VoucherNo_val_3246,Amount_val_3246,TaxRate_val_3246,Date_val_3246
3247,Matrix Precision Engineering,VoucherNo_val_3247,Amount_val_3247,TaxRate_val_3247,Date_val_3247
3248,Matrix Precision Engineering,VoucherNo_val_3248,Amount_val_3248,TaxRate_val_3248,Date_val_3248
3249,Matrix Precision Engineering,VoucherNo_val_3249,Amount_val_3249,TaxRate_val_3249,Date_val_3249
3250,Matrix Precision Engineering,VoucherNo_val_3250,Amount_val_3250,TaxRate_val_3250,Date_val_3250
3251,Matrix Precision Engineering,VoucherNo_val_3251,Amount_val_3251,TaxRate_val_3251,Date_val_3251
3252,Matrix Precision Engineering,VoucherNo_val_3252,Amount_val_3252,TaxRate_val_3252,Date_val_3252
3253,Matrix Precision Engineering,VoucherNo_val_3253,Amount_val_3253,TaxRate_val_3253,Date_val_3253
3254,Matrix Precision Engineering,VoucherNo_val_3254,Amount_val_3254,TaxRate_val_3254,Date_val_3254
3255,Matrix Precision Engineering,VoucherNo_val_3255,Amount_val_3255,TaxRate_val_3255,Date_val_3255
3256,Matrix Precision Engineering,VoucherNo_val_3256,Amount_val_3256,TaxRate_val_3256,Date_val_3256
3257,Matrix Precision Engineering,VoucherNo_val_3257,Amount_val_3257,TaxRate_val_3257,Date_val_3257
3258,Matrix Precision Engineering,VoucherNo_val_3258,Amount_val_3258,TaxRate_val_3258,Date_val_3258
3259,Matrix Precision Engineering,VoucherNo_val_3259,Amount_val_3259,TaxRate_val_3259,Date_val_3259
3260,Matrix Precision Engineering,VoucherNo_val_3260,Amount_val_3260,TaxRate_val_3260,Date_val_3260
3261,Matrix Precision Engineering,VoucherNo_val_3261,Amount_val_3261,TaxRate_val_3261,Date_val_3261
3262,Matrix Precision Engineering,VoucherNo_val_3262,Amount_val_3262,TaxRate_val_3262,Date_val_3262
3263,Matrix Precision Engineering,VoucherNo_val_3263,Amount_val_3263,TaxRate_val_3263,Date_val_3263
3264,Matrix Precision Engineering,VoucherNo_val_3264,Amount_val_3264,TaxRate_val_3264,Date_val_3264
3265,Matrix Precision Engineering,VoucherNo_val_3265,Amount_val_3265,TaxRate_val_3265,Date_val_3265
3266,Matrix Precision Engineering,VoucherNo_val_3266,Amount_val_3266,TaxRate_val_3266,Date_val_3266
3267,Matrix Precision Engineering,VoucherNo_val_3267,Amount_val_3267,TaxRate_val_3267,Date_val_3267
3268,Matrix Precision Engineering,VoucherNo_val_3268,Amount_val_3268,TaxRate_val_3268,Date_val_3268
3269,Matrix Precision Engineering,VoucherNo_val_3269,Amount_val_3269,TaxRate_val_3269,Date_val_3269
3270,Matrix Precision Engineering,VoucherNo_val_3270,Amount_val_3270,TaxRate_val_3270,Date_val_3270
3271,Matrix Precision Engineering,VoucherNo_val_3271,Amount_val_3271,TaxRate_val_3271,Date_val_3271
3272,Matrix Precision Engineering,VoucherNo_val_3272,Amount_val_3272,TaxRate_val_3272,Date_val_3272
3273,Matrix Precision Engineering,VoucherNo_val_3273,Amount_val_3273,TaxRate_val_3273,Date_val_3273
3274,Matrix Precision Engineering,VoucherNo_val_3274,Amount_val_3274,TaxRate_val_3274,Date_val_3274
3275,Matrix Precision Engineering,VoucherNo_val_3275,Amount_val_3275,TaxRate_val_3275,Date_val_3275
3276,Matrix Precision Engineering,VoucherNo_val_3276,Amount_val_3276,TaxRate_val_3276,Date_val_3276
3277,Matrix Precision Engineering,VoucherNo_val_3277,Amount_val_3277,TaxRate_val_3277,Date_val_3277
3278,Matrix Precision Engineering,VoucherNo_val_3278,Amount_val_3278,TaxRate_val_3278,Date_val_3278
3279,Matrix Precision Engineering,VoucherNo_val_3279,Amount_val_3279,TaxRate_val_3279,Date_val_3279
3280,Matrix Precision Engineering,VoucherNo_val_3280,Amount_val_3280,TaxRate_val_3280,Date_val_3280
3281,Matrix Precision Engineering,VoucherNo_val_3281,Amount_val_3281,TaxRate_val_3281,Date_val_3281
3282,Matrix Precision Engineering,VoucherNo_val_3282,Amount_val_3282,TaxRate_val_3282,Date_val_3282
3283,Matrix Precision Engineering,VoucherNo_val_3283,Amount_val_3283,TaxRate_val_3283,Date_val_3283
3284,Matrix Precision Engineering,VoucherNo_val_3284,Amount_val_3284,TaxRate_val_3284,Date_val_3284
3285,Matrix Precision Engineering,VoucherNo_val_3285,Amount_val_3285,TaxRate_val_3285,Date_val_3285
3286,Matrix Precision Engineering,VoucherNo_val_3286,Amount_val_3286,TaxRate_val_3286,Date_val_3286
3287,Matrix Precision Engineering,VoucherNo_val_3287,Amount_val_3287,TaxRate_val_3287,Date_val_3287
3288,Matrix Precision Engineering,VoucherNo_val_3288,Amount_val_3288,TaxRate_val_3288,Date_val_3288
3289,Matrix Precision Engineering,VoucherNo_val_3289,Amount_val_3289,TaxRate_val_3289,Date_val_3289
3290,Matrix Precision Engineering,VoucherNo_val_3290,Amount_val_3290,TaxRate_val_3290,Date_val_3290
3291,Matrix Precision Engineering,VoucherNo_val_3291,Amount_val_3291,TaxRate_val_3291,Date_val_3291
3292,Matrix Precision Engineering,VoucherNo_val_3292,Amount_val_3292,TaxRate_val_3292,Date_val_3292
3293,Matrix Precision Engineering,VoucherNo_val_3293,Amount_val_3293,TaxRate_val_3293,Date_val_3293
3294,Matrix Precision Engineering,VoucherNo_val_3294,Amount_val_3294,TaxRate_val_3294,Date_val_3294
3295,Matrix Precision Engineering,VoucherNo_val_3295,Amount_val_3295,TaxRate_val_3295,Date_val_3295
3296,Matrix Precision Engineering,VoucherNo_val_3296,Amount_val_3296,TaxRate_val_3296,Date_val_3296
3297,Matrix Precision Engineering,VoucherNo_val_3297,Amount_val_3297,TaxRate_val_3297,Date_val_3297
3298,Matrix Precision Engineering,VoucherNo_val_3298,Amount_val_3298,TaxRate_val_3298,Date_val_3298
3299,Matrix Precision Engineering,VoucherNo_val_3299,Amount_val_3299,TaxRate_val_3299,Date_val_3299
3300,Matrix Precision Engineering,VoucherNo_val_3300,Amount_val_3300,TaxRate_val_3300,Date_val_3300
3301,Matrix Precision Engineering,VoucherNo_val_3301,Amount_val_3301,TaxRate_val_3301,Date_val_3301
3302,Matrix Precision Engineering,VoucherNo_val_3302,Amount_val_3302,TaxRate_val_3302,Date_val_3302
3303,Matrix Precision Engineering,VoucherNo_val_3303,Amount_val_3303,TaxRate_val_3303,Date_val_3303
3304,Matrix Precision Engineering,VoucherNo_val_3304,Amount_val_3304,TaxRate_val_3304,Date_val_3304
3305,Matrix Precision Engineering,VoucherNo_val_3305,Amount_val_3305,TaxRate_val_3305,Date_val_3305
3306,Matrix Precision Engineering,VoucherNo_val_3306,Amount_val_3306,TaxRate_val_3306,Date_val_3306
3307,Matrix Precision Engineering,VoucherNo_val_3307,Amount_val_3307,TaxRate_val_3307,Date_val_3307
3308,Matrix Precision Engineering,VoucherNo_val_3308,Amount_val_3308,TaxRate_val_3308,Date_val_3308
3309,Matrix Precision Engineering,VoucherNo_val_3309,Amount_val_3309,TaxRate_val_3309,Date_val_3309
3310,Matrix Precision Engineering,VoucherNo_val_3310,Amount_val_3310,TaxRate_val_3310,Date_val_3310
3311,Matrix Precision Engineering,VoucherNo_val_3311,Amount_val_3311,TaxRate_val_3311,Date_val_3311
3312,Matrix Precision Engineering,VoucherNo_val_3312,Amount_val_3312,TaxRate_val_3312,Date_val_3312
3313,Matrix Precision Engineering,VoucherNo_val_3313,Amount_val_3313,TaxRate_val_3313,Date_val_3313
3314,Matrix Precision Engineering,VoucherNo_val_3314,Amount_val_3314,TaxRate_val_3314,Date_val_3314
3315,Matrix Precision Engineering,VoucherNo_val_3315,Amount_val_3315,TaxRate_val_3315,Date_val_3315
3316,Matrix Precision Engineering,VoucherNo_val_3316,Amount_val_3316,TaxRate_val_3316,Date_val_3316
3317,Matrix Precision Engineering,VoucherNo_val_3317,Amount_val_3317,TaxRate_val_3317,Date_val_3317
3318,Matrix Precision Engineering,VoucherNo_val_3318,Amount_val_3318,TaxRate_val_3318,Date_val_3318
3319,Matrix Precision Engineering,VoucherNo_val_3319,Amount_val_3319,TaxRate_val_3319,Date_val_3319
3320,Matrix Precision Engineering,VoucherNo_val_3320,Amount_val_3320,TaxRate_val_3320,Date_val_3320
3321,Matrix Precision Engineering,VoucherNo_val_3321,Amount_val_3321,TaxRate_val_3321,Date_val_3321
3322,Matrix Precision Engineering,VoucherNo_val_3322,Amount_val_3322,TaxRate_val_3322,Date_val_3322
3323,Matrix Precision Engineering,VoucherNo_val_3323,Amount_val_3323,TaxRate_val_3323,Date_val_3323
3324,Matrix Precision Engineering,VoucherNo_val_3324,Amount_val_3324,TaxRate_val_3324,Date_val_3324
3325,Matrix Precision Engineering,VoucherNo_val_3325,Amount_val_3325,TaxRate_val_3325,Date_val_3325
3326,Matrix Precision Engineering,VoucherNo_val_3326,Amount_val_3326,TaxRate_val_3326,Date_val_3326
3327,Matrix Precision Engineering,VoucherNo_val_3327,Amount_val_3327,TaxRate_val_3327,Date_val_3327
3328,Matrix Precision Engineering,VoucherNo_val_3328,Amount_val_3328,TaxRate_val_3328,Date_val_3328
3329,Matrix Precision Engineering,VoucherNo_val_3329,Amount_val_3329,TaxRate_val_3329,Date_val_3329
3330,Matrix Precision Engineering,VoucherNo_val_3330,Amount_val_3330,TaxRate_val_3330,Date_val_3330
3331,Matrix Precision Engineering,VoucherNo_val_3331,Amount_val_3331,TaxRate_val_3331,Date_val_3331
3332,Matrix Precision Engineering,VoucherNo_val_3332,Amount_val_3332,TaxRate_val_3332,Date_val_3332
3333,Matrix Precision Engineering,VoucherNo_val_3333,Amount_val_3333,TaxRate_val_3333,Date_val_3333
3334,Matrix Precision Engineering,VoucherNo_val_3334,Amount_val_3334,TaxRate_val_3334,Date_val_3334
3335,Matrix Precision Engineering,VoucherNo_val_3335,Amount_val_3335,TaxRate_val_3335,Date_val_3335
3336,Matrix Precision Engineering,VoucherNo_val_3336,Amount_val_3336,TaxRate_val_3336,Date_val_3336
3337,Matrix Precision Engineering,VoucherNo_val_3337,Amount_val_3337,TaxRate_val_3337,Date_val_3337
3338,Matrix Precision Engineering,VoucherNo_val_3338,Amount_val_3338,TaxRate_val_3338,Date_val_3338
3339,Matrix Precision Engineering,VoucherNo_val_3339,Amount_val_3339,TaxRate_val_3339,Date_val_3339
3340,Matrix Precision Engineering,VoucherNo_val_3340,Amount_val_3340,TaxRate_val_3340,Date_val_3340
3341,Matrix Precision Engineering,VoucherNo_val_3341,Amount_val_3341,TaxRate_val_3341,Date_val_3341
3342,Matrix Precision Engineering,VoucherNo_val_3342,Amount_val_3342,TaxRate_val_3342,Date_val_3342
3343,Matrix Precision Engineering,VoucherNo_val_3343,Amount_val_3343,TaxRate_val_3343,Date_val_3343
3344,Matrix Precision Engineering,VoucherNo_val_3344,Amount_val_3344,TaxRate_val_3344,Date_val_3344
3345,Matrix Precision Engineering,VoucherNo_val_3345,Amount_val_3345,TaxRate_val_3345,Date_val_3345
3346,Matrix Precision Engineering,VoucherNo_val_3346,Amount_val_3346,TaxRate_val_3346,Date_val_3346
3347,Matrix Precision Engineering,VoucherNo_val_3347,Amount_val_3347,TaxRate_val_3347,Date_val_3347
3348,Matrix Precision Engineering,VoucherNo_val_3348,Amount_val_3348,TaxRate_val_3348,Date_val_3348
3349,Matrix Precision Engineering,VoucherNo_val_3349,Amount_val_3349,TaxRate_val_3349,Date_val_3349
3350,Matrix Precision Engineering,VoucherNo_val_3350,Amount_val_3350,TaxRate_val_3350,Date_val_3350
3351,Matrix Precision Engineering,VoucherNo_val_3351,Amount_val_3351,TaxRate_val_3351,Date_val_3351
3352,Matrix Precision Engineering,VoucherNo_val_3352,Amount_val_3352,TaxRate_val_3352,Date_val_3352
3353,Matrix Precision Engineering,VoucherNo_val_3353,Amount_val_3353,TaxRate_val_3353,Date_val_3353
3354,Matrix Precision Engineering,VoucherNo_val_3354,Amount_val_3354,TaxRate_val_3354,Date_val_3354
3355,Matrix Precision Engineering,VoucherNo_val_3355,Amount_val_3355,TaxRate_val_3355,Date_val_3355
3356,Matrix Precision Engineering,VoucherNo_val_3356,Amount_val_3356,TaxRate_val_3356,Date_val_3356
3357,Matrix Precision Engineering,VoucherNo_val_3357,Amount_val_3357,TaxRate_val_3357,Date_val_3357
3358,Matrix Precision Engineering,VoucherNo_val_3358,Amount_val_3358,TaxRate_val_3358,Date_val_3358
3359,Matrix Precision Engineering,VoucherNo_val_3359,Amount_val_3359,TaxRate_val_3359,Date_val_3359
3360,Matrix Precision Engineering,VoucherNo_val_3360,Amount_val_3360,TaxRate_val_3360,Date_val_3360
3361,Matrix Precision Engineering,VoucherNo_val_3361,Amount_val_3361,TaxRate_val_3361,Date_val_3361
3362,Matrix Precision Engineering,VoucherNo_val_3362,Amount_val_3362,TaxRate_val_3362,Date_val_3362
3363,Matrix Precision Engineering,VoucherNo_val_3363,Amount_val_3363,TaxRate_val_3363,Date_val_3363
3364,Matrix Precision Engineering,VoucherNo_val_3364,Amount_val_3364,TaxRate_val_3364,Date_val_3364
3365,Matrix Precision Engineering,VoucherNo_val_3365,Amount_val_3365,TaxRate_val_3365,Date_val_3365
3366,Matrix Precision Engineering,VoucherNo_val_3366,Amount_val_3366,TaxRate_val_3366,Date_val_3366
3367,Matrix Precision Engineering,VoucherNo_val_3367,Amount_val_3367,TaxRate_val_3367,Date_val_3367
3368,Matrix Precision Engineering,VoucherNo_val_3368,Amount_val_3368,TaxRate_val_3368,Date_val_3368
3369,Matrix Precision Engineering,VoucherNo_val_3369,Amount_val_3369,TaxRate_val_3369,Date_val_3369
3370,Matrix Precision Engineering,VoucherNo_val_3370,Amount_val_3370,TaxRate_val_3370,Date_val_3370
3371,Matrix Precision Engineering,VoucherNo_val_3371,Amount_val_3371,TaxRate_val_3371,Date_val_3371
3372,Matrix Precision Engineering,VoucherNo_val_3372,Amount_val_3372,TaxRate_val_3372,Date_val_3372
3373,Matrix Precision Engineering,VoucherNo_val_3373,Amount_val_3373,TaxRate_val_3373,Date_val_3373
3374,Matrix Precision Engineering,VoucherNo_val_3374,Amount_val_3374,TaxRate_val_3374,Date_val_3374
3375,Matrix Precision Engineering,VoucherNo_val_3375,Amount_val_3375,TaxRate_val_3375,Date_val_3375
3376,Matrix Precision Engineering,VoucherNo_val_3376,Amount_val_3376,TaxRate_val_3376,Date_val_3376
3377,Matrix Precision Engineering,VoucherNo_val_3377,Amount_val_3377,TaxRate_val_3377,Date_val_3377
3378,Matrix Precision Engineering,VoucherNo_val_3378,Amount_val_3378,TaxRate_val_3378,Date_val_3378
3379,Matrix Precision Engineering,VoucherNo_val_3379,Amount_val_3379,TaxRate_val_3379,Date_val_3379
3380,Matrix Precision Engineering,VoucherNo_val_3380,Amount_val_3380,TaxRate_val_3380,Date_val_3380
3381,Matrix Precision Engineering,VoucherNo_val_3381,Amount_val_3381,TaxRate_val_3381,Date_val_3381
3382,Matrix Precision Engineering,VoucherNo_val_3382,Amount_val_3382,TaxRate_val_3382,Date_val_3382
3383,Matrix Precision Engineering,VoucherNo_val_3383,Amount_val_3383,TaxRate_val_3383,Date_val_3383
3384,Matrix Precision Engineering,VoucherNo_val_3384,Amount_val_3384,TaxRate_val_3384,Date_val_3384
3385,Matrix Precision Engineering,VoucherNo_val_3385,Amount_val_3385,TaxRate_val_3385,Date_val_3385
3386,Matrix Precision Engineering,VoucherNo_val_3386,Amount_val_3386,TaxRate_val_3386,Date_val_3386
3387,Matrix Precision Engineering,VoucherNo_val_3387,Amount_val_3387,TaxRate_val_3387,Date_val_3387
3388,Matrix Precision Engineering,VoucherNo_val_3388,Amount_val_3388,TaxRate_val_3388,Date_val_3388
3389,Matrix Precision Engineering,VoucherNo_val_3389,Amount_val_3389,TaxRate_val_3389,Date_val_3389
3390,Matrix Precision Engineering,VoucherNo_val_3390,Amount_val_3390,TaxRate_val_3390,Date_val_3390
3391,Matrix Precision Engineering,VoucherNo_val_3391,Amount_val_3391,TaxRate_val_3391,Date_val_3391
3392,Matrix Precision Engineering,VoucherNo_val_3392,Amount_val_3392,TaxRate_val_3392,Date_val_3392
3393,Matrix Precision Engineering,VoucherNo_val_3393,Amount_val_3393,TaxRate_val_3393,Date_val_3393
3394,Matrix Precision Engineering,VoucherNo_val_3394,Amount_val_3394,TaxRate_val_3394,Date_val_3394
3395,Matrix Precision Engineering,VoucherNo_val_3395,Amount_val_3395,TaxRate_val_3395,Date_val_3395
3396,Matrix Precision Engineering,VoucherNo_val_3396,Amount_val_3396,TaxRate_val_3396,Date_val_3396
3397,Matrix Precision Engineering,VoucherNo_val_3397,Amount_val_3397,TaxRate_val_3397,Date_val_3397
3398,Matrix Precision Engineering,VoucherNo_val_3398,Amount_val_3398,TaxRate_val_3398,Date_val_3398
3399,Matrix Precision Engineering,VoucherNo_val_3399,Amount_val_3399,TaxRate_val_3399,Date_val_3399
3400,Matrix Precision Engineering,VoucherNo_val_3400,Amount_val_3400,TaxRate_val_3400,Date_val_3400
3401,Matrix Precision Engineering,VoucherNo_val_3401,Amount_val_3401,TaxRate_val_3401,Date_val_3401
3402,Matrix Precision Engineering,VoucherNo_val_3402,Amount_val_3402,TaxRate_val_3402,Date_val_3402
3403,Matrix Precision Engineering,VoucherNo_val_3403,Amount_val_3403,TaxRate_val_3403,Date_val_3403
3404,Matrix Precision Engineering,VoucherNo_val_3404,Amount_val_3404,TaxRate_val_3404,Date_val_3404
3405,Matrix Precision Engineering,VoucherNo_val_3405,Amount_val_3405,TaxRate_val_3405,Date_val_3405
3406,Matrix Precision Engineering,VoucherNo_val_3406,Amount_val_3406,TaxRate_val_3406,Date_val_3406
3407,Matrix Precision Engineering,VoucherNo_val_3407,Amount_val_3407,TaxRate_val_3407,Date_val_3407
3408,Matrix Precision Engineering,VoucherNo_val_3408,Amount_val_3408,TaxRate_val_3408,Date_val_3408
3409,Matrix Precision Engineering,VoucherNo_val_3409,Amount_val_3409,TaxRate_val_3409,Date_val_3409
3410,Matrix Precision Engineering,VoucherNo_val_3410,Amount_val_3410,TaxRate_val_3410,Date_val_3410
3411,Matrix Precision Engineering,VoucherNo_val_3411,Amount_val_3411,TaxRate_val_3411,Date_val_3411
3412,Matrix Precision Engineering,VoucherNo_val_3412,Amount_val_3412,TaxRate_val_3412,Date_val_3412
3413,Matrix Precision Engineering,VoucherNo_val_3413,Amount_val_3413,TaxRate_val_3413,Date_val_3413
3414,Matrix Precision Engineering,VoucherNo_val_3414,Amount_val_3414,TaxRate_val_3414,Date_val_3414
3415,Matrix Precision Engineering,VoucherNo_val_3415,Amount_val_3415,TaxRate_val_3415,Date_val_3415
3416,Matrix Precision Engineering,VoucherNo_val_3416,Amount_val_3416,TaxRate_val_3416,Date_val_3416
3417,Matrix Precision Engineering,VoucherNo_val_3417,Amount_val_3417,TaxRate_val_3417,Date_val_3417
3418,Matrix Precision Engineering,VoucherNo_val_3418,Amount_val_3418,TaxRate_val_3418,Date_val_3418
3419,Matrix Precision Engineering,VoucherNo_val_3419,Amount_val_3419,TaxRate_val_3419,Date_val_3419
3420,Matrix Precision Engineering,VoucherNo_val_3420,Amount_val_3420,TaxRate_val_3420,Date_val_3420
3421,Matrix Precision Engineering,VoucherNo_val_3421,Amount_val_3421,TaxRate_val_3421,Date_val_3421
3422,Matrix Precision Engineering,VoucherNo_val_3422,Amount_val_3422,TaxRate_val_3422,Date_val_3422
3423,Matrix Precision Engineering,VoucherNo_val_3423,Amount_val_3423,TaxRate_val_3423,Date_val_3423
3424,Matrix Precision Engineering,VoucherNo_val_3424,Amount_val_3424,TaxRate_val_3424,Date_val_3424
3425,Matrix Precision Engineering,VoucherNo_val_3425,Amount_val_3425,TaxRate_val_3425,Date_val_3425
3426,Matrix Precision Engineering,VoucherNo_val_3426,Amount_val_3426,TaxRate_val_3426,Date_val_3426
3427,Matrix Precision Engineering,VoucherNo_val_3427,Amount_val_3427,TaxRate_val_3427,Date_val_3427
3428,Matrix Precision Engineering,VoucherNo_val_3428,Amount_val_3428,TaxRate_val_3428,Date_val_3428
3429,Matrix Precision Engineering,VoucherNo_val_3429,Amount_val_3429,TaxRate_val_3429,Date_val_3429
3430,Matrix Precision Engineering,VoucherNo_val_3430,Amount_val_3430,TaxRate_val_3430,Date_val_3430
3431,Matrix Precision Engineering,VoucherNo_val_3431,Amount_val_3431,TaxRate_val_3431,Date_val_3431
3432,Matrix Precision Engineering,VoucherNo_val_3432,Amount_val_3432,TaxRate_val_3432,Date_val_3432
3433,Matrix Precision Engineering,VoucherNo_val_3433,Amount_val_3433,TaxRate_val_3433,Date_val_3433
3434,Matrix Precision Engineering,VoucherNo_val_3434,Amount_val_3434,TaxRate_val_3434,Date_val_3434
3435,Matrix Precision Engineering,VoucherNo_val_3435,Amount_val_3435,TaxRate_val_3435,Date_val_3435
3436,Matrix Precision Engineering,VoucherNo_val_3436,Amount_val_3436,TaxRate_val_3436,Date_val_3436
3437,Matrix Precision Engineering,VoucherNo_val_3437,Amount_val_3437,TaxRate_val_3437,Date_val_3437
3438,Matrix Precision Engineering,VoucherNo_val_3438,Amount_val_3438,TaxRate_val_3438,Date_val_3438
3439,Matrix Precision Engineering,VoucherNo_val_3439,Amount_val_3439,TaxRate_val_3439,Date_val_3439
3440,Matrix Precision Engineering,VoucherNo_val_3440,Amount_val_3440,TaxRate_val_3440,Date_val_3440
3441,Matrix Precision Engineering,VoucherNo_val_3441,Amount_val_3441,TaxRate_val_3441,Date_val_3441
3442,Matrix Precision Engineering,VoucherNo_val_3442,Amount_val_3442,TaxRate_val_3442,Date_val_3442
3443,Matrix Precision Engineering,VoucherNo_val_3443,Amount_val_3443,TaxRate_val_3443,Date_val_3443
3444,Matrix Precision Engineering,VoucherNo_val_3444,Amount_val_3444,TaxRate_val_3444,Date_val_3444
3445,Matrix Precision Engineering,VoucherNo_val_3445,Amount_val_3445,TaxRate_val_3445,Date_val_3445
3446,Matrix Precision Engineering,VoucherNo_val_3446,Amount_val_3446,TaxRate_val_3446,Date_val_3446
3447,Matrix Precision Engineering,VoucherNo_val_3447,Amount_val_3447,TaxRate_val_3447,Date_val_3447
3448,Matrix Precision Engineering,VoucherNo_val_3448,Amount_val_3448,TaxRate_val_3448,Date_val_3448
3449,Matrix Precision Engineering,VoucherNo_val_3449,Amount_val_3449,TaxRate_val_3449,Date_val_3449
3450,Matrix Precision Engineering,VoucherNo_val_3450,Amount_val_3450,TaxRate_val_3450,Date_val_3450
3451,Matrix Precision Engineering,VoucherNo_val_3451,Amount_val_3451,TaxRate_val_3451,Date_val_3451
3452,Matrix Precision Engineering,VoucherNo_val_3452,Amount_val_3452,TaxRate_val_3452,Date_val_3452
3453,Matrix Precision Engineering,VoucherNo_val_3453,Amount_val_3453,TaxRate_val_3453,Date_val_3453
3454,Matrix Precision Engineering,VoucherNo_val_3454,Amount_val_3454,TaxRate_val_3454,Date_val_3454
3455,Matrix Precision Engineering,VoucherNo_val_3455,Amount_val_3455,TaxRate_val_3455,Date_val_3455
3456,Matrix Precision Engineering,VoucherNo_val_3456,Amount_val_3456,TaxRate_val_3456,Date_val_3456
3457,Matrix Precision Engineering,VoucherNo_val_3457,Amount_val_3457,TaxRate_val_3457,Date_val_3457
3458,Matrix Precision Engineering,VoucherNo_val_3458,Amount_val_3458,TaxRate_val_3458,Date_val_3458
3459,Matrix Precision Engineering,VoucherNo_val_3459,Amount_val_3459,TaxRate_val_3459,Date_val_3459
3460,Matrix Precision Engineering,VoucherNo_val_3460,Amount_val_3460,TaxRate_val_3460,Date_val_3460
3461,Matrix Precision Engineering,VoucherNo_val_3461,Amount_val_3461,TaxRate_val_3461,Date_val_3461
3462,Matrix Precision Engineering,VoucherNo_val_3462,Amount_val_3462,TaxRate_val_3462,Date_val_3462
3463,Matrix Precision Engineering,VoucherNo_val_3463,Amount_val_3463,TaxRate_val_3463,Date_val_3463
3464,Matrix Precision Engineering,VoucherNo_val_3464,Amount_val_3464,TaxRate_val_3464,Date_val_3464
3465,Matrix Precision Engineering,VoucherNo_val_3465,Amount_val_3465,TaxRate_val_3465,Date_val_3465
3466,Matrix Precision Engineering,VoucherNo_val_3466,Amount_val_3466,TaxRate_val_3466,Date_val_3466
3467,Matrix Precision Engineering,VoucherNo_val_3467,Amount_val_3467,TaxRate_val_3467,Date_val_3467
3468,Matrix Precision Engineering,VoucherNo_val_3468,Amount_val_3468,TaxRate_val_3468,Date_val_3468
3469,Matrix Precision Engineering,VoucherNo_val_3469,Amount_val_3469,TaxRate_val_3469,Date_val_3469
3470,Matrix Precision Engineering,VoucherNo_val_3470,Amount_val_3470,TaxRate_val_3470,Date_val_3470
3471,Matrix Precision Engineering,VoucherNo_val_3471,Amount_val_3471,TaxRate_val_3471,Date_val_3471
3472,Matrix Precision Engineering,VoucherNo_val_3472,Amount_val_3472,TaxRate_val_3472,Date_val_3472
3473,Matrix Precision Engineering,VoucherNo_val_3473,Amount_val_3473,TaxRate_val_3473,Date_val_3473
3474,Matrix Precision Engineering,VoucherNo_val_3474,Amount_val_3474,TaxRate_val_3474,Date_val_3474
3475,Matrix Precision Engineering,VoucherNo_val_3475,Amount_val_3475,TaxRate_val_3475,Date_val_3475
3476,Matrix Precision Engineering,VoucherNo_val_3476,Amount_val_3476,TaxRate_val_3476,Date_val_3476
3477,Matrix Precision Engineering,VoucherNo_val_3477,Amount_val_3477,TaxRate_val_3477,Date_val_3477
3478,Matrix Precision Engineering,VoucherNo_val_3478,Amount_val_3478,TaxRate_val_3478,Date_val_3478
3479,Matrix Precision Engineering,VoucherNo_val_3479,Amount_val_3479,TaxRate_val_3479,Date_val_3479
3480,Matrix Precision Engineering,VoucherNo_val_3480,Amount_val_3480,TaxRate_val_3480,Date_val_3480
3481,Matrix Precision Engineering,VoucherNo_val_3481,Amount_val_3481,TaxRate_val_3481,Date_val_3481
3482,Matrix Precision Engineering,VoucherNo_val_3482,Amount_val_3482,TaxRate_val_3482,Date_val_3482
3483,Matrix Precision Engineering,VoucherNo_val_3483,Amount_val_3483,TaxRate_val_3483,Date_val_3483
3484,Matrix Precision Engineering,VoucherNo_val_3484,Amount_val_3484,TaxRate_val_3484,Date_val_3484
3485,Matrix Precision Engineering,VoucherNo_val_3485,Amount_val_3485,TaxRate_val_3485,Date_val_3485
3486,Matrix Precision Engineering,VoucherNo_val_3486,Amount_val_3486,TaxRate_val_3486,Date_val_3486
3487,Matrix Precision Engineering,VoucherNo_val_3487,Amount_val_3487,TaxRate_val_3487,Date_val_3487
3488,Matrix Precision Engineering,VoucherNo_val_3488,Amount_val_3488,TaxRate_val_3488,Date_val_3488
3489,Matrix Precision Engineering,VoucherNo_val_3489,Amount_val_3489,TaxRate_val_3489,Date_val_3489
3490,Matrix Precision Engineering,VoucherNo_val_3490,Amount_val_3490,TaxRate_val_3490,Date_val_3490
3491,Matrix Precision Engineering,VoucherNo_val_3491,Amount_val_3491,TaxRate_val_3491,Date_val_3491
3492,Matrix Precision Engineering,VoucherNo_val_3492,Amount_val_3492,TaxRate_val_3492,Date_val_3492
3493,Matrix Precision Engineering,VoucherNo_val_3493,Amount_val_3493,TaxRate_val_3493,Date_val_3493
3494,Matrix Precision Engineering,VoucherNo_val_3494,Amount_val_3494,TaxRate_val_3494,Date_val_3494
3495,Matrix Precision Engineering,VoucherNo_val_3495,Amount_val_3495,TaxRate_val_3495,Date_val_3495
3496,Matrix Precision Engineering,VoucherNo_val_3496,Amount_val_3496,TaxRate_val_3496,Date_val_3496
3497,Matrix Precision Engineering,VoucherNo_val_3497,Amount_val_3497,TaxRate_val_3497,Date_val_3497
3498,Matrix Precision Engineering,VoucherNo_val_3498,Amount_val_3498,TaxRate_val_3498,Date_val_3498
3499,Matrix Precision Engineering,VoucherNo_val_3499,Amount_val_3499,TaxRate_val_3499,Date_val_3499
3500,Matrix Precision Engineering,VoucherNo_val_3500,Amount_val_3500,TaxRate_val_3500,Date_val_3500
3501,Matrix Precision Engineering,VoucherNo_val_3501,Amount_val_3501,TaxRate_val_3501,Date_val_3501
3502,Matrix Precision Engineering,VoucherNo_val_3502,Amount_val_3502,TaxRate_val_3502,Date_val_3502
3503,Matrix Precision Engineering,VoucherNo_val_3503,Amount_val_3503,TaxRate_val_3503,Date_val_3503
3504,Matrix Precision Engineering,VoucherNo_val_3504,Amount_val_3504,TaxRate_val_3504,Date_val_3504
3505,Matrix Precision Engineering,VoucherNo_val_3505,Amount_val_3505,TaxRate_val_3505,Date_val_3505
3506,Matrix Precision Engineering,VoucherNo_val_3506,Amount_val_3506,TaxRate_val_3506,Date_val_3506
3507,Matrix Precision Engineering,VoucherNo_val_3507,Amount_val_3507,TaxRate_val_3507,Date_val_3507
3508,Matrix Precision Engineering,VoucherNo_val_3508,Amount_val_3508,TaxRate_val_3508,Date_val_3508
3509,Matrix Precision Engineering,VoucherNo_val_3509,Amount_val_3509,TaxRate_val_3509,Date_val_3509
3510,Matrix Precision Engineering,VoucherNo_val_3510,Amount_val_3510,TaxRate_val_3510,Date_val_3510
3511,Matrix Precision Engineering,VoucherNo_val_3511,Amount_val_3511,TaxRate_val_3511,Date_val_3511
3512,Matrix Precision Engineering,VoucherNo_val_3512,Amount_val_3512,TaxRate_val_3512,Date_val_3512
3513,Matrix Precision Engineering,VoucherNo_val_3513,Amount_val_3513,TaxRate_val_3513,Date_val_3513
3514,Matrix Precision Engineering,VoucherNo_val_3514,Amount_val_3514,TaxRate_val_3514,Date_val_3514
3515,Matrix Precision Engineering,VoucherNo_val_3515,Amount_val_3515,TaxRate_val_3515,Date_val_3515
3516,Matrix Precision Engineering,VoucherNo_val_3516,Amount_val_3516,TaxRate_val_3516,Date_val_3516
3517,Matrix Precision Engineering,VoucherNo_val_3517,Amount_val_3517,TaxRate_val_3517,Date_val_3517
3518,Matrix Precision Engineering,VoucherNo_val_3518,Amount_val_3518,TaxRate_val_3518,Date_val_3518
3519,Matrix Precision Engineering,VoucherNo_val_3519,Amount_val_3519,TaxRate_val_3519,Date_val_3519
3520,Matrix Precision Engineering,VoucherNo_val_3520,Amount_val_3520,TaxRate_val_3520,Date_val_3520
3521,Matrix Precision Engineering,VoucherNo_val_3521,Amount_val_3521,TaxRate_val_3521,Date_val_3521
3522,Matrix Precision Engineering,VoucherNo_val_3522,Amount_val_3522,TaxRate_val_3522,Date_val_3522
3523,Matrix Precision Engineering,VoucherNo_val_3523,Amount_val_3523,TaxRate_val_3523,Date_val_3523
3524,Matrix Precision Engineering,VoucherNo_val_3524,Amount_val_3524,TaxRate_val_3524,Date_val_3524
3525,Matrix Precision Engineering,VoucherNo_val_3525,Amount_val_3525,TaxRate_val_3525,Date_val_3525
3526,Matrix Precision Engineering,VoucherNo_val_3526,Amount_val_3526,TaxRate_val_3526,Date_val_3526
3527,Matrix Precision Engineering,VoucherNo_val_3527,Amount_val_3527,TaxRate_val_3527,Date_val_3527
3528,Matrix Precision Engineering,VoucherNo_val_3528,Amount_val_3528,TaxRate_val_3528,Date_val_3528
3529,Matrix Precision Engineering,VoucherNo_val_3529,Amount_val_3529,TaxRate_val_3529,Date_val_3529
3530,Matrix Precision Engineering,VoucherNo_val_3530,Amount_val_3530,TaxRate_val_3530,Date_val_3530
3531,Matrix Precision Engineering,VoucherNo_val_3531,Amount_val_3531,TaxRate_val_3531,Date_val_3531
3532,Matrix Precision Engineering,VoucherNo_val_3532,Amount_val_3532,TaxRate_val_3532,Date_val_3532
3533,Matrix Precision Engineering,VoucherNo_val_3533,Amount_val_3533,TaxRate_val_3533,Date_val_3533
3534,Matrix Precision Engineering,VoucherNo_val_3534,Amount_val_3534,TaxRate_val_3534,Date_val_3534
3535,Matrix Precision Engineering,VoucherNo_val_3535,Amount_val_3535,TaxRate_val_3535,Date_val_3535
3536,Matrix Precision Engineering,VoucherNo_val_3536,Amount_val_3536,TaxRate_val_3536,Date_val_3536
3537,Matrix Precision Engineering,VoucherNo_val_3537,Amount_val_3537,TaxRate_val_3537,Date_val_3537
3538,Matrix Precision Engineering,VoucherNo_val_3538,Amount_val_3538,TaxRate_val_3538,Date_val_3538
3539,Matrix Precision Engineering,VoucherNo_val_3539,Amount_val_3539,TaxRate_val_3539,Date_val_3539
3540,Matrix Precision Engineering,VoucherNo_val_3540,Amount_val_3540,TaxRate_val_3540,Date_val_3540
3541,Matrix Precision Engineering,VoucherNo_val_3541,Amount_val_3541,TaxRate_val_3541,Date_val_3541
3542,Matrix Precision Engineering,VoucherNo_val_3542,Amount_val_3542,TaxRate_val_3542,Date_val_3542
3543,Matrix Precision Engineering,VoucherNo_val_3543,Amount_val_3543,TaxRate_val_3543,Date_val_3543
3544,Matrix Precision Engineering,VoucherNo_val_3544,Amount_val_3544,TaxRate_val_3544,Date_val_3544
3545,Matrix Precision Engineering,VoucherNo_val_3545,Amount_val_3545,TaxRate_val_3545,Date_val_3545
3546,Matrix Precision Engineering,VoucherNo_val_3546,Amount_val_3546,TaxRate_val_3546,Date_val_3546
3547,Matrix Precision Engineering,VoucherNo_val_3547,Amount_val_3547,TaxRate_val_3547,Date_val_3547
3548,Matrix Precision Engineering,VoucherNo_val_3548,Amount_val_3548,TaxRate_val_3548,Date_val_3548
3549,Matrix Precision Engineering,VoucherNo_val_3549,Amount_val_3549,TaxRate_val_3549,Date_val_3549
3550,Matrix Precision Engineering,VoucherNo_val_3550,Amount_val_3550,TaxRate_val_3550,Date_val_3550
3551,Matrix Precision Engineering,VoucherNo_val_3551,Amount_val_3551,TaxRate_val_3551,Date_val_3551
3552,Matrix Precision Engineering,VoucherNo_val_3552,Amount_val_3552,TaxRate_val_3552,Date_val_3552
3553,Matrix Precision Engineering,VoucherNo_val_3553,Amount_val_3553,TaxRate_val_3553,Date_val_3553
3554,Matrix Precision Engineering,VoucherNo_val_3554,Amount_val_3554,TaxRate_val_3554,Date_val_3554
3555,Matrix Precision Engineering,VoucherNo_val_3555,Amount_val_3555,TaxRate_val_3555,Date_val_3555
3556,Matrix Precision Engineering,VoucherNo_val_3556,Amount_val_3556,TaxRate_val_3556,Date_val_3556
3557,Matrix Precision Engineering,VoucherNo_val_3557,Amount_val_3557,TaxRate_val_3557,Date_val_3557
3558,Matrix Precision Engineering,VoucherNo_val_3558,Amount_val_3558,TaxRate_val_3558,Date_val_3558
3559,Matrix Precision Engineering,VoucherNo_val_3559,Amount_val_3559,TaxRate_val_3559,Date_val_3559
3560,Matrix Precision Engineering,VoucherNo_val_3560,Amount_val_3560,TaxRate_val_3560,Date_val_3560
3561,Matrix Precision Engineering,VoucherNo_val_3561,Amount_val_3561,TaxRate_val_3561,Date_val_3561
3562,Matrix Precision Engineering,VoucherNo_val_3562,Amount_val_3562,TaxRate_val_3562,Date_val_3562
3563,Matrix Precision Engineering,VoucherNo_val_3563,Amount_val_3563,TaxRate_val_3563,Date_val_3563
3564,Matrix Precision Engineering,VoucherNo_val_3564,Amount_val_3564,TaxRate_val_3564,Date_val_3564
3565,Matrix Precision Engineering,VoucherNo_val_3565,Amount_val_3565,TaxRate_val_3565,Date_val_3565
3566,Matrix Precision Engineering,VoucherNo_val_3566,Amount_val_3566,TaxRate_val_3566,Date_val_3566
3567,Matrix Precision Engineering,VoucherNo_val_3567,Amount_val_3567,TaxRate_val_3567,Date_val_3567
3568,Matrix Precision Engineering,VoucherNo_val_3568,Amount_val_3568,TaxRate_val_3568,Date_val_3568
3569,Matrix Precision Engineering,VoucherNo_val_3569,Amount_val_3569,TaxRate_val_3569,Date_val_3569
3570,Matrix Precision Engineering,VoucherNo_val_3570,Amount_val_3570,TaxRate_val_3570,Date_val_3570
3571,Matrix Precision Engineering,VoucherNo_val_3571,Amount_val_3571,TaxRate_val_3571,Date_val_3571
3572,Matrix Precision Engineering,VoucherNo_val_3572,Amount_val_3572,TaxRate_val_3572,Date_val_3572
3573,Matrix Precision Engineering,VoucherNo_val_3573,Amount_val_3573,TaxRate_val_3573,Date_val_3573
3574,Matrix Precision Engineering,VoucherNo_val_3574,Amount_val_3574,TaxRate_val_3574,Date_val_3574
3575,Matrix Precision Engineering,VoucherNo_val_3575,Amount_val_3575,TaxRate_val_3575,Date_val_3575
3576,Matrix Precision Engineering,VoucherNo_val_3576,Amount_val_3576,TaxRate_val_3576,Date_val_3576
3577,Matrix Precision Engineering,VoucherNo_val_3577,Amount_val_3577,TaxRate_val_3577,Date_val_3577
3578,Matrix Precision Engineering,VoucherNo_val_3578,Amount_val_3578,TaxRate_val_3578,Date_val_3578
3579,Matrix Precision Engineering,VoucherNo_val_3579,Amount_val_3579,TaxRate_val_3579,Date_val_3579
3580,Matrix Precision Engineering,VoucherNo_val_3580,Amount_val_3580,TaxRate_val_3580,Date_val_3580
3581,Matrix Precision Engineering,VoucherNo_val_3581,Amount_val_3581,TaxRate_val_3581,Date_val_3581
3582,Matrix Precision Engineering,VoucherNo_val_3582,Amount_val_3582,TaxRate_val_3582,Date_val_3582
3583,Matrix Precision Engineering,VoucherNo_val_3583,Amount_val_3583,TaxRate_val_3583,Date_val_3583
3584,Matrix Precision Engineering,VoucherNo_val_3584,Amount_val_3584,TaxRate_val_3584,Date_val_3584
3585,Matrix Precision Engineering,VoucherNo_val_3585,Amount_val_3585,TaxRate_val_3585,Date_val_3585
3586,Matrix Precision Engineering,VoucherNo_val_3586,Amount_val_3586,TaxRate_val_3586,Date_val_3586
3587,Matrix Precision Engineering,VoucherNo_val_3587,Amount_val_3587,TaxRate_val_3587,Date_val_3587
3588,Matrix Precision Engineering,VoucherNo_val_3588,Amount_val_3588,TaxRate_val_3588,Date_val_3588
3589,Matrix Precision Engineering,VoucherNo_val_3589,Amount_val_3589,TaxRate_val_3589,Date_val_3589
3590,Matrix Precision Engineering,VoucherNo_val_3590,Amount_val_3590,TaxRate_val_3590,Date_val_3590
3591,Matrix Precision Engineering,VoucherNo_val_3591,Amount_val_3591,TaxRate_val_3591,Date_val_3591
3592,Matrix Precision Engineering,VoucherNo_val_3592,Amount_val_3592,TaxRate_val_3592,Date_val_3592
3593,Matrix Precision Engineering,VoucherNo_val_3593,Amount_val_3593,TaxRate_val_3593,Date_val_3593
3594,Matrix Precision Engineering,VoucherNo_val_3594,Amount_val_3594,TaxRate_val_3594,Date_val_3594
3595,Matrix Precision Engineering,VoucherNo_val_3595,Amount_val_3595,TaxRate_val_3595,Date_val_3595
3596,Matrix Precision Engineering,VoucherNo_val_3596,Amount_val_3596,TaxRate_val_3596,Date_val_3596
3597,Matrix Precision Engineering,VoucherNo_val_3597,Amount_val_3597,TaxRate_val_3597,Date_val_3597
3598,Matrix Precision Engineering,VoucherNo_val_3598,Amount_val_3598,TaxRate_val_3598,Date_val_3598
3599,Matrix Precision Engineering,VoucherNo_val_3599,Amount_val_3599,TaxRate_val_3599,Date_val_3599
3600,Matrix Precision Engineering,VoucherNo_val_3600,Amount_val_3600,TaxRate_val_3600,Date_val_3600
3601,Matrix Precision Engineering,VoucherNo_val_3601,Amount_val_3601,TaxRate_val_3601,Date_val_3601
3602,Matrix Precision Engineering,VoucherNo_val_3602,Amount_val_3602,TaxRate_val_3602,Date_val_3602
3603,Matrix Precision Engineering,VoucherNo_val_3603,Amount_val_3603,TaxRate_val_3603,Date_val_3603
3604,Matrix Precision Engineering,VoucherNo_val_3604,Amount_val_3604,TaxRate_val_3604,Date_val_3604
3605,Matrix Precision Engineering,VoucherNo_val_3605,Amount_val_3605,TaxRate_val_3605,Date_val_3605
3606,Matrix Precision Engineering,VoucherNo_val_3606,Amount_val_3606,TaxRate_val_3606,Date_val_3606
3607,Matrix Precision Engineering,VoucherNo_val_3607,Amount_val_3607,TaxRate_val_3607,Date_val_3607
3608,Matrix Precision Engineering,VoucherNo_val_3608,Amount_val_3608,TaxRate_val_3608,Date_val_3608
3609,Matrix Precision Engineering,VoucherNo_val_3609,Amount_val_3609,TaxRate_val_3609,Date_val_3609
3610,Matrix Precision Engineering,VoucherNo_val_3610,Amount_val_3610,TaxRate_val_3610,Date_val_3610
3611,Matrix Precision Engineering,VoucherNo_val_3611,Amount_val_3611,TaxRate_val_3611,Date_val_3611
3612,Matrix Precision Engineering,VoucherNo_val_3612,Amount_val_3612,TaxRate_val_3612,Date_val_3612
3613,Matrix Precision Engineering,VoucherNo_val_3613,Amount_val_3613,TaxRate_val_3613,Date_val_3613
3614,Matrix Precision Engineering,VoucherNo_val_3614,Amount_val_3614,TaxRate_val_3614,Date_val_3614
3615,Matrix Precision Engineering,VoucherNo_val_3615,Amount_val_3615,TaxRate_val_3615,Date_val_3615
3616,Matrix Precision Engineering,VoucherNo_val_3616,Amount_val_3616,TaxRate_val_3616,Date_val_3616
3617,Matrix Precision Engineering,VoucherNo_val_3617,Amount_val_3617,TaxRate_val_3617,Date_val_3617
3618,Matrix Precision Engineering,VoucherNo_val_3618,Amount_val_3618,TaxRate_val_3618,Date_val_3618
3619,Matrix Precision Engineering,VoucherNo_val_3619,Amount_val_3619,TaxRate_val_3619,Date_val_3619
3620,Matrix Precision Engineering,VoucherNo_val_3620,Amount_val_3620,TaxRate_val_3620,Date_val_3620
3621,Matrix Precision Engineering,VoucherNo_val_3621,Amount_val_3621,TaxRate_val_3621,Date_val_3621
3622,Matrix Precision Engineering,VoucherNo_val_3622,Amount_val_3622,TaxRate_val_3622,Date_val_3622
3623,Matrix Precision Engineering,VoucherNo_val_3623,Amount_val_3623,TaxRate_val_3623,Date_val_3623
3624,Matrix Precision Engineering,VoucherNo_val_3624,Amount_val_3624,TaxRate_val_3624,Date_val_3624
3625,Matrix Precision Engineering,VoucherNo_val_3625,Amount_val_3625,TaxRate_val_3625,Date_val_3625
3626,Matrix Precision Engineering,VoucherNo_val_3626,Amount_val_3626,TaxRate_val_3626,Date_val_3626
3627,Matrix Precision Engineering,VoucherNo_val_3627,Amount_val_3627,TaxRate_val_3627,Date_val_3627
3628,Matrix Precision Engineering,VoucherNo_val_3628,Amount_val_3628,TaxRate_val_3628,Date_val_3628
3629,Matrix Precision Engineering,VoucherNo_val_3629,Amount_val_3629,TaxRate_val_3629,Date_val_3629
3630,Matrix Precision Engineering,VoucherNo_val_3630,Amount_val_3630,TaxRate_val_3630,Date_val_3630
3631,Matrix Precision Engineering,VoucherNo_val_3631,Amount_val_3631,TaxRate_val_3631,Date_val_3631
3632,Matrix Precision Engineering,VoucherNo_val_3632,Amount_val_3632,TaxRate_val_3632,Date_val_3632
3633,Matrix Precision Engineering,VoucherNo_val_3633,Amount_val_3633,TaxRate_val_3633,Date_val_3633
3634,Matrix Precision Engineering,VoucherNo_val_3634,Amount_val_3634,TaxRate_val_3634,Date_val_3634
3635,Matrix Precision Engineering,VoucherNo_val_3635,Amount_val_3635,TaxRate_val_3635,Date_val_3635
3636,Matrix Precision Engineering,VoucherNo_val_3636,Amount_val_3636,TaxRate_val_3636,Date_val_3636
3637,Matrix Precision Engineering,VoucherNo_val_3637,Amount_val_3637,TaxRate_val_3637,Date_val_3637
3638,Matrix Precision Engineering,VoucherNo_val_3638,Amount_val_3638,TaxRate_val_3638,Date_val_3638
3639,Matrix Precision Engineering,VoucherNo_val_3639,Amount_val_3639,TaxRate_val_3639,Date_val_3639
3640,Matrix Precision Engineering,VoucherNo_val_3640,Amount_val_3640,TaxRate_val_3640,Date_val_3640
3641,Matrix Precision Engineering,VoucherNo_val_3641,Amount_val_3641,TaxRate_val_3641,Date_val_3641
3642,Matrix Precision Engineering,VoucherNo_val_3642,Amount_val_3642,TaxRate_val_3642,Date_val_3642
3643,Matrix Precision Engineering,VoucherNo_val_3643,Amount_val_3643,TaxRate_val_3643,Date_val_3643
3644,Matrix Precision Engineering,VoucherNo_val_3644,Amount_val_3644,TaxRate_val_3644,Date_val_3644
3645,Matrix Precision Engineering,VoucherNo_val_3645,Amount_val_3645,TaxRate_val_3645,Date_val_3645
3646,Matrix Precision Engineering,VoucherNo_val_3646,Amount_val_3646,TaxRate_val_3646,Date_val_3646
3647,Matrix Precision Engineering,VoucherNo_val_3647,Amount_val_3647,TaxRate_val_3647,Date_val_3647
3648,Matrix Precision Engineering,VoucherNo_val_3648,Amount_val_3648,TaxRate_val_3648,Date_val_3648
3649,Matrix Precision Engineering,VoucherNo_val_3649,Amount_val_3649,TaxRate_val_3649,Date_val_3649
3650,Matrix Precision Engineering,VoucherNo_val_3650,Amount_val_3650,TaxRate_val_3650,Date_val_3650
3651,Matrix Precision Engineering,VoucherNo_val_3651,Amount_val_3651,TaxRate_val_3651,Date_val_3651
3652,Matrix Precision Engineering,VoucherNo_val_3652,Amount_val_3652,TaxRate_val_3652,Date_val_3652
3653,Matrix Precision Engineering,VoucherNo_val_3653,Amount_val_3653,TaxRate_val_3653,Date_val_3653
3654,Matrix Precision Engineering,VoucherNo_val_3654,Amount_val_3654,TaxRate_val_3654,Date_val_3654
3655,Matrix Precision Engineering,VoucherNo_val_3655,Amount_val_3655,TaxRate_val_3655,Date_val_3655
3656,Matrix Precision Engineering,VoucherNo_val_3656,Amount_val_3656,TaxRate_val_3656,Date_val_3656
3657,Matrix Precision Engineering,VoucherNo_val_3657,Amount_val_3657,TaxRate_val_3657,Date_val_3657
3658,Matrix Precision Engineering,VoucherNo_val_3658,Amount_val_3658,TaxRate_val_3658,Date_val_3658
3659,Matrix Precision Engineering,VoucherNo_val_3659,Amount_val_3659,TaxRate_val_3659,Date_val_3659
3660,Matrix Precision Engineering,VoucherNo_val_3660,Amount_val_3660,TaxRate_val_3660,Date_val_3660
3661,Matrix Precision Engineering,VoucherNo_val_3661,Amount_val_3661,TaxRate_val_3661,Date_val_3661
3662,Matrix Precision Engineering,VoucherNo_val_3662,Amount_val_3662,TaxRate_val_3662,Date_val_3662
3663,Matrix Precision Engineering,VoucherNo_val_3663,Amount_val_3663,TaxRate_val_3663,Date_val_3663
3664,Matrix Precision Engineering,VoucherNo_val_3664,Amount_val_3664,TaxRate_val_3664,Date_val_3664
3665,Matrix Precision Engineering,VoucherNo_val_3665,Amount_val_3665,TaxRate_val_3665,Date_val_3665
3666,Matrix Precision Engineering,VoucherNo_val_3666,Amount_val_3666,TaxRate_val_3666,Date_val_3666
3667,Matrix Precision Engineering,VoucherNo_val_3667,Amount_val_3667,TaxRate_val_3667,Date_val_3667
3668,Matrix Precision Engineering,VoucherNo_val_3668,Amount_val_3668,TaxRate_val_3668,Date_val_3668
3669,Matrix Precision Engineering,VoucherNo_val_3669,Amount_val_3669,TaxRate_val_3669,Date_val_3669
3670,Matrix Precision Engineering,VoucherNo_val_3670,Amount_val_3670,TaxRate_val_3670,Date_val_3670
3671,Matrix Precision Engineering,VoucherNo_val_3671,Amount_val_3671,TaxRate_val_3671,Date_val_3671
3672,Matrix Precision Engineering,VoucherNo_val_3672,Amount_val_3672,TaxRate_val_3672,Date_val_3672
3673,Matrix Precision Engineering,VoucherNo_val_3673,Amount_val_3673,TaxRate_val_3673,Date_val_3673
3674,Matrix Precision Engineering,VoucherNo_val_3674,Amount_val_3674,TaxRate_val_3674,Date_val_3674
3675,Matrix Precision Engineering,VoucherNo_val_3675,Amount_val_3675,TaxRate_val_3675,Date_val_3675
3676,Matrix Precision Engineering,VoucherNo_val_3676,Amount_val_3676,TaxRate_val_3676,Date_val_3676
3677,Matrix Precision Engineering,VoucherNo_val_3677,Amount_val_3677,TaxRate_val_3677,Date_val_3677
3678,Matrix Precision Engineering,VoucherNo_val_3678,Amount_val_3678,TaxRate_val_3678,Date_val_3678
3679,Matrix Precision Engineering,VoucherNo_val_3679,Amount_val_3679,TaxRate_val_3679,Date_val_3679
3680,Matrix Precision Engineering,VoucherNo_val_3680,Amount_val_3680,TaxRate_val_3680,Date_val_3680
3681,Matrix Precision Engineering,VoucherNo_val_3681,Amount_val_3681,TaxRate_val_3681,Date_val_3681
3682,Matrix Precision Engineering,VoucherNo_val_3682,Amount_val_3682,TaxRate_val_3682,Date_val_3682
3683,Matrix Precision Engineering,VoucherNo_val_3683,Amount_val_3683,TaxRate_val_3683,Date_val_3683
3684,Matrix Precision Engineering,VoucherNo_val_3684,Amount_val_3684,TaxRate_val_3684,Date_val_3684
3685,Matrix Precision Engineering,VoucherNo_val_3685,Amount_val_3685,TaxRate_val_3685,Date_val_3685
3686,Matrix Precision Engineering,VoucherNo_val_3686,Amount_val_3686,TaxRate_val_3686,Date_val_3686
3687,Matrix Precision Engineering,VoucherNo_val_3687,Amount_val_3687,TaxRate_val_3687,Date_val_3687
3688,Matrix Precision Engineering,VoucherNo_val_3688,Amount_val_3688,TaxRate_val_3688,Date_val_3688
3689,Matrix Precision Engineering,VoucherNo_val_3689,Amount_val_3689,TaxRate_val_3689,Date_val_3689
3690,Matrix Precision Engineering,VoucherNo_val_3690,Amount_val_3690,TaxRate_val_3690,Date_val_3690
3691,Matrix Precision Engineering,VoucherNo_val_3691,Amount_val_3691,TaxRate_val_3691,Date_val_3691
3692,Matrix Precision Engineering,VoucherNo_val_3692,Amount_val_3692,TaxRate_val_3692,Date_val_3692
3693,Matrix Precision Engineering,VoucherNo_val_3693,Amount_val_3693,TaxRate_val_3693,Date_val_3693
3694,Matrix Precision Engineering,VoucherNo_val_3694,Amount_val_3694,TaxRate_val_3694,Date_val_3694
3695,Matrix Precision Engineering,VoucherNo_val_3695,Amount_val_3695,TaxRate_val_3695,Date_val_3695
3696,Matrix Precision Engineering,VoucherNo_val_3696,Amount_val_3696,TaxRate_val_3696,Date_val_3696
3697,Matrix Precision Engineering,VoucherNo_val_3697,Amount_val_3697,TaxRate_val_3697,Date_val_3697
3698,Matrix Precision Engineering,VoucherNo_val_3698,Amount_val_3698,TaxRate_val_3698,Date_val_3698
3699,Matrix Precision Engineering,VoucherNo_val_3699,Amount_val_3699,TaxRate_val_3699,Date_val_3699
3700,Matrix Precision Engineering,VoucherNo_val_3700,Amount_val_3700,TaxRate_val_3700,Date_val_3700
3701,Matrix Precision Engineering,VoucherNo_val_3701,Amount_val_3701,TaxRate_val_3701,Date_val_3701
3702,Matrix Precision Engineering,VoucherNo_val_3702,Amount_val_3702,TaxRate_val_3702,Date_val_3702
3703,Matrix Precision Engineering,VoucherNo_val_3703,Amount_val_3703,TaxRate_val_3703,Date_val_3703
3704,Matrix Precision Engineering,VoucherNo_val_3704,Amount_val_3704,TaxRate_val_3704,Date_val_3704
3705,Matrix Precision Engineering,VoucherNo_val_3705,Amount_val_3705,TaxRate_val_3705,Date_val_3705
3706,Matrix Precision Engineering,VoucherNo_val_3706,Amount_val_3706,TaxRate_val_3706,Date_val_3706
3707,Matrix Precision Engineering,VoucherNo_val_3707,Amount_val_3707,TaxRate_val_3707,Date_val_3707
3708,Matrix Precision Engineering,VoucherNo_val_3708,Amount_val_3708,TaxRate_val_3708,Date_val_3708
3709,Matrix Precision Engineering,VoucherNo_val_3709,Amount_val_3709,TaxRate_val_3709,Date_val_3709
3710,Matrix Precision Engineering,VoucherNo_val_3710,Amount_val_3710,TaxRate_val_3710,Date_val_3710
3711,Matrix Precision Engineering,VoucherNo_val_3711,Amount_val_3711,TaxRate_val_3711,Date_val_3711
3712,Matrix Precision Engineering,VoucherNo_val_3712,Amount_val_3712,TaxRate_val_3712,Date_val_3712
3713,Matrix Precision Engineering,VoucherNo_val_3713,Amount_val_3713,TaxRate_val_3713,Date_val_3713
3714,Matrix Precision Engineering,VoucherNo_val_3714,Amount_val_3714,TaxRate_val_3714,Date_val_3714
3715,Matrix Precision Engineering,VoucherNo_val_3715,Amount_val_3715,TaxRate_val_3715,Date_val_3715
3716,Matrix Precision Engineering,VoucherNo_val_3716,Amount_val_3716,TaxRate_val_3716,Date_val_3716
3717,Matrix Precision Engineering,VoucherNo_val_3717,Amount_val_3717,TaxRate_val_3717,Date_val_3717
3718,Matrix Precision Engineering,VoucherNo_val_3718,Amount_val_3718,TaxRate_val_3718,Date_val_3718
3719,Matrix Precision Engineering,VoucherNo_val_3719,Amount_val_3719,TaxRate_val_3719,Date_val_3719
3720,Matrix Precision Engineering,VoucherNo_val_3720,Amount_val_3720,TaxRate_val_3720,Date_val_3720
3721,Matrix Precision Engineering,VoucherNo_val_3721,Amount_val_3721,TaxRate_val_3721,Date_val_3721
3722,Matrix Precision Engineering,VoucherNo_val_3722,Amount_val_3722,TaxRate_val_3722,Date_val_3722
3723,Matrix Precision Engineering,VoucherNo_val_3723,Amount_val_3723,TaxRate_val_3723,Date_val_3723
3724,Matrix Precision Engineering,VoucherNo_val_3724,Amount_val_3724,TaxRate_val_3724,Date_val_3724
3725,Matrix Precision Engineering,VoucherNo_val_3725,Amount_val_3725,TaxRate_val_3725,Date_val_3725
3726,Matrix Precision Engineering,VoucherNo_val_3726,Amount_val_3726,TaxRate_val_3726,Date_val_3726
3727,Matrix Precision Engineering,VoucherNo_val_3727,Amount_val_3727,TaxRate_val_3727,Date_val_3727
3728,Matrix Precision Engineering,VoucherNo_val_3728,Amount_val_3728,TaxRate_val_3728,Date_val_3728
3729,Matrix Precision Engineering,VoucherNo_val_3729,Amount_val_3729,TaxRate_val_3729,Date_val_3729
3730,Matrix Precision Engineering,VoucherNo_val_3730,Amount_val_3730,TaxRate_val_3730,Date_val_3730
3731,Matrix Precision Engineering,VoucherNo_val_3731,Amount_val_3731,TaxRate_val_3731,Date_val_3731
3732,Matrix Precision Engineering,VoucherNo_val_3732,Amount_val_3732,TaxRate_val_3732,Date_val_3732
3733,Matrix Precision Engineering,VoucherNo_val_3733,Amount_val_3733,TaxRate_val_3733,Date_val_3733
3734,Matrix Precision Engineering,VoucherNo_val_3734,Amount_val_3734,TaxRate_val_3734,Date_val_3734
3735,Matrix Precision Engineering,VoucherNo_val_3735,Amount_val_3735,TaxRate_val_3735,Date_val_3735
3736,Matrix Precision Engineering,VoucherNo_val_3736,Amount_val_3736,TaxRate_val_3736,Date_val_3736
3737,Matrix Precision Engineering,VoucherNo_val_3737,Amount_val_3737,TaxRate_val_3737,Date_val_3737
3738,Matrix Precision Engineering,VoucherNo_val_3738,Amount_val_3738,TaxRate_val_3738,Date_val_3738
3739,Matrix Precision Engineering,VoucherNo_val_3739,Amount_val_3739,TaxRate_val_3739,Date_val_3739
3740,Matrix Precision Engineering,VoucherNo_val_3740,Amount_val_3740,TaxRate_val_3740,Date_val_3740
3741,Matrix Precision Engineering,VoucherNo_val_3741,Amount_val_3741,TaxRate_val_3741,Date_val_3741
3742,Matrix Precision Engineering,VoucherNo_val_3742,Amount_val_3742,TaxRate_val_3742,Date_val_3742
3743,Matrix Precision Engineering,VoucherNo_val_3743,Amount_val_3743,TaxRate_val_3743,Date_val_3743
3744,Matrix Precision Engineering,VoucherNo_val_3744,Amount_val_3744,TaxRate_val_3744,Date_val_3744
3745,Matrix Precision Engineering,VoucherNo_val_3745,Amount_val_3745,TaxRate_val_3745,Date_val_3745
3746,Matrix Precision Engineering,VoucherNo_val_3746,Amount_val_3746,TaxRate_val_3746,Date_val_3746
3747,Matrix Precision Engineering,VoucherNo_val_3747,Amount_val_3747,TaxRate_val_3747,Date_val_3747
3748,Matrix Precision Engineering,VoucherNo_val_3748,Amount_val_3748,TaxRate_val_3748,Date_val_3748
3749,Matrix Precision Engineering,VoucherNo_val_3749,Amount_val_3749,TaxRate_val_3749,Date_val_3749
3750,Matrix Precision Engineering,VoucherNo_val_3750,Amount_val_3750,TaxRate_val_3750,Date_val_3750
3751,Matrix Precision Engineering,VoucherNo_val_3751,Amount_val_3751,TaxRate_val_3751,Date_val_3751
3752,Matrix Precision Engineering,VoucherNo_val_3752,Amount_val_3752,TaxRate_val_3752,Date_val_3752
3753,Matrix Precision Engineering,VoucherNo_val_3753,Amount_val_3753,TaxRate_val_3753,Date_val_3753
3754,Matrix Precision Engineering,VoucherNo_val_3754,Amount_val_3754,TaxRate_val_3754,Date_val_3754
3755,Matrix Precision Engineering,VoucherNo_val_3755,Amount_val_3755,TaxRate_val_3755,Date_val_3755
3756,Matrix Precision Engineering,VoucherNo_val_3756,Amount_val_3756,TaxRate_val_3756,Date_val_3756
3757,Matrix Precision Engineering,VoucherNo_val_3757,Amount_val_3757,TaxRate_val_3757,Date_val_3757
3758,Matrix Precision Engineering,VoucherNo_val_3758,Amount_val_3758,TaxRate_val_3758,Date_val_3758
3759,Matrix Precision Engineering,VoucherNo_val_3759,Amount_val_3759,TaxRate_val_3759,Date_val_3759
3760,Matrix Precision Engineering,VoucherNo_val_3760,Amount_val_3760,TaxRate_val_3760,Date_val_3760
3761,Matrix Precision Engineering,VoucherNo_val_3761,Amount_val_3761,TaxRate_val_3761,Date_val_3761
3762,Matrix Precision Engineering,VoucherNo_val_3762,Amount_val_3762,TaxRate_val_3762,Date_val_3762
3763,Matrix Precision Engineering,VoucherNo_val_3763,Amount_val_3763,TaxRate_val_3763,Date_val_3763
3764,Matrix Precision Engineering,VoucherNo_val_3764,Amount_val_3764,TaxRate_val_3764,Date_val_3764
3765,Matrix Precision Engineering,VoucherNo_val_3765,Amount_val_3765,TaxRate_val_3765,Date_val_3765
3766,Matrix Precision Engineering,VoucherNo_val_3766,Amount_val_3766,TaxRate_val_3766,Date_val_3766
3767,Matrix Precision Engineering,VoucherNo_val_3767,Amount_val_3767,TaxRate_val_3767,Date_val_3767
3768,Matrix Precision Engineering,VoucherNo_val_3768,Amount_val_3768,TaxRate_val_3768,Date_val_3768
3769,Matrix Precision Engineering,VoucherNo_val_3769,Amount_val_3769,TaxRate_val_3769,Date_val_3769
3770,Matrix Precision Engineering,VoucherNo_val_3770,Amount_val_3770,TaxRate_val_3770,Date_val_3770
3771,Matrix Precision Engineering,VoucherNo_val_3771,Amount_val_3771,TaxRate_val_3771,Date_val_3771
3772,Matrix Precision Engineering,VoucherNo_val_3772,Amount_val_3772,TaxRate_val_3772,Date_val_3772
3773,Matrix Precision Engineering,VoucherNo_val_3773,Amount_val_3773,TaxRate_val_3773,Date_val_3773
3774,Matrix Precision Engineering,VoucherNo_val_3774,Amount_val_3774,TaxRate_val_3774,Date_val_3774
3775,Matrix Precision Engineering,VoucherNo_val_3775,Amount_val_3775,TaxRate_val_3775,Date_val_3775
3776,Matrix Precision Engineering,VoucherNo_val_3776,Amount_val_3776,TaxRate_val_3776,Date_val_3776
3777,Matrix Precision Engineering,VoucherNo_val_3777,Amount_val_3777,TaxRate_val_3777,Date_val_3777
3778,Matrix Precision Engineering,VoucherNo_val_3778,Amount_val_3778,TaxRate_val_3778,Date_val_3778
3779,Matrix Precision Engineering,VoucherNo_val_3779,Amount_val_3779,TaxRate_val_3779,Date_val_3779
3780,Matrix Precision Engineering,VoucherNo_val_3780,Amount_val_3780,TaxRate_val_3780,Date_val_3780
3781,Matrix Precision Engineering,VoucherNo_val_3781,Amount_val_3781,TaxRate_val_3781,Date_val_3781
3782,Matrix Precision Engineering,VoucherNo_val_3782,Amount_val_3782,TaxRate_val_3782,Date_val_3782
3783,Matrix Precision Engineering,VoucherNo_val_3783,Amount_val_3783,TaxRate_val_3783,Date_val_3783
3784,Matrix Precision Engineering,VoucherNo_val_3784,Amount_val_3784,TaxRate_val_3784,Date_val_3784
3785,Matrix Precision Engineering,VoucherNo_val_3785,Amount_val_3785,TaxRate_val_3785,Date_val_3785
3786,Matrix Precision Engineering,VoucherNo_val_3786,Amount_val_3786,TaxRate_val_3786,Date_val_3786
3787,Matrix Precision Engineering,VoucherNo_val_3787,Amount_val_3787,TaxRate_val_3787,Date_val_3787
3788,Matrix Precision Engineering,VoucherNo_val_3788,Amount_val_3788,TaxRate_val_3788,Date_val_3788
3789,Matrix Precision Engineering,VoucherNo_val_3789,Amount_val_3789,TaxRate_val_3789,Date_val_3789
3790,Matrix Precision Engineering,VoucherNo_val_3790,Amount_val_3790,TaxRate_val_3790,Date_val_3790
3791,Matrix Precision Engineering,VoucherNo_val_3791,Amount_val_3791,TaxRate_val_3791,Date_val_3791
3792,Matrix Precision Engineering,VoucherNo_val_3792,Amount_val_3792,TaxRate_val_3792,Date_val_3792
3793,Matrix Precision Engineering,VoucherNo_val_3793,Amount_val_3793,TaxRate_val_3793,Date_val_3793
3794,Matrix Precision Engineering,VoucherNo_val_3794,Amount_val_3794,TaxRate_val_3794,Date_val_3794
3795,Matrix Precision Engineering,VoucherNo_val_3795,Amount_val_3795,TaxRate_val_3795,Date_val_3795
3796,Matrix Precision Engineering,VoucherNo_val_3796,Amount_val_3796,TaxRate_val_3796,Date_val_3796
3797,Matrix Precision Engineering,VoucherNo_val_3797,Amount_val_3797,TaxRate_val_3797,Date_val_3797
3798,Matrix Precision Engineering,VoucherNo_val_3798,Amount_val_3798,TaxRate_val_3798,Date_val_3798
3799,Matrix Precision Engineering,VoucherNo_val_3799,Amount_val_3799,TaxRate_val_3799,Date_val_3799
3800,Matrix Precision Engineering,VoucherNo_val_3800,Amount_val_3800,TaxRate_val_3800,Date_val_3800
3801,Matrix Precision Engineering,VoucherNo_val_3801,Amount_val_3801,TaxRate_val_3801,Date_val_3801
3802,Matrix Precision Engineering,VoucherNo_val_3802,Amount_val_3802,TaxRate_val_3802,Date_val_3802
3803,Matrix Precision Engineering,VoucherNo_val_3803,Amount_val_3803,TaxRate_val_3803,Date_val_3803
3804,Matrix Precision Engineering,VoucherNo_val_3804,Amount_val_3804,TaxRate_val_3804,Date_val_3804
3805,Matrix Precision Engineering,VoucherNo_val_3805,Amount_val_3805,TaxRate_val_3805,Date_val_3805
3806,Matrix Precision Engineering,VoucherNo_val_3806,Amount_val_3806,TaxRate_val_3806,Date_val_3806
3807,Matrix Precision Engineering,VoucherNo_val_3807,Amount_val_3807,TaxRate_val_3807,Date_val_3807
3808,Matrix Precision Engineering,VoucherNo_val_3808,Amount_val_3808,TaxRate_val_3808,Date_val_3808
3809,Matrix Precision Engineering,VoucherNo_val_3809,Amount_val_3809,TaxRate_val_3809,Date_val_3809
3810,Matrix Precision Engineering,VoucherNo_val_3810,Amount_val_3810,TaxRate_val_3810,Date_val_3810
3811,Matrix Precision Engineering,VoucherNo_val_3811,Amount_val_3811,TaxRate_val_3811,Date_val_3811
3812,Matrix Precision Engineering,VoucherNo_val_3812,Amount_val_3812,TaxRate_val_3812,Date_val_3812
3813,Matrix Precision Engineering,VoucherNo_val_3813,Amount_val_3813,TaxRate_val_3813,Date_val_3813
3814,Matrix Precision Engineering,VoucherNo_val_3814,Amount_val_3814,TaxRate_val_3814,Date_val_3814
3815,Matrix Precision Engineering,VoucherNo_val_3815,Amount_val_3815,TaxRate_val_3815,Date_val_3815
3816,Matrix Precision Engineering,VoucherNo_val_3816,Amount_val_3816,TaxRate_val_3816,Date_val_3816
3817,Matrix Precision Engineering,VoucherNo_val_3817,Amount_val_3817,TaxRate_val_3817,Date_val_3817
3818,Matrix Precision Engineering,VoucherNo_val_3818,Amount_val_3818,TaxRate_val_3818,Date_val_3818
3819,Matrix Precision Engineering,VoucherNo_val_3819,Amount_val_3819,TaxRate_val_3819,Date_val_3819
3820,Matrix Precision Engineering,VoucherNo_val_3820,Amount_val_3820,TaxRate_val_3820,Date_val_3820
3821,Matrix Precision Engineering,VoucherNo_val_3821,Amount_val_3821,TaxRate_val_3821,Date_val_3821
3822,Matrix Precision Engineering,VoucherNo_val_3822,Amount_val_3822,TaxRate_val_3822,Date_val_3822
3823,Matrix Precision Engineering,VoucherNo_val_3823,Amount_val_3823,TaxRate_val_3823,Date_val_3823
3824,Matrix Precision Engineering,VoucherNo_val_3824,Amount_val_3824,TaxRate_val_3824,Date_val_3824
3825,Matrix Precision Engineering,VoucherNo_val_3825,Amount_val_3825,TaxRate_val_3825,Date_val_3825
3826,Matrix Precision Engineering,VoucherNo_val_3826,Amount_val_3826,TaxRate_val_3826,Date_val_3826
3827,Matrix Precision Engineering,VoucherNo_val_3827,Amount_val_3827,TaxRate_val_3827,Date_val_3827
3828,Matrix Precision Engineering,VoucherNo_val_3828,Amount_val_3828,TaxRate_val_3828,Date_val_3828
3829,Matrix Precision Engineering,VoucherNo_val_3829,Amount_val_3829,TaxRate_val_3829,Date_val_3829
3830,Matrix Precision Engineering,VoucherNo_val_3830,Amount_val_3830,TaxRate_val_3830,Date_val_3830
3831,Matrix Precision Engineering,VoucherNo_val_3831,Amount_val_3831,TaxRate_val_3831,Date_val_3831
3832,Matrix Precision Engineering,VoucherNo_val_3832,Amount_val_3832,TaxRate_val_3832,Date_val_3832
3833,Matrix Precision Engineering,VoucherNo_val_3833,Amount_val_3833,TaxRate_val_3833,Date_val_3833
3834,Matrix Precision Engineering,VoucherNo_val_3834,Amount_val_3834,TaxRate_val_3834,Date_val_3834
3835,Matrix Precision Engineering,VoucherNo_val_3835,Amount_val_3835,TaxRate_val_3835,Date_val_3835
3836,Matrix Precision Engineering,VoucherNo_val_3836,Amount_val_3836,TaxRate_val_3836,Date_val_3836
3837,Matrix Precision Engineering,VoucherNo_val_3837,Amount_val_3837,TaxRate_val_3837,Date_val_3837
3838,Matrix Precision Engineering,VoucherNo_val_3838,Amount_val_3838,TaxRate_val_3838,Date_val_3838
3839,Matrix Precision Engineering,VoucherNo_val_3839,Amount_val_3839,TaxRate_val_3839,Date_val_3839
3840,Matrix Precision Engineering,VoucherNo_val_3840,Amount_val_3840,TaxRate_val_3840,Date_val_3840
3841,Matrix Precision Engineering,VoucherNo_val_3841,Amount_val_3841,TaxRate_val_3841,Date_val_3841
3842,Matrix Precision Engineering,VoucherNo_val_3842,Amount_val_3842,TaxRate_val_3842,Date_val_3842
3843,Matrix Precision Engineering,VoucherNo_val_3843,Amount_val_3843,TaxRate_val_3843,Date_val_3843
3844,Matrix Precision Engineering,VoucherNo_val_3844,Amount_val_3844,TaxRate_val_3844,Date_val_3844
3845,Matrix Precision Engineering,VoucherNo_val_3845,Amount_val_3845,TaxRate_val_3845,Date_val_3845
3846,Matrix Precision Engineering,VoucherNo_val_3846,Amount_val_3846,TaxRate_val_3846,Date_val_3846
3847,Matrix Precision Engineering,VoucherNo_val_3847,Amount_val_3847,TaxRate_val_3847,Date_val_3847
3848,Matrix Precision Engineering,VoucherNo_val_3848,Amount_val_3848,TaxRate_val_3848,Date_val_3848
3849,Matrix Precision Engineering,VoucherNo_val_3849,Amount_val_3849,TaxRate_val_3849,Date_val_3849
3850,Matrix Precision Engineering,VoucherNo_val_3850,Amount_val_3850,TaxRate_val_3850,Date_val_3850
3851,Matrix Precision Engineering,VoucherNo_val_3851,Amount_val_3851,TaxRate_val_3851,Date_val_3851
3852,Matrix Precision Engineering,VoucherNo_val_3852,Amount_val_3852,TaxRate_val_3852,Date_val_3852
3853,Matrix Precision Engineering,VoucherNo_val_3853,Amount_val_3853,TaxRate_val_3853,Date_val_3853
3854,Matrix Precision Engineering,VoucherNo_val_3854,Amount_val_3854,TaxRate_val_3854,Date_val_3854
3855,Matrix Precision Engineering,VoucherNo_val_3855,Amount_val_3855,TaxRate_val_3855,Date_val_3855
3856,Matrix Precision Engineering,VoucherNo_val_3856,Amount_val_3856,TaxRate_val_3856,Date_val_3856
3857,Matrix Precision Engineering,VoucherNo_val_3857,Amount_val_3857,TaxRate_val_3857,Date_val_3857
3858,Matrix Precision Engineering,VoucherNo_val_3858,Amount_val_3858,TaxRate_val_3858,Date_val_3858
3859,Matrix Precision Engineering,VoucherNo_val_3859,Amount_val_3859,TaxRate_val_3859,Date_val_3859
3860,Matrix Precision Engineering,VoucherNo_val_3860,Amount_val_3860,TaxRate_val_3860,Date_val_3860
3861,Matrix Precision Engineering,VoucherNo_val_3861,Amount_val_3861,TaxRate_val_3861,Date_val_3861
3862,Matrix Precision Engineering,VoucherNo_val_3862,Amount_val_3862,TaxRate_val_3862,Date_val_3862
3863,Matrix Precision Engineering,VoucherNo_val_3863,Amount_val_3863,TaxRate_val_3863,Date_val_3863
3864,Matrix Precision Engineering,VoucherNo_val_3864,Amount_val_3864,TaxRate_val_3864,Date_val_3864
3865,Matrix Precision Engineering,VoucherNo_val_3865,Amount_val_3865,TaxRate_val_3865,Date_val_3865
3866,Matrix Precision Engineering,VoucherNo_val_3866,Amount_val_3866,TaxRate_val_3866,Date_val_3866
3867,Matrix Precision Engineering,VoucherNo_val_3867,Amount_val_3867,TaxRate_val_3867,Date_val_3867
3868,Matrix Precision Engineering,VoucherNo_val_3868,Amount_val_3868,TaxRate_val_3868,Date_val_3868
3869,Matrix Precision Engineering,VoucherNo_val_3869,Amount_val_3869,TaxRate_val_3869,Date_val_3869
3870,Matrix Precision Engineering,VoucherNo_val_3870,Amount_val_3870,TaxRate_val_3870,Date_val_3870
3871,Matrix Precision Engineering,VoucherNo_val_3871,Amount_val_3871,TaxRate_val_3871,Date_val_3871
3872,Matrix Precision Engineering,VoucherNo_val_3872,Amount_val_3872,TaxRate_val_3872,Date_val_3872
3873,Matrix Precision Engineering,VoucherNo_val_3873,Amount_val_3873,TaxRate_val_3873,Date_val_3873
3874,Matrix Precision Engineering,VoucherNo_val_3874,Amount_val_3874,TaxRate_val_3874,Date_val_3874
3875,Matrix Precision Engineering,VoucherNo_val_3875,Amount_val_3875,TaxRate_val_3875,Date_val_3875
3876,Matrix Precision Engineering,VoucherNo_val_3876,Amount_val_3876,TaxRate_val_3876,Date_val_3876
3877,Matrix Precision Engineering,VoucherNo_val_3877,Amount_val_3877,TaxRate_val_3877,Date_val_3877
3878,Matrix Precision Engineering,VoucherNo_val_3878,Amount_val_3878,TaxRate_val_3878,Date_val_3878
3879,Matrix Precision Engineering,VoucherNo_val_3879,Amount_val_3879,TaxRate_val_3879,Date_val_3879
3880,Matrix Precision Engineering,VoucherNo_val_3880,Amount_val_3880,TaxRate_val_3880,Date_val_3880
3881,Matrix Precision Engineering,VoucherNo_val_3881,Amount_val_3881,TaxRate_val_3881,Date_val_3881
3882,Matrix Precision Engineering,VoucherNo_val_3882,Amount_val_3882,TaxRate_val_3882,Date_val_3882
3883,Matrix Precision Engineering,VoucherNo_val_3883,Amount_val_3883,TaxRate_val_3883,Date_val_3883
3884,Matrix Precision Engineering,VoucherNo_val_3884,Amount_val_3884,TaxRate_val_3884,Date_val_3884
3885,Matrix Precision Engineering,VoucherNo_val_3885,Amount_val_3885,TaxRate_val_3885,Date_val_3885
3886,Matrix Precision Engineering,VoucherNo_val_3886,Amount_val_3886,TaxRate_val_3886,Date_val_3886
3887,Matrix Precision Engineering,VoucherNo_val_3887,Amount_val_3887,TaxRate_val_3887,Date_val_3887
3888,Matrix Precision Engineering,VoucherNo_val_3888,Amount_val_3888,TaxRate_val_3888,Date_val_3888
3889,Matrix Precision Engineering,VoucherNo_val_3889,Amount_val_3889,TaxRate_val_3889,Date_val_3889
3890,Matrix Precision Engineering,VoucherNo_val_3890,Amount_val_3890,TaxRate_val_3890,Date_val_3890
3891,Matrix Precision Engineering,VoucherNo_val_3891,Amount_val_3891,TaxRate_val_3891,Date_val_3891
3892,Matrix Precision Engineering,VoucherNo_val_3892,Amount_val_3892,TaxRate_val_3892,Date_val_3892
3893,Matrix Precision Engineering,VoucherNo_val_3893,Amount_val_3893,TaxRate_val_3893,Date_val_3893
3894,Matrix Precision Engineering,VoucherNo_val_3894,Amount_val_3894,TaxRate_val_3894,Date_val_3894
3895,Matrix Precision Engineering,VoucherNo_val_3895,Amount_val_3895,TaxRate_val_3895,Date_val_3895
3896,Matrix Precision Engineering,VoucherNo_val_3896,Amount_val_3896,TaxRate_val_3896,Date_val_3896
3897,Matrix Precision Engineering,VoucherNo_val_3897,Amount_val_3897,TaxRate_val_3897,Date_val_3897
3898,Matrix Precision Engineering,VoucherNo_val_3898,Amount_val_3898,TaxRate_val_3898,Date_val_3898
3899,Matrix Precision Engineering,VoucherNo_val_3899,Amount_val_3899,TaxRate_val_3899,Date_val_3899
3900,Matrix Precision Engineering,VoucherNo_val_3900,Amount_val_3900,TaxRate_val_3900,Date_val_3900
3901,Matrix Precision Engineering,VoucherNo_val_3901,Amount_val_3901,TaxRate_val_3901,Date_val_3901
3902,Matrix Precision Engineering,VoucherNo_val_3902,Amount_val_3902,TaxRate_val_3902,Date_val_3902
3903,Matrix Precision Engineering,VoucherNo_val_3903,Amount_val_3903,TaxRate_val_3903,Date_val_3903
3904,Matrix Precision Engineering,VoucherNo_val_3904,Amount_val_3904,TaxRate_val_3904,Date_val_3904
3905,Matrix Precision Engineering,VoucherNo_val_3905,Amount_val_3905,TaxRate_val_3905,Date_val_3905
3906,Matrix Precision Engineering,VoucherNo_val_3906,Amount_val_3906,TaxRate_val_3906,Date_val_3906
3907,Matrix Precision Engineering,VoucherNo_val_3907,Amount_val_3907,TaxRate_val_3907,Date_val_3907
3908,Matrix Precision Engineering,VoucherNo_val_3908,Amount_val_3908,TaxRate_val_3908,Date_val_3908
3909,Matrix Precision Engineering,VoucherNo_val_3909,Amount_val_3909,TaxRate_val_3909,Date_val_3909
3910,Matrix Precision Engineering,VoucherNo_val_3910,Amount_val_3910,TaxRate_val_3910,Date_val_3910
3911,Matrix Precision Engineering,VoucherNo_val_3911,Amount_val_3911,TaxRate_val_3911,Date_val_3911
3912,Matrix Precision Engineering,VoucherNo_val_3912,Amount_val_3912,TaxRate_val_3912,Date_val_3912
3913,Matrix Precision Engineering,VoucherNo_val_3913,Amount_val_3913,TaxRate_val_3913,Date_val_3913
3914,Matrix Precision Engineering,VoucherNo_val_3914,Amount_val_3914,TaxRate_val_3914,Date_val_3914
3915,Matrix Precision Engineering,VoucherNo_val_3915,Amount_val_3915,TaxRate_val_3915,Date_val_3915
3916,Matrix Precision Engineering,VoucherNo_val_3916,Amount_val_3916,TaxRate_val_3916,Date_val_3916
3917,Matrix Precision Engineering,VoucherNo_val_3917,Amount_val_3917,TaxRate_val_3917,Date_val_3917
3918,Matrix Precision Engineering,VoucherNo_val_3918,Amount_val_3918,TaxRate_val_3918,Date_val_3918
3919,Matrix Precision Engineering,VoucherNo_val_3919,Amount_val_3919,TaxRate_val_3919,Date_val_3919
3920,Matrix Precision Engineering,VoucherNo_val_3920,Amount_val_3920,TaxRate_val_3920,Date_val_3920
3921,Matrix Precision Engineering,VoucherNo_val_3921,Amount_val_3921,TaxRate_val_3921,Date_val_3921
3922,Matrix Precision Engineering,VoucherNo_val_3922,Amount_val_3922,TaxRate_val_3922,Date_val_3922
3923,Matrix Precision Engineering,VoucherNo_val_3923,Amount_val_3923,TaxRate_val_3923,Date_val_3923
3924,Matrix Precision Engineering,VoucherNo_val_3924,Amount_val_3924,TaxRate_val_3924,Date_val_3924
3925,Matrix Precision Engineering,VoucherNo_val_3925,Amount_val_3925,TaxRate_val_3925,Date_val_3925
3926,Matrix Precision Engineering,VoucherNo_val_3926,Amount_val_3926,TaxRate_val_3926,Date_val_3926
3927,Matrix Precision Engineering,VoucherNo_val_3927,Amount_val_3927,TaxRate_val_3927,Date_val_3927
3928,Matrix Precision Engineering,VoucherNo_val_3928,Amount_val_3928,TaxRate_val_3928,Date_val_3928
3929,Matrix Precision Engineering,VoucherNo_val_3929,Amount_val_3929,TaxRate_val_3929,Date_val_3929
3930,Matrix Precision Engineering,VoucherNo_val_3930,Amount_val_3930,TaxRate_val_3930,Date_val_3930
3931,Matrix Precision Engineering,VoucherNo_val_3931,Amount_val_3931,TaxRate_val_3931,Date_val_3931
3932,Matrix Precision Engineering,VoucherNo_val_3932,Amount_val_3932,TaxRate_val_3932,Date_val_3932
3933,Matrix Precision Engineering,VoucherNo_val_3933,Amount_val_3933,TaxRate_val_3933,Date_val_3933
3934,Matrix Precision Engineering,VoucherNo_val_3934,Amount_val_3934,TaxRate_val_3934,Date_val_3934
3935,Matrix Precision Engineering,VoucherNo_val_3935,Amount_val_3935,TaxRate_val_3935,Date_val_3935
3936,Matrix Precision Engineering,VoucherNo_val_3936,Amount_val_3936,TaxRate_val_3936,Date_val_3936
3937,Matrix Precision Engineering,VoucherNo_val_3937,Amount_val_3937,TaxRate_val_3937,Date_val_3937
3938,Matrix Precision Engineering,VoucherNo_val_3938,Amount_val_3938,TaxRate_val_3938,Date_val_3938
3939,Matrix Precision Engineering,VoucherNo_val_3939,Amount_val_3939,TaxRate_val_3939,Date_val_3939
3940,Matrix Precision Engineering,VoucherNo_val_3940,Amount_val_3940,TaxRate_val_3940,Date_val_3940
3941,Matrix Precision Engineering,VoucherNo_val_3941,Amount_val_3941,TaxRate_val_3941,Date_val_3941
3942,Matrix Precision Engineering,VoucherNo_val_3942,Amount_val_3942,TaxRate_val_3942,Date_val_3942
3943,Matrix Precision Engineering,VoucherNo_val_3943,Amount_val_3943,TaxRate_val_3943,Date_val_3943
3944,Matrix Precision Engineering,VoucherNo_val_3944,Amount_val_3944,TaxRate_val_3944,Date_val_3944
3945,Matrix Precision Engineering,VoucherNo_val_3945,Amount_val_3945,TaxRate_val_3945,Date_val_3945
3946,Matrix Precision Engineering,VoucherNo_val_3946,Amount_val_3946,TaxRate_val_3946,Date_val_3946
3947,Matrix Precision Engineering,VoucherNo_val_3947,Amount_val_3947,TaxRate_val_3947,Date_val_3947
3948,Matrix Precision Engineering,VoucherNo_val_3948,Amount_val_3948,TaxRate_val_3948,Date_val_3948
3949,Matrix Precision Engineering,VoucherNo_val_3949,Amount_val_3949,TaxRate_val_3949,Date_val_3949
3950,Matrix Precision Engineering,VoucherNo_val_3950,Amount_val_3950,TaxRate_val_3950,Date_val_3950
3951,Matrix Precision Engineering,VoucherNo_val_3951,Amount_val_3951,TaxRate_val_3951,Date_val_3951
3952,Matrix Precision Engineering,VoucherNo_val_3952,Amount_val_3952,TaxRate_val_3952,Date_val_3952
3953,Matrix Precision Engineering,VoucherNo_val_3953,Amount_val_3953,TaxRate_val_3953,Date_val_3953
3954,Matrix Precision Engineering,VoucherNo_val_3954,Amount_val_3954,TaxRate_val_3954,Date_val_3954
3955,Matrix Precision Engineering,VoucherNo_val_3955,Amount_val_3955,TaxRate_val_3955,Date_val_3955
3956,Matrix Precision Engineering,VoucherNo_val_3956,Amount_val_3956,TaxRate_val_3956,Date_val_3956
3957,Matrix Precision Engineering,VoucherNo_val_3957,Amount_val_3957,TaxRate_val_3957,Date_val_3957
3958,Matrix Precision Engineering,VoucherNo_val_3958,Amount_val_3958,TaxRate_val_3958,Date_val_3958
3959,Matrix Precision Engineering,VoucherNo_val_3959,Amount_val_3959,TaxRate_val_3959,Date_val_3959
3960,Matrix Precision Engineering,VoucherNo_val_3960,Amount_val_3960,TaxRate_val_3960,Date_val_3960
3961,Matrix Precision Engineering,VoucherNo_val_3961,Amount_val_3961,TaxRate_val_3961,Date_val_3961
3962,Matrix Precision Engineering,VoucherNo_val_3962,Amount_val_3962,TaxRate_val_3962,Date_val_3962
3963,Matrix Precision Engineering,VoucherNo_val_3963,Amount_val_3963,TaxRate_val_3963,Date_val_3963
3964,Matrix Precision Engineering,VoucherNo_val_3964,Amount_val_3964,TaxRate_val_3964,Date_val_3964
3965,Matrix Precision Engineering,VoucherNo_val_3965,Amount_val_3965,TaxRate_val_3965,Date_val_3965
3966,Matrix Precision Engineering,VoucherNo_val_3966,Amount_val_3966,TaxRate_val_3966,Date_val_3966
3967,Matrix Precision Engineering,VoucherNo_val_3967,Amount_val_3967,TaxRate_val_3967,Date_val_3967
3968,Matrix Precision Engineering,VoucherNo_val_3968,Amount_val_3968,TaxRate_val_3968,Date_val_3968
3969,Matrix Precision Engineering,VoucherNo_val_3969,Amount_val_3969,TaxRate_val_3969,Date_val_3969
3970,Matrix Precision Engineering,VoucherNo_val_3970,Amount_val_3970,TaxRate_val_3970,Date_val_3970
3971,Matrix Precision Engineering,VoucherNo_val_3971,Amount_val_3971,TaxRate_val_3971,Date_val_3971
3972,Matrix Precision Engineering,VoucherNo_val_3972,Amount_val_3972,TaxRate_val_3972,Date_val_3972
3973,Matrix Precision Engineering,VoucherNo_val_3973,Amount_val_3973,TaxRate_val_3973,Date_val_3973
3974,Matrix Precision Engineering,VoucherNo_val_3974,Amount_val_3974,TaxRate_val_3974,Date_val_3974
3975,Matrix Precision Engineering,VoucherNo_val_3975,Amount_val_3975,TaxRate_val_3975,Date_val_3975
3976,Matrix Precision Engineering,VoucherNo_val_3976,Amount_val_3976,TaxRate_val_3976,Date_val_3976
3977,Matrix Precision Engineering,VoucherNo_val_3977,Amount_val_3977,TaxRate_val_3977,Date_val_3977
3978,Matrix Precision Engineering,VoucherNo_val_3978,Amount_val_3978,TaxRate_val_3978,Date_val_3978
3979,Matrix Precision Engineering,VoucherNo_val_3979,Amount_val_3979,TaxRate_val_3979,Date_val_3979
3980,Matrix Precision Engineering,VoucherNo_val_3980,Amount_val_3980,TaxRate_val_3980,Date_val_3980
3981,Matrix Precision Engineering,VoucherNo_val_3981,Amount_val_3981,TaxRate_val_3981,Date_val_3981
3982,Matrix Precision Engineering,VoucherNo_val_3982,Amount_val_3982,TaxRate_val_3982,Date_val_3982
3983,Matrix Precision Engineering,VoucherNo_val_3983,Amount_val_3983,TaxRate_val_3983,Date_val_3983
3984,Matrix Precision Engineering,VoucherNo_val_3984,Amount_val_3984,TaxRate_val_3984,Date_val_3984
3985,Matrix Precision Engineering,VoucherNo_val_3985,Amount_val_3985,TaxRate_val_3985,Date_val_3985
3986,Matrix Precision Engineering,VoucherNo_val_3986,Amount_val_3986,TaxRate_val_3986,Date_val_3986
3987,Matrix Precision Engineering,VoucherNo_val_3987,Amount_val_3987,TaxRate_val_3987,Date_val_3987
3988,Matrix Precision Engineering,VoucherNo_val_3988,Amount_val_3988,TaxRate_val_3988,Date_val_3988
3989,Matrix Precision Engineering,VoucherNo_val_3989,Amount_val_3989,TaxRate_val_3989,Date_val_3989
3990,Matrix Precision Engineering,VoucherNo_val_3990,Amount_val_3990,TaxRate_val_3990,Date_val_3990
3991,Matrix Precision Engineering,VoucherNo_val_3991,Amount_val_3991,TaxRate_val_3991,Date_val_3991
3992,Matrix Precision Engineering,VoucherNo_val_3992,Amount_val_3992,TaxRate_val_3992,Date_val_3992
3993,Matrix Precision Engineering,VoucherNo_val_3993,Amount_val_3993,TaxRate_val_3993,Date_val_3993
3994,Matrix Precision Engineering,VoucherNo_val_3994,Amount_val_3994,TaxRate_val_3994,Date_val_3994
3995,Matrix Precision Engineering,VoucherNo_val_3995,Amount_val_3995,TaxRate_val_3995,Date_val_3995
3996,Matrix Precision Engineering,VoucherNo_val_3996,Amount_val_3996,TaxRate_val_3996,Date_val_3996
3997,Matrix Precision Engineering,VoucherNo_val_3997,Amount_val_3997,TaxRate_val_3997,Date_val_3997
3998,Matrix Precision Engineering,VoucherNo_val_3998,Amount_val_3998,TaxRate_val_3998,Date_val_3998
3999,Matrix Precision Engineering,VoucherNo_val_3999,Amount_val_3999,TaxRate_val_3999,Date_val_3999
4000,Matrix Precision Engineering,VoucherNo_val_4000,Amount_val_4000,TaxRate_val_4000,Date_val_4000
4001,Matrix Precision Engineering,VoucherNo_val_4001,Amount_val_4001,TaxRate_val_4001,Date_val_4001
4002,Matrix Precision Engineering,VoucherNo_val_4002,Amount_val_4002,TaxRate_val_4002,Date_val_4002
4003,Matrix Precision Engineering,VoucherNo_val_4003,Amount_val_4003,TaxRate_val_4003,Date_val_4003
4004,Matrix Precision Engineering,VoucherNo_val_4004,Amount_val_4004,TaxRate_val_4004,Date_val_4004
4005,Matrix Precision Engineering,VoucherNo_val_4005,Amount_val_4005,TaxRate_val_4005,Date_val_4005
4006,Matrix Precision Engineering,VoucherNo_val_4006,Amount_val_4006,TaxRate_val_4006,Date_val_4006
4007,Matrix Precision Engineering,VoucherNo_val_4007,Amount_val_4007,TaxRate_val_4007,Date_val_4007
4008,Matrix Precision Engineering,VoucherNo_val_4008,Amount_val_4008,TaxRate_val_4008,Date_val_4008
4009,Matrix Precision Engineering,VoucherNo_val_4009,Amount_val_4009,TaxRate_val_4009,Date_val_4009
4010,Matrix Precision Engineering,VoucherNo_val_4010,Amount_val_4010,TaxRate_val_4010,Date_val_4010
4011,Matrix Precision Engineering,VoucherNo_val_4011,Amount_val_4011,TaxRate_val_4011,Date_val_4011
4012,Matrix Precision Engineering,VoucherNo_val_4012,Amount_val_4012,TaxRate_val_4012,Date_val_4012
4013,Matrix Precision Engineering,VoucherNo_val_4013,Amount_val_4013,TaxRate_val_4013,Date_val_4013
4014,Matrix Precision Engineering,VoucherNo_val_4014,Amount_val_4014,TaxRate_val_4014,Date_val_4014
4015,Matrix Precision Engineering,VoucherNo_val_4015,Amount_val_4015,TaxRate_val_4015,Date_val_4015
4016,Matrix Precision Engineering,VoucherNo_val_4016,Amount_val_4016,TaxRate_val_4016,Date_val_4016
4017,Matrix Precision Engineering,VoucherNo_val_4017,Amount_val_4017,TaxRate_val_4017,Date_val_4017
4018,Matrix Precision Engineering,VoucherNo_val_4018,Amount_val_4018,TaxRate_val_4018,Date_val_4018
4019,Matrix Precision Engineering,VoucherNo_val_4019,Amount_val_4019,TaxRate_val_4019,Date_val_4019
4020,Matrix Precision Engineering,VoucherNo_val_4020,Amount_val_4020,TaxRate_val_4020,Date_val_4020
4021,Matrix Precision Engineering,VoucherNo_val_4021,Amount_val_4021,TaxRate_val_4021,Date_val_4021
4022,Matrix Precision Engineering,VoucherNo_val_4022,Amount_val_4022,TaxRate_val_4022,Date_val_4022
4023,Matrix Precision Engineering,VoucherNo_val_4023,Amount_val_4023,TaxRate_val_4023,Date_val_4023
4024,Matrix Precision Engineering,VoucherNo_val_4024,Amount_val_4024,TaxRate_val_4024,Date_val_4024
4025,Matrix Precision Engineering,VoucherNo_val_4025,Amount_val_4025,TaxRate_val_4025,Date_val_4025
4026,Matrix Precision Engineering,VoucherNo_val_4026,Amount_val_4026,TaxRate_val_4026,Date_val_4026
4027,Matrix Precision Engineering,VoucherNo_val_4027,Amount_val_4027,TaxRate_val_4027,Date_val_4027
4028,Matrix Precision Engineering,VoucherNo_val_4028,Amount_val_4028,TaxRate_val_4028,Date_val_4028
4029,Matrix Precision Engineering,VoucherNo_val_4029,Amount_val_4029,TaxRate_val_4029,Date_val_4029
4030,Matrix Precision Engineering,VoucherNo_val_4030,Amount_val_4030,TaxRate_val_4030,Date_val_4030
4031,Matrix Precision Engineering,VoucherNo_val_4031,Amount_val_4031,TaxRate_val_4031,Date_val_4031
4032,Matrix Precision Engineering,VoucherNo_val_4032,Amount_val_4032,TaxRate_val_4032,Date_val_4032
4033,Matrix Precision Engineering,VoucherNo_val_4033,Amount_val_4033,TaxRate_val_4033,Date_val_4033
4034,Matrix Precision Engineering,VoucherNo_val_4034,Amount_val_4034,TaxRate_val_4034,Date_val_4034
4035,Matrix Precision Engineering,VoucherNo_val_4035,Amount_val_4035,TaxRate_val_4035,Date_val_4035
4036,Matrix Precision Engineering,VoucherNo_val_4036,Amount_val_4036,TaxRate_val_4036,Date_val_4036
4037,Matrix Precision Engineering,VoucherNo_val_4037,Amount_val_4037,TaxRate_val_4037,Date_val_4037
4038,Matrix Precision Engineering,VoucherNo_val_4038,Amount_val_4038,TaxRate_val_4038,Date_val_4038
4039,Matrix Precision Engineering,VoucherNo_val_4039,Amount_val_4039,TaxRate_val_4039,Date_val_4039
4040,Matrix Precision Engineering,VoucherNo_val_4040,Amount_val_4040,TaxRate_val_4040,Date_val_4040
4041,Matrix Precision Engineering,VoucherNo_val_4041,Amount_val_4041,TaxRate_val_4041,Date_val_4041
4042,Matrix Precision Engineering,VoucherNo_val_4042,Amount_val_4042,TaxRate_val_4042,Date_val_4042
4043,Matrix Precision Engineering,VoucherNo_val_4043,Amount_val_4043,TaxRate_val_4043,Date_val_4043
4044,Matrix Precision Engineering,VoucherNo_val_4044,Amount_val_4044,TaxRate_val_4044,Date_val_4044
4045,Matrix Precision Engineering,VoucherNo_val_4045,Amount_val_4045,TaxRate_val_4045,Date_val_4045
4046,Matrix Precision Engineering,VoucherNo_val_4046,Amount_val_4046,TaxRate_val_4046,Date_val_4046
4047,Matrix Precision Engineering,VoucherNo_val_4047,Amount_val_4047,TaxRate_val_4047,Date_val_4047
4048,Matrix Precision Engineering,VoucherNo_val_4048,Amount_val_4048,TaxRate_val_4048,Date_val_4048
4049,Matrix Precision Engineering,VoucherNo_val_4049,Amount_val_4049,TaxRate_val_4049,Date_val_4049
4050,Matrix Precision Engineering,VoucherNo_val_4050,Amount_val_4050,TaxRate_val_4050,Date_val_4050
4051,Matrix Precision Engineering,VoucherNo_val_4051,Amount_val_4051,TaxRate_val_4051,Date_val_4051
4052,Matrix Precision Engineering,VoucherNo_val_4052,Amount_val_4052,TaxRate_val_4052,Date_val_4052
4053,Matrix Precision Engineering,VoucherNo_val_4053,Amount_val_4053,TaxRate_val_4053,Date_val_4053
4054,Matrix Precision Engineering,VoucherNo_val_4054,Amount_val_4054,TaxRate_val_4054,Date_val_4054
4055,Matrix Precision Engineering,VoucherNo_val_4055,Amount_val_4055,TaxRate_val_4055,Date_val_4055
4056,Matrix Precision Engineering,VoucherNo_val_4056,Amount_val_4056,TaxRate_val_4056,Date_val_4056
4057,Matrix Precision Engineering,VoucherNo_val_4057,Amount_val_4057,TaxRate_val_4057,Date_val_4057
4058,Matrix Precision Engineering,VoucherNo_val_4058,Amount_val_4058,TaxRate_val_4058,Date_val_4058
4059,Matrix Precision Engineering,VoucherNo_val_4059,Amount_val_4059,TaxRate_val_4059,Date_val_4059
4060,Matrix Precision Engineering,VoucherNo_val_4060,Amount_val_4060,TaxRate_val_4060,Date_val_4060
4061,Matrix Precision Engineering,VoucherNo_val_4061,Amount_val_4061,TaxRate_val_4061,Date_val_4061
4062,Matrix Precision Engineering,VoucherNo_val_4062,Amount_val_4062,TaxRate_val_4062,Date_val_4062
4063,Matrix Precision Engineering,VoucherNo_val_4063,Amount_val_4063,TaxRate_val_4063,Date_val_4063
4064,Matrix Precision Engineering,VoucherNo_val_4064,Amount_val_4064,TaxRate_val_4064,Date_val_4064
4065,Matrix Precision Engineering,VoucherNo_val_4065,Amount_val_4065,TaxRate_val_4065,Date_val_4065
4066,Matrix Precision Engineering,VoucherNo_val_4066,Amount_val_4066,TaxRate_val_4066,Date_val_4066
4067,Matrix Precision Engineering,VoucherNo_val_4067,Amount_val_4067,TaxRate_val_4067,Date_val_4067
4068,Matrix Precision Engineering,VoucherNo_val_4068,Amount_val_4068,TaxRate_val_4068,Date_val_4068
4069,Matrix Precision Engineering,VoucherNo_val_4069,Amount_val_4069,TaxRate_val_4069,Date_val_4069
4070,Matrix Precision Engineering,VoucherNo_val_4070,Amount_val_4070,TaxRate_val_4070,Date_val_4070
4071,Matrix Precision Engineering,VoucherNo_val_4071,Amount_val_4071,TaxRate_val_4071,Date_val_4071
4072,Matrix Precision Engineering,VoucherNo_val_4072,Amount_val_4072,TaxRate_val_4072,Date_val_4072
4073,Matrix Precision Engineering,VoucherNo_val_4073,Amount_val_4073,TaxRate_val_4073,Date_val_4073
4074,Matrix Precision Engineering,VoucherNo_val_4074,Amount_val_4074,TaxRate_val_4074,Date_val_4074
4075,Matrix Precision Engineering,VoucherNo_val_4075,Amount_val_4075,TaxRate_val_4075,Date_val_4075
4076,Matrix Precision Engineering,VoucherNo_val_4076,Amount_val_4076,TaxRate_val_4076,Date_val_4076
4077,Matrix Precision Engineering,VoucherNo_val_4077,Amount_val_4077,TaxRate_val_4077,Date_val_4077
4078,Matrix Precision Engineering,VoucherNo_val_4078,Amount_val_4078,TaxRate_val_4078,Date_val_4078
4079,Matrix Precision Engineering,VoucherNo_val_4079,Amount_val_4079,TaxRate_val_4079,Date_val_4079
4080,Matrix Precision Engineering,VoucherNo_val_4080,Amount_val_4080,TaxRate_val_4080,Date_val_4080
4081,Matrix Precision Engineering,VoucherNo_val_4081,Amount_val_4081,TaxRate_val_4081,Date_val_4081
4082,Matrix Precision Engineering,VoucherNo_val_4082,Amount_val_4082,TaxRate_val_4082,Date_val_4082
4083,Matrix Precision Engineering,VoucherNo_val_4083,Amount_val_4083,TaxRate_val_4083,Date_val_4083
4084,Matrix Precision Engineering,VoucherNo_val_4084,Amount_val_4084,TaxRate_val_4084,Date_val_4084
4085,Matrix Precision Engineering,VoucherNo_val_4085,Amount_val_4085,TaxRate_val_4085,Date_val_4085
4086,Matrix Precision Engineering,VoucherNo_val_4086,Amount_val_4086,TaxRate_val_4086,Date_val_4086
4087,Matrix Precision Engineering,VoucherNo_val_4087,Amount_val_4087,TaxRate_val_4087,Date_val_4087
4088,Matrix Precision Engineering,VoucherNo_val_4088,Amount_val_4088,TaxRate_val_4088,Date_val_4088
4089,Matrix Precision Engineering,VoucherNo_val_4089,Amount_val_4089,TaxRate_val_4089,Date_val_4089
4090,Matrix Precision Engineering,VoucherNo_val_4090,Amount_val_4090,TaxRate_val_4090,Date_val_4090
4091,Matrix Precision Engineering,VoucherNo_val_4091,Amount_val_4091,TaxRate_val_4091,Date_val_4091
4092,Matrix Precision Engineering,VoucherNo_val_4092,Amount_val_4092,TaxRate_val_4092,Date_val_4092
4093,Matrix Precision Engineering,VoucherNo_val_4093,Amount_val_4093,TaxRate_val_4093,Date_val_4093
4094,Matrix Precision Engineering,VoucherNo_val_4094,Amount_val_4094,TaxRate_val_4094,Date_val_4094
4095,Matrix Precision Engineering,VoucherNo_val_4095,Amount_val_4095,TaxRate_val_4095,Date_val_4095
4096,Matrix Precision Engineering,VoucherNo_val_4096,Amount_val_4096,TaxRate_val_4096,Date_val_4096
4097,Matrix Precision Engineering,VoucherNo_val_4097,Amount_val_4097,TaxRate_val_4097,Date_val_4097
4098,Matrix Precision Engineering,VoucherNo_val_4098,Amount_val_4098,TaxRate_val_4098,Date_val_4098
4099,Matrix Precision Engineering,VoucherNo_val_4099,Amount_val_4099,TaxRate_val_4099,Date_val_4099
4100,Matrix Precision Engineering,VoucherNo_val_4100,Amount_val_4100,TaxRate_val_4100,Date_val_4100
4101,Matrix Precision Engineering,VoucherNo_val_4101,Amount_val_4101,TaxRate_val_4101,Date_val_4101
4102,Matrix Precision Engineering,VoucherNo_val_4102,Amount_val_4102,TaxRate_val_4102,Date_val_4102
4103,Matrix Precision Engineering,VoucherNo_val_4103,Amount_val_4103,TaxRate_val_4103,Date_val_4103
4104,Matrix Precision Engineering,VoucherNo_val_4104,Amount_val_4104,TaxRate_val_4104,Date_val_4104
4105,Matrix Precision Engineering,VoucherNo_val_4105,Amount_val_4105,TaxRate_val_4105,Date_val_4105
4106,Matrix Precision Engineering,VoucherNo_val_4106,Amount_val_4106,TaxRate_val_4106,Date_val_4106
4107,Matrix Precision Engineering,VoucherNo_val_4107,Amount_val_4107,TaxRate_val_4107,Date_val_4107
4108,Matrix Precision Engineering,VoucherNo_val_4108,Amount_val_4108,TaxRate_val_4108,Date_val_4108
4109,Matrix Precision Engineering,VoucherNo_val_4109,Amount_val_4109,TaxRate_val_4109,Date_val_4109
4110,Matrix Precision Engineering,VoucherNo_val_4110,Amount_val_4110,TaxRate_val_4110,Date_val_4110
4111,Matrix Precision Engineering,VoucherNo_val_4111,Amount_val_4111,TaxRate_val_4111,Date_val_4111
4112,Matrix Precision Engineering,VoucherNo_val_4112,Amount_val_4112,TaxRate_val_4112,Date_val_4112
4113,Matrix Precision Engineering,VoucherNo_val_4113,Amount_val_4113,TaxRate_val_4113,Date_val_4113
4114,Matrix Precision Engineering,VoucherNo_val_4114,Amount_val_4114,TaxRate_val_4114,Date_val_4114
4115,Matrix Precision Engineering,VoucherNo_val_4115,Amount_val_4115,TaxRate_val_4115,Date_val_4115
4116,Matrix Precision Engineering,VoucherNo_val_4116,Amount_val_4116,TaxRate_val_4116,Date_val_4116
4117,Matrix Precision Engineering,VoucherNo_val_4117,Amount_val_4117,TaxRate_val_4117,Date_val_4117
4118,Matrix Precision Engineering,VoucherNo_val_4118,Amount_val_4118,TaxRate_val_4118,Date_val_4118
4119,Matrix Precision Engineering,VoucherNo_val_4119,Amount_val_4119,TaxRate_val_4119,Date_val_4119
4120,Matrix Precision Engineering,VoucherNo_val_4120,Amount_val_4120,TaxRate_val_4120,Date_val_4120
4121,Matrix Precision Engineering,VoucherNo_val_4121,Amount_val_4121,TaxRate_val_4121,Date_val_4121
4122,Matrix Precision Engineering,VoucherNo_val_4122,Amount_val_4122,TaxRate_val_4122,Date_val_4122
4123,Matrix Precision Engineering,VoucherNo_val_4123,Amount_val_4123,TaxRate_val_4123,Date_val_4123
4124,Matrix Precision Engineering,VoucherNo_val_4124,Amount_val_4124,TaxRate_val_4124,Date_val_4124
4125,Matrix Precision Engineering,VoucherNo_val_4125,Amount_val_4125,TaxRate_val_4125,Date_val_4125
4126,Matrix Precision Engineering,VoucherNo_val_4126,Amount_val_4126,TaxRate_val_4126,Date_val_4126
4127,Matrix Precision Engineering,VoucherNo_val_4127,Amount_val_4127,TaxRate_val_4127,Date_val_4127
4128,Matrix Precision Engineering,VoucherNo_val_4128,Amount_val_4128,TaxRate_val_4128,Date_val_4128
4129,Matrix Precision Engineering,VoucherNo_val_4129,Amount_val_4129,TaxRate_val_4129,Date_val_4129
4130,Matrix Precision Engineering,VoucherNo_val_4130,Amount_val_4130,TaxRate_val_4130,Date_val_4130
4131,Matrix Precision Engineering,VoucherNo_val_4131,Amount_val_4131,TaxRate_val_4131,Date_val_4131
4132,Matrix Precision Engineering,VoucherNo_val_4132,Amount_val_4132,TaxRate_val_4132,Date_val_4132
4133,Matrix Precision Engineering,VoucherNo_val_4133,Amount_val_4133,TaxRate_val_4133,Date_val_4133
4134,Matrix Precision Engineering,VoucherNo_val_4134,Amount_val_4134,TaxRate_val_4134,Date_val_4134
4135,Matrix Precision Engineering,VoucherNo_val_4135,Amount_val_4135,TaxRate_val_4135,Date_val_4135
4136,Matrix Precision Engineering,VoucherNo_val_4136,Amount_val_4136,TaxRate_val_4136,Date_val_4136
4137,Matrix Precision Engineering,VoucherNo_val_4137,Amount_val_4137,TaxRate_val_4137,Date_val_4137
4138,Matrix Precision Engineering,VoucherNo_val_4138,Amount_val_4138,TaxRate_val_4138,Date_val_4138
4139,Matrix Precision Engineering,VoucherNo_val_4139,Amount_val_4139,TaxRate_val_4139,Date_val_4139
4140,Matrix Precision Engineering,VoucherNo_val_4140,Amount_val_4140,TaxRate_val_4140,Date_val_4140
4141,Matrix Precision Engineering,VoucherNo_val_4141,Amount_val_4141,TaxRate_val_4141,Date_val_4141
4142,Matrix Precision Engineering,VoucherNo_val_4142,Amount_val_4142,TaxRate_val_4142,Date_val_4142
4143,Matrix Precision Engineering,VoucherNo_val_4143,Amount_val_4143,TaxRate_val_4143,Date_val_4143
4144,Matrix Precision Engineering,VoucherNo_val_4144,Amount_val_4144,TaxRate_val_4144,Date_val_4144
4145,Matrix Precision Engineering,VoucherNo_val_4145,Amount_val_4145,TaxRate_val_4145,Date_val_4145
4146,Matrix Precision Engineering,VoucherNo_val_4146,Amount_val_4146,TaxRate_val_4146,Date_val_4146
4147,Matrix Precision Engineering,VoucherNo_val_4147,Amount_val_4147,TaxRate_val_4147,Date_val_4147
4148,Matrix Precision Engineering,VoucherNo_val_4148,Amount_val_4148,TaxRate_val_4148,Date_val_4148
4149,Matrix Precision Engineering,VoucherNo_val_4149,Amount_val_4149,TaxRate_val_4149,Date_val_4149
4150,Matrix Precision Engineering,VoucherNo_val_4150,Amount_val_4150,TaxRate_val_4150,Date_val_4150
4151,Matrix Precision Engineering,VoucherNo_val_4151,Amount_val_4151,TaxRate_val_4151,Date_val_4151
4152,Matrix Precision Engineering,VoucherNo_val_4152,Amount_val_4152,TaxRate_val_4152,Date_val_4152
4153,Matrix Precision Engineering,VoucherNo_val_4153,Amount_val_4153,TaxRate_val_4153,Date_val_4153
4154,Matrix Precision Engineering,VoucherNo_val_4154,Amount_val_4154,TaxRate_val_4154,Date_val_4154
4155,Matrix Precision Engineering,VoucherNo_val_4155,Amount_val_4155,TaxRate_val_4155,Date_val_4155
4156,Matrix Precision Engineering,VoucherNo_val_4156,Amount_val_4156,TaxRate_val_4156,Date_val_4156
4157,Matrix Precision Engineering,VoucherNo_val_4157,Amount_val_4157,TaxRate_val_4157,Date_val_4157
4158,Matrix Precision Engineering,VoucherNo_val_4158,Amount_val_4158,TaxRate_val_4158,Date_val_4158
4159,Matrix Precision Engineering,VoucherNo_val_4159,Amount_val_4159,TaxRate_val_4159,Date_val_4159
4160,Matrix Precision Engineering,VoucherNo_val_4160,Amount_val_4160,TaxRate_val_4160,Date_val_4160
4161,Matrix Precision Engineering,VoucherNo_val_4161,Amount_val_4161,TaxRate_val_4161,Date_val_4161
4162,Matrix Precision Engineering,VoucherNo_val_4162,Amount_val_4162,TaxRate_val_4162,Date_val_4162
4163,Matrix Precision Engineering,VoucherNo_val_4163,Amount_val_4163,TaxRate_val_4163,Date_val_4163
4164,Matrix Precision Engineering,VoucherNo_val_4164,Amount_val_4164,TaxRate_val_4164,Date_val_4164
4165,Matrix Precision Engineering,VoucherNo_val_4165,Amount_val_4165,TaxRate_val_4165,Date_val_4165
4166,Matrix Precision Engineering,VoucherNo_val_4166,Amount_val_4166,TaxRate_val_4166,Date_val_4166
4167,Matrix Precision Engineering,VoucherNo_val_4167,Amount_val_4167,TaxRate_val_4167,Date_val_4167
4168,Matrix Precision Engineering,VoucherNo_val_4168,Amount_val_4168,TaxRate_val_4168,Date_val_4168
4169,Matrix Precision Engineering,VoucherNo_val_4169,Amount_val_4169,TaxRate_val_4169,Date_val_4169
4170,Matrix Precision Engineering,VoucherNo_val_4170,Amount_val_4170,TaxRate_val_4170,Date_val_4170
4171,Matrix Precision Engineering,VoucherNo_val_4171,Amount_val_4171,TaxRate_val_4171,Date_val_4171
4172,Matrix Precision Engineering,VoucherNo_val_4172,Amount_val_4172,TaxRate_val_4172,Date_val_4172
4173,Matrix Precision Engineering,VoucherNo_val_4173,Amount_val_4173,TaxRate_val_4173,Date_val_4173
4174,Matrix Precision Engineering,VoucherNo_val_4174,Amount_val_4174,TaxRate_val_4174,Date_val_4174
4175,Matrix Precision Engineering,VoucherNo_val_4175,Amount_val_4175,TaxRate_val_4175,Date_val_4175
4176,Matrix Precision Engineering,VoucherNo_val_4176,Amount_val_4176,TaxRate_val_4176,Date_val_4176
4177,Matrix Precision Engineering,VoucherNo_val_4177,Amount_val_4177,TaxRate_val_4177,Date_val_4177
4178,Matrix Precision Engineering,VoucherNo_val_4178,Amount_val_4178,TaxRate_val_4178,Date_val_4178
4179,Matrix Precision Engineering,VoucherNo_val_4179,Amount_val_4179,TaxRate_val_4179,Date_val_4179
4180,Matrix Precision Engineering,VoucherNo_val_4180,Amount_val_4180,TaxRate_val_4180,Date_val_4180
4181,Matrix Precision Engineering,VoucherNo_val_4181,Amount_val_4181,TaxRate_val_4181,Date_val_4181
4182,Matrix Precision Engineering,VoucherNo_val_4182,Amount_val_4182,TaxRate_val_4182,Date_val_4182
4183,Matrix Precision Engineering,VoucherNo_val_4183,Amount_val_4183,TaxRate_val_4183,Date_val_4183
4184,Matrix Precision Engineering,VoucherNo_val_4184,Amount_val_4184,TaxRate_val_4184,Date_val_4184
4185,Matrix Precision Engineering,VoucherNo_val_4185,Amount_val_4185,TaxRate_val_4185,Date_val_4185
4186,Matrix Precision Engineering,VoucherNo_val_4186,Amount_val_4186,TaxRate_val_4186,Date_val_4186
4187,Matrix Precision Engineering,VoucherNo_val_4187,Amount_val_4187,TaxRate_val_4187,Date_val_4187
4188,Matrix Precision Engineering,VoucherNo_val_4188,Amount_val_4188,TaxRate_val_4188,Date_val_4188
4189,Matrix Precision Engineering,VoucherNo_val_4189,Amount_val_4189,TaxRate_val_4189,Date_val_4189
4190,Matrix Precision Engineering,VoucherNo_val_4190,Amount_val_4190,TaxRate_val_4190,Date_val_4190
4191,Matrix Precision Engineering,VoucherNo_val_4191,Amount_val_4191,TaxRate_val_4191,Date_val_4191
4192,Matrix Precision Engineering,VoucherNo_val_4192,Amount_val_4192,TaxRate_val_4192,Date_val_4192
4193,Matrix Precision Engineering,VoucherNo_val_4193,Amount_val_4193,TaxRate_val_4193,Date_val_4193
4194,Matrix Precision Engineering,VoucherNo_val_4194,Amount_val_4194,TaxRate_val_4194,Date_val_4194
4195,Matrix Precision Engineering,VoucherNo_val_4195,Amount_val_4195,TaxRate_val_4195,Date_val_4195
4196,Matrix Precision Engineering,VoucherNo_val_4196,Amount_val_4196,TaxRate_val_4196,Date_val_4196
4197,Matrix Precision Engineering,VoucherNo_val_4197,Amount_val_4197,TaxRate_val_4197,Date_val_4197
4198,Matrix Precision Engineering,VoucherNo_val_4198,Amount_val_4198,TaxRate_val_4198,Date_val_4198
4199,Matrix Precision Engineering,VoucherNo_val_4199,Amount_val_4199,TaxRate_val_4199,Date_val_4199
4200,Matrix Precision Engineering,VoucherNo_val_4200,Amount_val_4200,TaxRate_val_4200,Date_val_4200
4201,Matrix Precision Engineering,VoucherNo_val_4201,Amount_val_4201,TaxRate_val_4201,Date_val_4201
4202,Matrix Precision Engineering,VoucherNo_val_4202,Amount_val_4202,TaxRate_val_4202,Date_val_4202
4203,Matrix Precision Engineering,VoucherNo_val_4203,Amount_val_4203,TaxRate_val_4203,Date_val_4203
4204,Matrix Precision Engineering,VoucherNo_val_4204,Amount_val_4204,TaxRate_val_4204,Date_val_4204
4205,Matrix Precision Engineering,VoucherNo_val_4205,Amount_val_4205,TaxRate_val_4205,Date_val_4205
4206,Matrix Precision Engineering,VoucherNo_val_4206,Amount_val_4206,TaxRate_val_4206,Date_val_4206
4207,Matrix Precision Engineering,VoucherNo_val_4207,Amount_val_4207,TaxRate_val_4207,Date_val_4207
4208,Matrix Precision Engineering,VoucherNo_val_4208,Amount_val_4208,TaxRate_val_4208,Date_val_4208
4209,Matrix Precision Engineering,VoucherNo_val_4209,Amount_val_4209,TaxRate_val_4209,Date_val_4209
4210,Matrix Precision Engineering,VoucherNo_val_4210,Amount_val_4210,TaxRate_val_4210,Date_val_4210
4211,Matrix Precision Engineering,VoucherNo_val_4211,Amount_val_4211,TaxRate_val_4211,Date_val_4211
4212,Matrix Precision Engineering,VoucherNo_val_4212,Amount_val_4212,TaxRate_val_4212,Date_val_4212
4213,Matrix Precision Engineering,VoucherNo_val_4213,Amount_val_4213,TaxRate_val_4213,Date_val_4213
4214,Matrix Precision Engineering,VoucherNo_val_4214,Amount_val_4214,TaxRate_val_4214,Date_val_4214
4215,Matrix Precision Engineering,VoucherNo_val_4215,Amount_val_4215,TaxRate_val_4215,Date_val_4215
4216,Matrix Precision Engineering,VoucherNo_val_4216,Amount_val_4216,TaxRate_val_4216,Date_val_4216
4217,Matrix Precision Engineering,VoucherNo_val_4217,Amount_val_4217,TaxRate_val_4217,Date_val_4217
4218,Matrix Precision Engineering,VoucherNo_val_4218,Amount_val_4218,TaxRate_val_4218,Date_val_4218
4219,Matrix Precision Engineering,VoucherNo_val_4219,Amount_val_4219,TaxRate_val_4219,Date_val_4219
4220,Matrix Precision Engineering,VoucherNo_val_4220,Amount_val_4220,TaxRate_val_4220,Date_val_4220
4221,Matrix Precision Engineering,VoucherNo_val_4221,Amount_val_4221,TaxRate_val_4221,Date_val_4221
4222,Matrix Precision Engineering,VoucherNo_val_4222,Amount_val_4222,TaxRate_val_4222,Date_val_4222
4223,Matrix Precision Engineering,VoucherNo_val_4223,Amount_val_4223,TaxRate_val_4223,Date_val_4223
4224,Matrix Precision Engineering,VoucherNo_val_4224,Amount_val_4224,TaxRate_val_4224,Date_val_4224
4225,Matrix Precision Engineering,VoucherNo_val_4225,Amount_val_4225,TaxRate_val_4225,Date_val_4225
4226,Matrix Precision Engineering,VoucherNo_val_4226,Amount_val_4226,TaxRate_val_4226,Date_val_4226
4227,Matrix Precision Engineering,VoucherNo_val_4227,Amount_val_4227,TaxRate_val_4227,Date_val_4227
4228,Matrix Precision Engineering,VoucherNo_val_4228,Amount_val_4228,TaxRate_val_4228,Date_val_4228
4229,Matrix Precision Engineering,VoucherNo_val_4229,Amount_val_4229,TaxRate_val_4229,Date_val_4229
4230,Matrix Precision Engineering,VoucherNo_val_4230,Amount_val_4230,TaxRate_val_4230,Date_val_4230
4231,Matrix Precision Engineering,VoucherNo_val_4231,Amount_val_4231,TaxRate_val_4231,Date_val_4231
4232,Matrix Precision Engineering,VoucherNo_val_4232,Amount_val_4232,TaxRate_val_4232,Date_val_4232
4233,Matrix Precision Engineering,VoucherNo_val_4233,Amount_val_4233,TaxRate_val_4233,Date_val_4233
4234,Matrix Precision Engineering,VoucherNo_val_4234,Amount_val_4234,TaxRate_val_4234,Date_val_4234
4235,Matrix Precision Engineering,VoucherNo_val_4235,Amount_val_4235,TaxRate_val_4235,Date_val_4235
4236,Matrix Precision Engineering,VoucherNo_val_4236,Amount_val_4236,TaxRate_val_4236,Date_val_4236
4237,Matrix Precision Engineering,VoucherNo_val_4237,Amount_val_4237,TaxRate_val_4237,Date_val_4237
4238,Matrix Precision Engineering,VoucherNo_val_4238,Amount_val_4238,TaxRate_val_4238,Date_val_4238
4239,Matrix Precision Engineering,VoucherNo_val_4239,Amount_val_4239,TaxRate_val_4239,Date_val_4239
4240,Matrix Precision Engineering,VoucherNo_val_4240,Amount_val_4240,TaxRate_val_4240,Date_val_4240
4241,Matrix Precision Engineering,VoucherNo_val_4241,Amount_val_4241,TaxRate_val_4241,Date_val_4241
4242,Matrix Precision Engineering,VoucherNo_val_4242,Amount_val_4242,TaxRate_val_4242,Date_val_4242
4243,Matrix Precision Engineering,VoucherNo_val_4243,Amount_val_4243,TaxRate_val_4243,Date_val_4243
4244,Matrix Precision Engineering,VoucherNo_val_4244,Amount_val_4244,TaxRate_val_4244,Date_val_4244
4245,Matrix Precision Engineering,VoucherNo_val_4245,Amount_val_4245,TaxRate_val_4245,Date_val_4245
4246,Matrix Precision Engineering,VoucherNo_val_4246,Amount_val_4246,TaxRate_val_4246,Date_val_4246
4247,Matrix Precision Engineering,VoucherNo_val_4247,Amount_val_4247,TaxRate_val_4247,Date_val_4247
4248,Matrix Precision Engineering,VoucherNo_val_4248,Amount_val_4248,TaxRate_val_4248,Date_val_4248
4249,Matrix Precision Engineering,VoucherNo_val_4249,Amount_val_4249,TaxRate_val_4249,Date_val_4249
4250,Matrix Precision Engineering,VoucherNo_val_4250,Amount_val_4250,TaxRate_val_4250,Date_val_4250
4251,Matrix Precision Engineering,VoucherNo_val_4251,Amount_val_4251,TaxRate_val_4251,Date_val_4251
4252,Matrix Precision Engineering,VoucherNo_val_4252,Amount_val_4252,TaxRate_val_4252,Date_val_4252
4253,Matrix Precision Engineering,VoucherNo_val_4253,Amount_val_4253,TaxRate_val_4253,Date_val_4253
4254,Matrix Precision Engineering,VoucherNo_val_4254,Amount_val_4254,TaxRate_val_4254,Date_val_4254
4255,Matrix Precision Engineering,VoucherNo_val_4255,Amount_val_4255,TaxRate_val_4255,Date_val_4255
4256,Matrix Precision Engineering,VoucherNo_val_4256,Amount_val_4256,TaxRate_val_4256,Date_val_4256
4257,Matrix Precision Engineering,VoucherNo_val_4257,Amount_val_4257,TaxRate_val_4257,Date_val_4257
4258,Matrix Precision Engineering,VoucherNo_val_4258,Amount_val_4258,TaxRate_val_4258,Date_val_4258
4259,Matrix Precision Engineering,VoucherNo_val_4259,Amount_val_4259,TaxRate_val_4259,Date_val_4259
4260,Matrix Precision Engineering,VoucherNo_val_4260,Amount_val_4260,TaxRate_val_4260,Date_val_4260
4261,Matrix Precision Engineering,VoucherNo_val_4261,Amount_val_4261,TaxRate_val_4261,Date_val_4261
4262,Matrix Precision Engineering,VoucherNo_val_4262,Amount_val_4262,TaxRate_val_4262,Date_val_4262
4263,Matrix Precision Engineering,VoucherNo_val_4263,Amount_val_4263,TaxRate_val_4263,Date_val_4263
4264,Matrix Precision Engineering,VoucherNo_val_4264,Amount_val_4264,TaxRate_val_4264,Date_val_4264
4265,Matrix Precision Engineering,VoucherNo_val_4265,Amount_val_4265,TaxRate_val_4265,Date_val_4265
4266,Matrix Precision Engineering,VoucherNo_val_4266,Amount_val_4266,TaxRate_val_4266,Date_val_4266
4267,Matrix Precision Engineering,VoucherNo_val_4267,Amount_val_4267,TaxRate_val_4267,Date_val_4267
4268,Matrix Precision Engineering,VoucherNo_val_4268,Amount_val_4268,TaxRate_val_4268,Date_val_4268
4269,Matrix Precision Engineering,VoucherNo_val_4269,Amount_val_4269,TaxRate_val_4269,Date_val_4269
4270,Matrix Precision Engineering,VoucherNo_val_4270,Amount_val_4270,TaxRate_val_4270,Date_val_4270
4271,Matrix Precision Engineering,VoucherNo_val_4271,Amount_val_4271,TaxRate_val_4271,Date_val_4271
4272,Matrix Precision Engineering,VoucherNo_val_4272,Amount_val_4272,TaxRate_val_4272,Date_val_4272
4273,Matrix Precision Engineering,VoucherNo_val_4273,Amount_val_4273,TaxRate_val_4273,Date_val_4273
4274,Matrix Precision Engineering,VoucherNo_val_4274,Amount_val_4274,TaxRate_val_4274,Date_val_4274
4275,Matrix Precision Engineering,VoucherNo_val_4275,Amount_val_4275,TaxRate_val_4275,Date_val_4275
4276,Matrix Precision Engineering,VoucherNo_val_4276,Amount_val_4276,TaxRate_val_4276,Date_val_4276
4277,Matrix Precision Engineering,VoucherNo_val_4277,Amount_val_4277,TaxRate_val_4277,Date_val_4277
4278,Matrix Precision Engineering,VoucherNo_val_4278,Amount_val_4278,TaxRate_val_4278,Date_val_4278
4279,Matrix Precision Engineering,VoucherNo_val_4279,Amount_val_4279,TaxRate_val_4279,Date_val_4279
4280,Matrix Precision Engineering,VoucherNo_val_4280,Amount_val_4280,TaxRate_val_4280,Date_val_4280
4281,Matrix Precision Engineering,VoucherNo_val_4281,Amount_val_4281,TaxRate_val_4281,Date_val_4281
4282,Matrix Precision Engineering,VoucherNo_val_4282,Amount_val_4282,TaxRate_val_4282,Date_val_4282
4283,Matrix Precision Engineering,VoucherNo_val_4283,Amount_val_4283,TaxRate_val_4283,Date_val_4283
4284,Matrix Precision Engineering,VoucherNo_val_4284,Amount_val_4284,TaxRate_val_4284,Date_val_4284
4285,Matrix Precision Engineering,VoucherNo_val_4285,Amount_val_4285,TaxRate_val_4285,Date_val_4285
4286,Matrix Precision Engineering,VoucherNo_val_4286,Amount_val_4286,TaxRate_val_4286,Date_val_4286
4287,Matrix Precision Engineering,VoucherNo_val_4287,Amount_val_4287,TaxRate_val_4287,Date_val_4287
4288,Matrix Precision Engineering,VoucherNo_val_4288,Amount_val_4288,TaxRate_val_4288,Date_val_4288
4289,Matrix Precision Engineering,VoucherNo_val_4289,Amount_val_4289,TaxRate_val_4289,Date_val_4289
4290,Matrix Precision Engineering,VoucherNo_val_4290,Amount_val_4290,TaxRate_val_4290,Date_val_4290
4291,Matrix Precision Engineering,VoucherNo_val_4291,Amount_val_4291,TaxRate_val_4291,Date_val_4291
4292,Matrix Precision Engineering,VoucherNo_val_4292,Amount_val_4292,TaxRate_val_4292,Date_val_4292
4293,Matrix Precision Engineering,VoucherNo_val_4293,Amount_val_4293,TaxRate_val_4293,Date_val_4293
4294,Matrix Precision Engineering,VoucherNo_val_4294,Amount_val_4294,TaxRate_val_4294,Date_val_4294
4295,Matrix Precision Engineering,VoucherNo_val_4295,Amount_val_4295,TaxRate_val_4295,Date_val_4295
4296,Matrix Precision Engineering,VoucherNo_val_4296,Amount_val_4296,TaxRate_val_4296,Date_val_4296
4297,Matrix Precision Engineering,VoucherNo_val_4297,Amount_val_4297,TaxRate_val_4297,Date_val_4297
4298,Matrix Precision Engineering,VoucherNo_val_4298,Amount_val_4298,TaxRate_val_4298,Date_val_4298
4299,Matrix Precision Engineering,VoucherNo_val_4299,Amount_val_4299,TaxRate_val_4299,Date_val_4299
4300,Matrix Precision Engineering,VoucherNo_val_4300,Amount_val_4300,TaxRate_val_4300,Date_val_4300
4301,Matrix Precision Engineering,VoucherNo_val_4301,Amount_val_4301,TaxRate_val_4301,Date_val_4301
4302,Matrix Precision Engineering,VoucherNo_val_4302,Amount_val_4302,TaxRate_val_4302,Date_val_4302
4303,Matrix Precision Engineering,VoucherNo_val_4303,Amount_val_4303,TaxRate_val_4303,Date_val_4303
4304,Matrix Precision Engineering,VoucherNo_val_4304,Amount_val_4304,TaxRate_val_4304,Date_val_4304
4305,Matrix Precision Engineering,VoucherNo_val_4305,Amount_val_4305,TaxRate_val_4305,Date_val_4305
4306,Matrix Precision Engineering,VoucherNo_val_4306,Amount_val_4306,TaxRate_val_4306,Date_val_4306
4307,Matrix Precision Engineering,VoucherNo_val_4307,Amount_val_4307,TaxRate_val_4307,Date_val_4307
4308,Matrix Precision Engineering,VoucherNo_val_4308,Amount_val_4308,TaxRate_val_4308,Date_val_4308
4309,Matrix Precision Engineering,VoucherNo_val_4309,Amount_val_4309,TaxRate_val_4309,Date_val_4309
4310,Matrix Precision Engineering,VoucherNo_val_4310,Amount_val_4310,TaxRate_val_4310,Date_val_4310
4311,Matrix Precision Engineering,VoucherNo_val_4311,Amount_val_4311,TaxRate_val_4311,Date_val_4311
4312,Matrix Precision Engineering,VoucherNo_val_4312,Amount_val_4312,TaxRate_val_4312,Date_val_4312
4313,Matrix Precision Engineering,VoucherNo_val_4313,Amount_val_4313,TaxRate_val_4313,Date_val_4313
4314,Matrix Precision Engineering,VoucherNo_val_4314,Amount_val_4314,TaxRate_val_4314,Date_val_4314
4315,Matrix Precision Engineering,VoucherNo_val_4315,Amount_val_4315,TaxRate_val_4315,Date_val_4315
4316,Matrix Precision Engineering,VoucherNo_val_4316,Amount_val_4316,TaxRate_val_4316,Date_val_4316
4317,Matrix Precision Engineering,VoucherNo_val_4317,Amount_val_4317,TaxRate_val_4317,Date_val_4317
4318,Matrix Precision Engineering,VoucherNo_val_4318,Amount_val_4318,TaxRate_val_4318,Date_val_4318
4319,Matrix Precision Engineering,VoucherNo_val_4319,Amount_val_4319,TaxRate_val_4319,Date_val_4319
4320,Matrix Precision Engineering,VoucherNo_val_4320,Amount_val_4320,TaxRate_val_4320,Date_val_4320
4321,Matrix Precision Engineering,VoucherNo_val_4321,Amount_val_4321,TaxRate_val_4321,Date_val_4321
4322,Matrix Precision Engineering,VoucherNo_val_4322,Amount_val_4322,TaxRate_val_4322,Date_val_4322
4323,Matrix Precision Engineering,VoucherNo_val_4323,Amount_val_4323,TaxRate_val_4323,Date_val_4323
4324,Matrix Precision Engineering,VoucherNo_val_4324,Amount_val_4324,TaxRate_val_4324,Date_val_4324
4325,Matrix Precision Engineering,VoucherNo_val_4325,Amount_val_4325,TaxRate_val_4325,Date_val_4325
4326,Matrix Precision Engineering,VoucherNo_val_4326,Amount_val_4326,TaxRate_val_4326,Date_val_4326
4327,Matrix Precision Engineering,VoucherNo_val_4327,Amount_val_4327,TaxRate_val_4327,Date_val_4327
4328,Matrix Precision Engineering,VoucherNo_val_4328,Amount_val_4328,TaxRate_val_4328,Date_val_4328
4329,Matrix Precision Engineering,VoucherNo_val_4329,Amount_val_4329,TaxRate_val_4329,Date_val_4329
4330,Matrix Precision Engineering,VoucherNo_val_4330,Amount_val_4330,TaxRate_val_4330,Date_val_4330
4331,Matrix Precision Engineering,VoucherNo_val_4331,Amount_val_4331,TaxRate_val_4331,Date_val_4331
4332,Matrix Precision Engineering,VoucherNo_val_4332,Amount_val_4332,TaxRate_val_4332,Date_val_4332
4333,Matrix Precision Engineering,VoucherNo_val_4333,Amount_val_4333,TaxRate_val_4333,Date_val_4333
4334,Matrix Precision Engineering,VoucherNo_val_4334,Amount_val_4334,TaxRate_val_4334,Date_val_4334
4335,Matrix Precision Engineering,VoucherNo_val_4335,Amount_val_4335,TaxRate_val_4335,Date_val_4335
4336,Matrix Precision Engineering,VoucherNo_val_4336,Amount_val_4336,TaxRate_val_4336,Date_val_4336
4337,Matrix Precision Engineering,VoucherNo_val_4337,Amount_val_4337,TaxRate_val_4337,Date_val_4337
4338,Matrix Precision Engineering,VoucherNo_val_4338,Amount_val_4338,TaxRate_val_4338,Date_val_4338
4339,Matrix Precision Engineering,VoucherNo_val_4339,Amount_val_4339,TaxRate_val_4339,Date_val_4339
4340,Matrix Precision Engineering,VoucherNo_val_4340,Amount_val_4340,TaxRate_val_4340,Date_val_4340
4341,Matrix Precision Engineering,VoucherNo_val_4341,Amount_val_4341,TaxRate_val_4341,Date_val_4341
4342,Matrix Precision Engineering,VoucherNo_val_4342,Amount_val_4342,TaxRate_val_4342,Date_val_4342
4343,Matrix Precision Engineering,VoucherNo_val_4343,Amount_val_4343,TaxRate_val_4343,Date_val_4343
4344,Matrix Precision Engineering,VoucherNo_val_4344,Amount_val_4344,TaxRate_val_4344,Date_val_4344
4345,Matrix Precision Engineering,VoucherNo_val_4345,Amount_val_4345,TaxRate_val_4345,Date_val_4345
4346,Matrix Precision Engineering,VoucherNo_val_4346,Amount_val_4346,TaxRate_val_4346,Date_val_4346
4347,Matrix Precision Engineering,VoucherNo_val_4347,Amount_val_4347,TaxRate_val_4347,Date_val_4347
4348,Matrix Precision Engineering,VoucherNo_val_4348,Amount_val_4348,TaxRate_val_4348,Date_val_4348
4349,Matrix Precision Engineering,VoucherNo_val_4349,Amount_val_4349,TaxRate_val_4349,Date_val_4349
4350,Matrix Precision Engineering,VoucherNo_val_4350,Amount_val_4350,TaxRate_val_4350,Date_val_4350
4351,Matrix Precision Engineering,VoucherNo_val_4351,Amount_val_4351,TaxRate_val_4351,Date_val_4351
4352,Matrix Precision Engineering,VoucherNo_val_4352,Amount_val_4352,TaxRate_val_4352,Date_val_4352
4353,Matrix Precision Engineering,VoucherNo_val_4353,Amount_val_4353,TaxRate_val_4353,Date_val_4353
4354,Matrix Precision Engineering,VoucherNo_val_4354,Amount_val_4354,TaxRate_val_4354,Date_val_4354
4355,Matrix Precision Engineering,VoucherNo_val_4355,Amount_val_4355,TaxRate_val_4355,Date_val_4355
4356,Matrix Precision Engineering,VoucherNo_val_4356,Amount_val_4356,TaxRate_val_4356,Date_val_4356
4357,Matrix Precision Engineering,VoucherNo_val_4357,Amount_val_4357,TaxRate_val_4357,Date_val_4357
4358,Matrix Precision Engineering,VoucherNo_val_4358,Amount_val_4358,TaxRate_val_4358,Date_val_4358
4359,Matrix Precision Engineering,VoucherNo_val_4359,Amount_val_4359,TaxRate_val_4359,Date_val_4359
4360,Matrix Precision Engineering,VoucherNo_val_4360,Amount_val_4360,TaxRate_val_4360,Date_val_4360
4361,Matrix Precision Engineering,VoucherNo_val_4361,Amount_val_4361,TaxRate_val_4361,Date_val_4361
4362,Matrix Precision Engineering,VoucherNo_val_4362,Amount_val_4362,TaxRate_val_4362,Date_val_4362
4363,Matrix Precision Engineering,VoucherNo_val_4363,Amount_val_4363,TaxRate_val_4363,Date_val_4363
4364,Matrix Precision Engineering,VoucherNo_val_4364,Amount_val_4364,TaxRate_val_4364,Date_val_4364
4365,Matrix Precision Engineering,VoucherNo_val_4365,Amount_val_4365,TaxRate_val_4365,Date_val_4365
4366,Matrix Precision Engineering,VoucherNo_val_4366,Amount_val_4366,TaxRate_val_4366,Date_val_4366
4367,Matrix Precision Engineering,VoucherNo_val_4367,Amount_val_4367,TaxRate_val_4367,Date_val_4367
4368,Matrix Precision Engineering,VoucherNo_val_4368,Amount_val_4368,TaxRate_val_4368,Date_val_4368
4369,Matrix Precision Engineering,VoucherNo_val_4369,Amount_val_4369,TaxRate_val_4369,Date_val_4369
4370,Matrix Precision Engineering,VoucherNo_val_4370,Amount_val_4370,TaxRate_val_4370,Date_val_4370
4371,Matrix Precision Engineering,VoucherNo_val_4371,Amount_val_4371,TaxRate_val_4371,Date_val_4371
4372,Matrix Precision Engineering,VoucherNo_val_4372,Amount_val_4372,TaxRate_val_4372,Date_val_4372
4373,Matrix Precision Engineering,VoucherNo_val_4373,Amount_val_4373,TaxRate_val_4373,Date_val_4373
4374,Matrix Precision Engineering,VoucherNo_val_4374,Amount_val_4374,TaxRate_val_4374,Date_val_4374
4375,Matrix Precision Engineering,VoucherNo_val_4375,Amount_val_4375,TaxRate_val_4375,Date_val_4375
4376,Matrix Precision Engineering,VoucherNo_val_4376,Amount_val_4376,TaxRate_val_4376,Date_val_4376
4377,Matrix Precision Engineering,VoucherNo_val_4377,Amount_val_4377,TaxRate_val_4377,Date_val_4377
4378,Matrix Precision Engineering,VoucherNo_val_4378,Amount_val_4378,TaxRate_val_4378,Date_val_4378
4379,Matrix Precision Engineering,VoucherNo_val_4379,Amount_val_4379,TaxRate_val_4379,Date_val_4379
4380,Matrix Precision Engineering,VoucherNo_val_4380,Amount_val_4380,TaxRate_val_4380,Date_val_4380
4381,Matrix Precision Engineering,VoucherNo_val_4381,Amount_val_4381,TaxRate_val_4381,Date_val_4381
4382,Matrix Precision Engineering,VoucherNo_val_4382,Amount_val_4382,TaxRate_val_4382,Date_val_4382
4383,Matrix Precision Engineering,VoucherNo_val_4383,Amount_val_4383,TaxRate_val_4383,Date_val_4383
4384,Matrix Precision Engineering,VoucherNo_val_4384,Amount_val_4384,TaxRate_val_4384,Date_val_4384
4385,Matrix Precision Engineering,VoucherNo_val_4385,Amount_val_4385,TaxRate_val_4385,Date_val_4385
4386,Matrix Precision Engineering,VoucherNo_val_4386,Amount_val_4386,TaxRate_val_4386,Date_val_4386
4387,Matrix Precision Engineering,VoucherNo_val_4387,Amount_val_4387,TaxRate_val_4387,Date_val_4387
4388,Matrix Precision Engineering,VoucherNo_val_4388,Amount_val_4388,TaxRate_val_4388,Date_val_4388
4389,Matrix Precision Engineering,VoucherNo_val_4389,Amount_val_4389,TaxRate_val_4389,Date_val_4389
4390,Matrix Precision Engineering,VoucherNo_val_4390,Amount_val_4390,TaxRate_val_4390,Date_val_4390
4391,Matrix Precision Engineering,VoucherNo_val_4391,Amount_val_4391,TaxRate_val_4391,Date_val_4391
4392,Matrix Precision Engineering,VoucherNo_val_4392,Amount_val_4392,TaxRate_val_4392,Date_val_4392
4393,Matrix Precision Engineering,VoucherNo_val_4393,Amount_val_4393,TaxRate_val_4393,Date_val_4393
4394,Matrix Precision Engineering,VoucherNo_val_4394,Amount_val_4394,TaxRate_val_4394,Date_val_4394
4395,Matrix Precision Engineering,VoucherNo_val_4395,Amount_val_4395,TaxRate_val_4395,Date_val_4395
4396,Matrix Precision Engineering,VoucherNo_val_4396,Amount_val_4396,TaxRate_val_4396,Date_val_4396
4397,Matrix Precision Engineering,VoucherNo_val_4397,Amount_val_4397,TaxRate_val_4397,Date_val_4397
4398,Matrix Precision Engineering,VoucherNo_val_4398,Amount_val_4398,TaxRate_val_4398,Date_val_4398
4399,Matrix Precision Engineering,VoucherNo_val_4399,Amount_val_4399,TaxRate_val_4399,Date_val_4399
4400,Matrix Precision Engineering,VoucherNo_val_4400,Amount_val_4400,TaxRate_val_4400,Date_val_4400
4401,Matrix Precision Engineering,VoucherNo_val_4401,Amount_val_4401,TaxRate_val_4401,Date_val_4401
4402,Matrix Precision Engineering,VoucherNo_val_4402,Amount_val_4402,TaxRate_val_4402,Date_val_4402
4403,Matrix Precision Engineering,VoucherNo_val_4403,Amount_val_4403,TaxRate_val_4403,Date_val_4403
4404,Matrix Precision Engineering,VoucherNo_val_4404,Amount_val_4404,TaxRate_val_4404,Date_val_4404
4405,Matrix Precision Engineering,VoucherNo_val_4405,Amount_val_4405,TaxRate_val_4405,Date_val_4405
4406,Matrix Precision Engineering,VoucherNo_val_4406,Amount_val_4406,TaxRate_val_4406,Date_val_4406
4407,Matrix Precision Engineering,VoucherNo_val_4407,Amount_val_4407,TaxRate_val_4407,Date_val_4407
4408,Matrix Precision Engineering,VoucherNo_val_4408,Amount_val_4408,TaxRate_val_4408,Date_val_4408
4409,Matrix Precision Engineering,VoucherNo_val_4409,Amount_val_4409,TaxRate_val_4409,Date_val_4409
4410,Matrix Precision Engineering,VoucherNo_val_4410,Amount_val_4410,TaxRate_val_4410,Date_val_4410
4411,Matrix Precision Engineering,VoucherNo_val_4411,Amount_val_4411,TaxRate_val_4411,Date_val_4411
4412,Matrix Precision Engineering,VoucherNo_val_4412,Amount_val_4412,TaxRate_val_4412,Date_val_4412
4413,Matrix Precision Engineering,VoucherNo_val_4413,Amount_val_4413,TaxRate_val_4413,Date_val_4413
4414,Matrix Precision Engineering,VoucherNo_val_4414,Amount_val_4414,TaxRate_val_4414,Date_val_4414
4415,Matrix Precision Engineering,VoucherNo_val_4415,Amount_val_4415,TaxRate_val_4415,Date_val_4415
4416,Matrix Precision Engineering,VoucherNo_val_4416,Amount_val_4416,TaxRate_val_4416,Date_val_4416
4417,Matrix Precision Engineering,VoucherNo_val_4417,Amount_val_4417,TaxRate_val_4417,Date_val_4417
4418,Matrix Precision Engineering,VoucherNo_val_4418,Amount_val_4418,TaxRate_val_4418,Date_val_4418
4419,Matrix Precision Engineering,VoucherNo_val_4419,Amount_val_4419,TaxRate_val_4419,Date_val_4419
4420,Matrix Precision Engineering,VoucherNo_val_4420,Amount_val_4420,TaxRate_val_4420,Date_val_4420
4421,Matrix Precision Engineering,VoucherNo_val_4421,Amount_val_4421,TaxRate_val_4421,Date_val_4421
4422,Matrix Precision Engineering,VoucherNo_val_4422,Amount_val_4422,TaxRate_val_4422,Date_val_4422
4423,Matrix Precision Engineering,VoucherNo_val_4423,Amount_val_4423,TaxRate_val_4423,Date_val_4423
4424,Matrix Precision Engineering,VoucherNo_val_4424,Amount_val_4424,TaxRate_val_4424,Date_val_4424
4425,Matrix Precision Engineering,VoucherNo_val_4425,Amount_val_4425,TaxRate_val_4425,Date_val_4425
4426,Matrix Precision Engineering,VoucherNo_val_4426,Amount_val_4426,TaxRate_val_4426,Date_val_4426
4427,Matrix Precision Engineering,VoucherNo_val_4427,Amount_val_4427,TaxRate_val_4427,Date_val_4427
4428,Matrix Precision Engineering,VoucherNo_val_4428,Amount_val_4428,TaxRate_val_4428,Date_val_4428
4429,Matrix Precision Engineering,VoucherNo_val_4429,Amount_val_4429,TaxRate_val_4429,Date_val_4429
4430,Matrix Precision Engineering,VoucherNo_val_4430,Amount_val_4430,TaxRate_val_4430,Date_val_4430
4431,Matrix Precision Engineering,VoucherNo_val_4431,Amount_val_4431,TaxRate_val_4431,Date_val_4431
4432,Matrix Precision Engineering,VoucherNo_val_4432,Amount_val_4432,TaxRate_val_4432,Date_val_4432
4433,Matrix Precision Engineering,VoucherNo_val_4433,Amount_val_4433,TaxRate_val_4433,Date_val_4433
4434,Matrix Precision Engineering,VoucherNo_val_4434,Amount_val_4434,TaxRate_val_4434,Date_val_4434
4435,Matrix Precision Engineering,VoucherNo_val_4435,Amount_val_4435,TaxRate_val_4435,Date_val_4435
4436,Matrix Precision Engineering,VoucherNo_val_4436,Amount_val_4436,TaxRate_val_4436,Date_val_4436
4437,Matrix Precision Engineering,VoucherNo_val_4437,Amount_val_4437,TaxRate_val_4437,Date_val_4437
4438,Matrix Precision Engineering,VoucherNo_val_4438,Amount_val_4438,TaxRate_val_4438,Date_val_4438
4439,Matrix Precision Engineering,VoucherNo_val_4439,Amount_val_4439,TaxRate_val_4439,Date_val_4439
4440,Matrix Precision Engineering,VoucherNo_val_4440,Amount_val_4440,TaxRate_val_4440,Date_val_4440
4441,Matrix Precision Engineering,VoucherNo_val_4441,Amount_val_4441,TaxRate_val_4441,Date_val_4441
4442,Matrix Precision Engineering,VoucherNo_val_4442,Amount_val_4442,TaxRate_val_4442,Date_val_4442
4443,Matrix Precision Engineering,VoucherNo_val_4443,Amount_val_4443,TaxRate_val_4443,Date_val_4443
4444,Matrix Precision Engineering,VoucherNo_val_4444,Amount_val_4444,TaxRate_val_4444,Date_val_4444
4445,Matrix Precision Engineering,VoucherNo_val_4445,Amount_val_4445,TaxRate_val_4445,Date_val_4445
4446,Matrix Precision Engineering,VoucherNo_val_4446,Amount_val_4446,TaxRate_val_4446,Date_val_4446
4447,Matrix Precision Engineering,VoucherNo_val_4447,Amount_val_4447,TaxRate_val_4447,Date_val_4447
4448,Matrix Precision Engineering,VoucherNo_val_4448,Amount_val_4448,TaxRate_val_4448,Date_val_4448
4449,Matrix Precision Engineering,VoucherNo_val_4449,Amount_val_4449,TaxRate_val_4449,Date_val_4449
4450,Matrix Precision Engineering,VoucherNo_val_4450,Amount_val_4450,TaxRate_val_4450,Date_val_4450
4451,Matrix Precision Engineering,VoucherNo_val_4451,Amount_val_4451,TaxRate_val_4451,Date_val_4451
4452,Matrix Precision Engineering,VoucherNo_val_4452,Amount_val_4452,TaxRate_val_4452,Date_val_4452
4453,Matrix Precision Engineering,VoucherNo_val_4453,Amount_val_4453,TaxRate_val_4453,Date_val_4453
4454,Matrix Precision Engineering,VoucherNo_val_4454,Amount_val_4454,TaxRate_val_4454,Date_val_4454
4455,Matrix Precision Engineering,VoucherNo_val_4455,Amount_val_4455,TaxRate_val_4455,Date_val_4455
4456,Matrix Precision Engineering,VoucherNo_val_4456,Amount_val_4456,TaxRate_val_4456,Date_val_4456
4457,Matrix Precision Engineering,VoucherNo_val_4457,Amount_val_4457,TaxRate_val_4457,Date_val_4457
4458,Matrix Precision Engineering,VoucherNo_val_4458,Amount_val_4458,TaxRate_val_4458,Date_val_4458
4459,Matrix Precision Engineering,VoucherNo_val_4459,Amount_val_4459,TaxRate_val_4459,Date_val_4459
4460,Matrix Precision Engineering,VoucherNo_val_4460,Amount_val_4460,TaxRate_val_4460,Date_val_4460
4461,Matrix Precision Engineering,VoucherNo_val_4461,Amount_val_4461,TaxRate_val_4461,Date_val_4461
4462,Matrix Precision Engineering,VoucherNo_val_4462,Amount_val_4462,TaxRate_val_4462,Date_val_4462
4463,Matrix Precision Engineering,VoucherNo_val_4463,Amount_val_4463,TaxRate_val_4463,Date_val_4463
4464,Matrix Precision Engineering,VoucherNo_val_4464,Amount_val_4464,TaxRate_val_4464,Date_val_4464
4465,Matrix Precision Engineering,VoucherNo_val_4465,Amount_val_4465,TaxRate_val_4465,Date_val_4465
4466,Matrix Precision Engineering,VoucherNo_val_4466,Amount_val_4466,TaxRate_val_4466,Date_val_4466
4467,Matrix Precision Engineering,VoucherNo_val_4467,Amount_val_4467,TaxRate_val_4467,Date_val_4467
4468,Matrix Precision Engineering,VoucherNo_val_4468,Amount_val_4468,TaxRate_val_4468,Date_val_4468
4469,Matrix Precision Engineering,VoucherNo_val_4469,Amount_val_4469,TaxRate_val_4469,Date_val_4469
4470,Matrix Precision Engineering,VoucherNo_val_4470,Amount_val_4470,TaxRate_val_4470,Date_val_4470
4471,Matrix Precision Engineering,VoucherNo_val_4471,Amount_val_4471,TaxRate_val_4471,Date_val_4471
4472,Matrix Precision Engineering,VoucherNo_val_4472,Amount_val_4472,TaxRate_val_4472,Date_val_4472
4473,Matrix Precision Engineering,VoucherNo_val_4473,Amount_val_4473,TaxRate_val_4473,Date_val_4473
4474,Matrix Precision Engineering,VoucherNo_val_4474,Amount_val_4474,TaxRate_val_4474,Date_val_4474
4475,Matrix Precision Engineering,VoucherNo_val_4475,Amount_val_4475,TaxRate_val_4475,Date_val_4475
4476,Matrix Precision Engineering,VoucherNo_val_4476,Amount_val_4476,TaxRate_val_4476,Date_val_4476
4477,Matrix Precision Engineering,VoucherNo_val_4477,Amount_val_4477,TaxRate_val_4477,Date_val_4477
4478,Matrix Precision Engineering,VoucherNo_val_4478,Amount_val_4478,TaxRate_val_4478,Date_val_4478
4479,Matrix Precision Engineering,VoucherNo_val_4479,Amount_val_4479,TaxRate_val_4479,Date_val_4479
4480,Matrix Precision Engineering,VoucherNo_val_4480,Amount_val_4480,TaxRate_val_4480,Date_val_4480
4481,Matrix Precision Engineering,VoucherNo_val_4481,Amount_val_4481,TaxRate_val_4481,Date_val_4481
4482,Matrix Precision Engineering,VoucherNo_val_4482,Amount_val_4482,TaxRate_val_4482,Date_val_4482
4483,Matrix Precision Engineering,VoucherNo_val_4483,Amount_val_4483,TaxRate_val_4483,Date_val_4483
4484,Matrix Precision Engineering,VoucherNo_val_4484,Amount_val_4484,TaxRate_val_4484,Date_val_4484
4485,Matrix Precision Engineering,VoucherNo_val_4485,Amount_val_4485,TaxRate_val_4485,Date_val_4485
4486,Matrix Precision Engineering,VoucherNo_val_4486,Amount_val_4486,TaxRate_val_4486,Date_val_4486
4487,Matrix Precision Engineering,VoucherNo_val_4487,Amount_val_4487,TaxRate_val_4487,Date_val_4487
4488,Matrix Precision Engineering,VoucherNo_val_4488,Amount_val_4488,TaxRate_val_4488,Date_val_4488
4489,Matrix Precision Engineering,VoucherNo_val_4489,Amount_val_4489,TaxRate_val_4489,Date_val_4489
4490,Matrix Precision Engineering,VoucherNo_val_4490,Amount_val_4490,TaxRate_val_4490,Date_val_4490
4491,Matrix Precision Engineering,VoucherNo_val_4491,Amount_val_4491,TaxRate_val_4491,Date_val_4491
4492,Matrix Precision Engineering,VoucherNo_val_4492,Amount_val_4492,TaxRate_val_4492,Date_val_4492
4493,Matrix Precision Engineering,VoucherNo_val_4493,Amount_val_4493,TaxRate_val_4493,Date_val_4493
4494,Matrix Precision Engineering,VoucherNo_val_4494,Amount_val_4494,TaxRate_val_4494,Date_val_4494
4495,Matrix Precision Engineering,VoucherNo_val_4495,Amount_val_4495,TaxRate_val_4495,Date_val_4495
4496,Matrix Precision Engineering,VoucherNo_val_4496,Amount_val_4496,TaxRate_val_4496,Date_val_4496
4497,Matrix Precision Engineering,VoucherNo_val_4497,Amount_val_4497,TaxRate_val_4497,Date_val_4497
4498,Matrix Precision Engineering,VoucherNo_val_4498,Amount_val_4498,TaxRate_val_4498,Date_val_4498
4499,Matrix Precision Engineering,VoucherNo_val_4499,Amount_val_4499,TaxRate_val_4499,Date_val_4499
4500,Matrix Precision Engineering,VoucherNo_val_4500,Amount_val_4500,TaxRate_val_4500,Date_val_4500
4501,Matrix Precision Engineering,VoucherNo_val_4501,Amount_val_4501,TaxRate_val_4501,Date_val_4501
4502,Matrix Precision Engineering,VoucherNo_val_4502,Amount_val_4502,TaxRate_val_4502,Date_val_4502
4503,Matrix Precision Engineering,VoucherNo_val_4503,Amount_val_4503,TaxRate_val_4503,Date_val_4503
4504,Matrix Precision Engineering,VoucherNo_val_4504,Amount_val_4504,TaxRate_val_4504,Date_val_4504
4505,Matrix Precision Engineering,VoucherNo_val_4505,Amount_val_4505,TaxRate_val_4505,Date_val_4505
4506,Matrix Precision Engineering,VoucherNo_val_4506,Amount_val_4506,TaxRate_val_4506,Date_val_4506
4507,Matrix Precision Engineering,VoucherNo_val_4507,Amount_val_4507,TaxRate_val_4507,Date_val_4507
4508,Matrix Precision Engineering,VoucherNo_val_4508,Amount_val_4508,TaxRate_val_4508,Date_val_4508
4509,Matrix Precision Engineering,VoucherNo_val_4509,Amount_val_4509,TaxRate_val_4509,Date_val_4509
4510,Matrix Precision Engineering,VoucherNo_val_4510,Amount_val_4510,TaxRate_val_4510,Date_val_4510
4511,Matrix Precision Engineering,VoucherNo_val_4511,Amount_val_4511,TaxRate_val_4511,Date_val_4511
4512,Matrix Precision Engineering,VoucherNo_val_4512,Amount_val_4512,TaxRate_val_4512,Date_val_4512
4513,Matrix Precision Engineering,VoucherNo_val_4513,Amount_val_4513,TaxRate_val_4513,Date_val_4513
4514,Matrix Precision Engineering,VoucherNo_val_4514,Amount_val_4514,TaxRate_val_4514,Date_val_4514
4515,Matrix Precision Engineering,VoucherNo_val_4515,Amount_val_4515,TaxRate_val_4515,Date_val_4515
4516,Matrix Precision Engineering,VoucherNo_val_4516,Amount_val_4516,TaxRate_val_4516,Date_val_4516
4517,Matrix Precision Engineering,VoucherNo_val_4517,Amount_val_4517,TaxRate_val_4517,Date_val_4517
4518,Matrix Precision Engineering,VoucherNo_val_4518,Amount_val_4518,TaxRate_val_4518,Date_val_4518
4519,Matrix Precision Engineering,VoucherNo_val_4519,Amount_val_4519,TaxRate_val_4519,Date_val_4519
4520,Matrix Precision Engineering,VoucherNo_val_4520,Amount_val_4520,TaxRate_val_4520,Date_val_4520
4521,Matrix Precision Engineering,VoucherNo_val_4521,Amount_val_4521,TaxRate_val_4521,Date_val_4521
4522,Matrix Precision Engineering,VoucherNo_val_4522,Amount_val_4522,TaxRate_val_4522,Date_val_4522
4523,Matrix Precision Engineering,VoucherNo_val_4523,Amount_val_4523,TaxRate_val_4523,Date_val_4523
4524,Matrix Precision Engineering,VoucherNo_val_4524,Amount_val_4524,TaxRate_val_4524,Date_val_4524
4525,Matrix Precision Engineering,VoucherNo_val_4525,Amount_val_4525,TaxRate_val_4525,Date_val_4525
4526,Matrix Precision Engineering,VoucherNo_val_4526,Amount_val_4526,TaxRate_val_4526,Date_val_4526
4527,Matrix Precision Engineering,VoucherNo_val_4527,Amount_val_4527,TaxRate_val_4527,Date_val_4527
4528,Matrix Precision Engineering,VoucherNo_val_4528,Amount_val_4528,TaxRate_val_4528,Date_val_4528
4529,Matrix Precision Engineering,VoucherNo_val_4529,Amount_val_4529,TaxRate_val_4529,Date_val_4529
4530,Matrix Precision Engineering,VoucherNo_val_4530,Amount_val_4530,TaxRate_val_4530,Date_val_4530
4531,Matrix Precision Engineering,VoucherNo_val_4531,Amount_val_4531,TaxRate_val_4531,Date_val_4531
4532,Matrix Precision Engineering,VoucherNo_val_4532,Amount_val_4532,TaxRate_val_4532,Date_val_4532
4533,Matrix Precision Engineering,VoucherNo_val_4533,Amount_val_4533,TaxRate_val_4533,Date_val_4533
4534,Matrix Precision Engineering,VoucherNo_val_4534,Amount_val_4534,TaxRate_val_4534,Date_val_4534
4535,Matrix Precision Engineering,VoucherNo_val_4535,Amount_val_4535,TaxRate_val_4535,Date_val_4535
4536,Matrix Precision Engineering,VoucherNo_val_4536,Amount_val_4536,TaxRate_val_4536,Date_val_4536
4537,Matrix Precision Engineering,VoucherNo_val_4537,Amount_val_4537,TaxRate_val_4537,Date_val_4537
4538,Matrix Precision Engineering,VoucherNo_val_4538,Amount_val_4538,TaxRate_val_4538,Date_val_4538
4539,Matrix Precision Engineering,VoucherNo_val_4539,Amount_val_4539,TaxRate_val_4539,Date_val_4539
4540,Matrix Precision Engineering,VoucherNo_val_4540,Amount_val_4540,TaxRate_val_4540,Date_val_4540
4541,Matrix Precision Engineering,VoucherNo_val_4541,Amount_val_4541,TaxRate_val_4541,Date_val_4541
4542,Matrix Precision Engineering,VoucherNo_val_4542,Amount_val_4542,TaxRate_val_4542,Date_val_4542
4543,Matrix Precision Engineering,VoucherNo_val_4543,Amount_val_4543,TaxRate_val_4543,Date_val_4543
4544,Matrix Precision Engineering,VoucherNo_val_4544,Amount_val_4544,TaxRate_val_4544,Date_val_4544
4545,Matrix Precision Engineering,VoucherNo_val_4545,Amount_val_4545,TaxRate_val_4545,Date_val_4545
4546,Matrix Precision Engineering,VoucherNo_val_4546,Amount_val_4546,TaxRate_val_4546,Date_val_4546
4547,Matrix Precision Engineering,VoucherNo_val_4547,Amount_val_4547,TaxRate_val_4547,Date_val_4547
4548,Matrix Precision Engineering,VoucherNo_val_4548,Amount_val_4548,TaxRate_val_4548,Date_val_4548
4549,Matrix Precision Engineering,VoucherNo_val_4549,Amount_val_4549,TaxRate_val_4549,Date_val_4549
4550,Matrix Precision Engineering,VoucherNo_val_4550,Amount_val_4550,TaxRate_val_4550,Date_val_4550
4551,Matrix Precision Engineering,VoucherNo_val_4551,Amount_val_4551,TaxRate_val_4551,Date_val_4551
4552,Matrix Precision Engineering,VoucherNo_val_4552,Amount_val_4552,TaxRate_val_4552,Date_val_4552
4553,Matrix Precision Engineering,VoucherNo_val_4553,Amount_val_4553,TaxRate_val_4553,Date_val_4553
4554,Matrix Precision Engineering,VoucherNo_val_4554,Amount_val_4554,TaxRate_val_4554,Date_val_4554
4555,Matrix Precision Engineering,VoucherNo_val_4555,Amount_val_4555,TaxRate_val_4555,Date_val_4555
4556,Matrix Precision Engineering,VoucherNo_val_4556,Amount_val_4556,TaxRate_val_4556,Date_val_4556
4557,Matrix Precision Engineering,VoucherNo_val_4557,Amount_val_4557,TaxRate_val_4557,Date_val_4557
4558,Matrix Precision Engineering,VoucherNo_val_4558,Amount_val_4558,TaxRate_val_4558,Date_val_4558
4559,Matrix Precision Engineering,VoucherNo_val_4559,Amount_val_4559,TaxRate_val_4559,Date_val_4559
4560,Matrix Precision Engineering,VoucherNo_val_4560,Amount_val_4560,TaxRate_val_4560,Date_val_4560
4561,Matrix Precision Engineering,VoucherNo_val_4561,Amount_val_4561,TaxRate_val_4561,Date_val_4561
4562,Matrix Precision Engineering,VoucherNo_val_4562,Amount_val_4562,TaxRate_val_4562,Date_val_4562
4563,Matrix Precision Engineering,VoucherNo_val_4563,Amount_val_4563,TaxRate_val_4563,Date_val_4563
4564,Matrix Precision Engineering,VoucherNo_val_4564,Amount_val_4564,TaxRate_val_4564,Date_val_4564
4565,Matrix Precision Engineering,VoucherNo_val_4565,Amount_val_4565,TaxRate_val_4565,Date_val_4565
4566,Matrix Precision Engineering,VoucherNo_val_4566,Amount_val_4566,TaxRate_val_4566,Date_val_4566
4567,Matrix Precision Engineering,VoucherNo_val_4567,Amount_val_4567,TaxRate_val_4567,Date_val_4567
4568,Matrix Precision Engineering,VoucherNo_val_4568,Amount_val_4568,TaxRate_val_4568,Date_val_4568
4569,Matrix Precision Engineering,VoucherNo_val_4569,Amount_val_4569,TaxRate_val_4569,Date_val_4569
4570,Matrix Precision Engineering,VoucherNo_val_4570,Amount_val_4570,TaxRate_val_4570,Date_val_4570
4571,Matrix Precision Engineering,VoucherNo_val_4571,Amount_val_4571,TaxRate_val_4571,Date_val_4571
4572,Matrix Precision Engineering,VoucherNo_val_4572,Amount_val_4572,TaxRate_val_4572,Date_val_4572
4573,Matrix Precision Engineering,VoucherNo_val_4573,Amount_val_4573,TaxRate_val_4573,Date_val_4573
4574,Matrix Precision Engineering,VoucherNo_val_4574,Amount_val_4574,TaxRate_val_4574,Date_val_4574
4575,Matrix Precision Engineering,VoucherNo_val_4575,Amount_val_4575,TaxRate_val_4575,Date_val_4575
4576,Matrix Precision Engineering,VoucherNo_val_4576,Amount_val_4576,TaxRate_val_4576,Date_val_4576
4577,Matrix Precision Engineering,VoucherNo_val_4577,Amount_val_4577,TaxRate_val_4577,Date_val_4577
4578,Matrix Precision Engineering,VoucherNo_val_4578,Amount_val_4578,TaxRate_val_4578,Date_val_4578
4579,Matrix Precision Engineering,VoucherNo_val_4579,Amount_val_4579,TaxRate_val_4579,Date_val_4579
4580,Matrix Precision Engineering,VoucherNo_val_4580,Amount_val_4580,TaxRate_val_4580,Date_val_4580
4581,Matrix Precision Engineering,VoucherNo_val_4581,Amount_val_4581,TaxRate_val_4581,Date_val_4581
4582,Matrix Precision Engineering,VoucherNo_val_4582,Amount_val_4582,TaxRate_val_4582,Date_val_4582
4583,Matrix Precision Engineering,VoucherNo_val_4583,Amount_val_4583,TaxRate_val_4583,Date_val_4583
4584,Matrix Precision Engineering,VoucherNo_val_4584,Amount_val_4584,TaxRate_val_4584,Date_val_4584
4585,Matrix Precision Engineering,VoucherNo_val_4585,Amount_val_4585,TaxRate_val_4585,Date_val_4585
4586,Matrix Precision Engineering,VoucherNo_val_4586,Amount_val_4586,TaxRate_val_4586,Date_val_4586
4587,Matrix Precision Engineering,VoucherNo_val_4587,Amount_val_4587,TaxRate_val_4587,Date_val_4587
4588,Matrix Precision Engineering,VoucherNo_val_4588,Amount_val_4588,TaxRate_val_4588,Date_val_4588
4589,Matrix Precision Engineering,VoucherNo_val_4589,Amount_val_4589,TaxRate_val_4589,Date_val_4589
4590,Matrix Precision Engineering,VoucherNo_val_4590,Amount_val_4590,TaxRate_val_4590,Date_val_4590
4591,Matrix Precision Engineering,VoucherNo_val_4591,Amount_val_4591,TaxRate_val_4591,Date_val_4591
4592,Matrix Precision Engineering,VoucherNo_val_4592,Amount_val_4592,TaxRate_val_4592,Date_val_4592
4593,Matrix Precision Engineering,VoucherNo_val_4593,Amount_val_4593,TaxRate_val_4593,Date_val_4593
4594,Matrix Precision Engineering,VoucherNo_val_4594,Amount_val_4594,TaxRate_val_4594,Date_val_4594
4595,Matrix Precision Engineering,VoucherNo_val_4595,Amount_val_4595,TaxRate_val_4595,Date_val_4595
4596,Matrix Precision Engineering,VoucherNo_val_4596,Amount_val_4596,TaxRate_val_4596,Date_val_4596
4597,Matrix Precision Engineering,VoucherNo_val_4597,Amount_val_4597,TaxRate_val_4597,Date_val_4597
4598,Matrix Precision Engineering,VoucherNo_val_4598,Amount_val_4598,TaxRate_val_4598,Date_val_4598
4599,Matrix Precision Engineering,VoucherNo_val_4599,Amount_val_4599,TaxRate_val_4599,Date_val_4599
4600,Matrix Precision Engineering,VoucherNo_val_4600,Amount_val_4600,TaxRate_val_4600,Date_val_4600
4601,Matrix Precision Engineering,VoucherNo_val_4601,Amount_val_4601,TaxRate_val_4601,Date_val_4601
4602,Matrix Precision Engineering,VoucherNo_val_4602,Amount_val_4602,TaxRate_val_4602,Date_val_4602
4603,Matrix Precision Engineering,VoucherNo_val_4603,Amount_val_4603,TaxRate_val_4603,Date_val_4603
4604,Matrix Precision Engineering,VoucherNo_val_4604,Amount_val_4604,TaxRate_val_4604,Date_val_4604
4605,Matrix Precision Engineering,VoucherNo_val_4605,Amount_val_4605,TaxRate_val_4605,Date_val_4605
4606,Matrix Precision Engineering,VoucherNo_val_4606,Amount_val_4606,TaxRate_val_4606,Date_val_4606
4607,Matrix Precision Engineering,VoucherNo_val_4607,Amount_val_4607,TaxRate_val_4607,Date_val_4607
4608,Matrix Precision Engineering,VoucherNo_val_4608,Amount_val_4608,TaxRate_val_4608,Date_val_4608
4609,Matrix Precision Engineering,VoucherNo_val_4609,Amount_val_4609,TaxRate_val_4609,Date_val_4609
4610,Matrix Precision Engineering,VoucherNo_val_4610,Amount_val_4610,TaxRate_val_4610,Date_val_4610
4611,Matrix Precision Engineering,VoucherNo_val_4611,Amount_val_4611,TaxRate_val_4611,Date_val_4611
4612,Matrix Precision Engineering,VoucherNo_val_4612,Amount_val_4612,TaxRate_val_4612,Date_val_4612
4613,Matrix Precision Engineering,VoucherNo_val_4613,Amount_val_4613,TaxRate_val_4613,Date_val_4613
4614,Matrix Precision Engineering,VoucherNo_val_4614,Amount_val_4614,TaxRate_val_4614,Date_val_4614
4615,Matrix Precision Engineering,VoucherNo_val_4615,Amount_val_4615,TaxRate_val_4615,Date_val_4615
4616,Matrix Precision Engineering,VoucherNo_val_4616,Amount_val_4616,TaxRate_val_4616,Date_val_4616
4617,Matrix Precision Engineering,VoucherNo_val_4617,Amount_val_4617,TaxRate_val_4617,Date_val_4617
4618,Matrix Precision Engineering,VoucherNo_val_4618,Amount_val_4618,TaxRate_val_4618,Date_val_4618
4619,Matrix Precision Engineering,VoucherNo_val_4619,Amount_val_4619,TaxRate_val_4619,Date_val_4619
4620,Matrix Precision Engineering,VoucherNo_val_4620,Amount_val_4620,TaxRate_val_4620,Date_val_4620
4621,Matrix Precision Engineering,VoucherNo_val_4621,Amount_val_4621,TaxRate_val_4621,Date_val_4621
4622,Matrix Precision Engineering,VoucherNo_val_4622,Amount_val_4622,TaxRate_val_4622,Date_val_4622
4623,Matrix Precision Engineering,VoucherNo_val_4623,Amount_val_4623,TaxRate_val_4623,Date_val_4623
4624,Matrix Precision Engineering,VoucherNo_val_4624,Amount_val_4624,TaxRate_val_4624,Date_val_4624
4625,Matrix Precision Engineering,VoucherNo_val_4625,Amount_val_4625,TaxRate_val_4625,Date_val_4625
4626,Matrix Precision Engineering,VoucherNo_val_4626,Amount_val_4626,TaxRate_val_4626,Date_val_4626
4627,Matrix Precision Engineering,VoucherNo_val_4627,Amount_val_4627,TaxRate_val_4627,Date_val_4627
4628,Matrix Precision Engineering,VoucherNo_val_4628,Amount_val_4628,TaxRate_val_4628,Date_val_4628
4629,Matrix Precision Engineering,VoucherNo_val_4629,Amount_val_4629,TaxRate_val_4629,Date_val_4629
4630,Matrix Precision Engineering,VoucherNo_val_4630,Amount_val_4630,TaxRate_val_4630,Date_val_4630
4631,Matrix Precision Engineering,VoucherNo_val_4631,Amount_val_4631,TaxRate_val_4631,Date_val_4631
4632,Matrix Precision Engineering,VoucherNo_val_4632,Amount_val_4632,TaxRate_val_4632,Date_val_4632
4633,Matrix Precision Engineering,VoucherNo_val_4633,Amount_val_4633,TaxRate_val_4633,Date_val_4633
4634,Matrix Precision Engineering,VoucherNo_val_4634,Amount_val_4634,TaxRate_val_4634,Date_val_4634
4635,Matrix Precision Engineering,VoucherNo_val_4635,Amount_val_4635,TaxRate_val_4635,Date_val_4635
4636,Matrix Precision Engineering,VoucherNo_val_4636,Amount_val_4636,TaxRate_val_4636,Date_val_4636
4637,Matrix Precision Engineering,VoucherNo_val_4637,Amount_val_4637,TaxRate_val_4637,Date_val_4637
4638,Matrix Precision Engineering,VoucherNo_val_4638,Amount_val_4638,TaxRate_val_4638,Date_val_4638
4639,Matrix Precision Engineering,VoucherNo_val_4639,Amount_val_4639,TaxRate_val_4639,Date_val_4639
4640,Matrix Precision Engineering,VoucherNo_val_4640,Amount_val_4640,TaxRate_val_4640,Date_val_4640
4641,Matrix Precision Engineering,VoucherNo_val_4641,Amount_val_4641,TaxRate_val_4641,Date_val_4641
4642,Matrix Precision Engineering,VoucherNo_val_4642,Amount_val_4642,TaxRate_val_4642,Date_val_4642
4643,Matrix Precision Engineering,VoucherNo_val_4643,Amount_val_4643,TaxRate_val_4643,Date_val_4643
4644,Matrix Precision Engineering,VoucherNo_val_4644,Amount_val_4644,TaxRate_val_4644,Date_val_4644
4645,Matrix Precision Engineering,VoucherNo_val_4645,Amount_val_4645,TaxRate_val_4645,Date_val_4645
4646,Matrix Precision Engineering,VoucherNo_val_4646,Amount_val_4646,TaxRate_val_4646,Date_val_4646
4647,Matrix Precision Engineering,VoucherNo_val_4647,Amount_val_4647,TaxRate_val_4647,Date_val_4647
4648,Matrix Precision Engineering,VoucherNo_val_4648,Amount_val_4648,TaxRate_val_4648,Date_val_4648
4649,Matrix Precision Engineering,VoucherNo_val_4649,Amount_val_4649,TaxRate_val_4649,Date_val_4649
4650,Matrix Precision Engineering,VoucherNo_val_4650,Amount_val_4650,TaxRate_val_4650,Date_val_4650
4651,Matrix Precision Engineering,VoucherNo_val_4651,Amount_val_4651,TaxRate_val_4651,Date_val_4651
4652,Matrix Precision Engineering,VoucherNo_val_4652,Amount_val_4652,TaxRate_val_4652,Date_val_4652
4653,Matrix Precision Engineering,VoucherNo_val_4653,Amount_val_4653,TaxRate_val_4653,Date_val_4653
4654,Matrix Precision Engineering,VoucherNo_val_4654,Amount_val_4654,TaxRate_val_4654,Date_val_4654
4655,Matrix Precision Engineering,VoucherNo_val_4655,Amount_val_4655,TaxRate_val_4655,Date_val_4655
4656,Matrix Precision Engineering,VoucherNo_val_4656,Amount_val_4656,TaxRate_val_4656,Date_val_4656
4657,Matrix Precision Engineering,VoucherNo_val_4657,Amount_val_4657,TaxRate_val_4657,Date_val_4657
4658,Matrix Precision Engineering,VoucherNo_val_4658,Amount_val_4658,TaxRate_val_4658,Date_val_4658
4659,Matrix Precision Engineering,VoucherNo_val_4659,Amount_val_4659,TaxRate_val_4659,Date_val_4659
4660,Matrix Precision Engineering,VoucherNo_val_4660,Amount_val_4660,TaxRate_val_4660,Date_val_4660
4661,Matrix Precision Engineering,VoucherNo_val_4661,Amount_val_4661,TaxRate_val_4661,Date_val_4661
4662,Matrix Precision Engineering,VoucherNo_val_4662,Amount_val_4662,TaxRate_val_4662,Date_val_4662
4663,Matrix Precision Engineering,VoucherNo_val_4663,Amount_val_4663,TaxRate_val_4663,Date_val_4663
4664,Matrix Precision Engineering,VoucherNo_val_4664,Amount_val_4664,TaxRate_val_4664,Date_val_4664
4665,Matrix Precision Engineering,VoucherNo_val_4665,Amount_val_4665,TaxRate_val_4665,Date_val_4665
4666,Matrix Precision Engineering,VoucherNo_val_4666,Amount_val_4666,TaxRate_val_4666,Date_val_4666
4667,Matrix Precision Engineering,VoucherNo_val_4667,Amount_val_4667,TaxRate_val_4667,Date_val_4667
4668,Matrix Precision Engineering,VoucherNo_val_4668,Amount_val_4668,TaxRate_val_4668,Date_val_4668
4669,Matrix Precision Engineering,VoucherNo_val_4669,Amount_val_4669,TaxRate_val_4669,Date_val_4669
4670,Matrix Precision Engineering,VoucherNo_val_4670,Amount_val_4670,TaxRate_val_4670,Date_val_4670
4671,Matrix Precision Engineering,VoucherNo_val_4671,Amount_val_4671,TaxRate_val_4671,Date_val_4671
4672,Matrix Precision Engineering,VoucherNo_val_4672,Amount_val_4672,TaxRate_val_4672,Date_val_4672
4673,Matrix Precision Engineering,VoucherNo_val_4673,Amount_val_4673,TaxRate_val_4673,Date_val_4673
4674,Matrix Precision Engineering,VoucherNo_val_4674,Amount_val_4674,TaxRate_val_4674,Date_val_4674
4675,Matrix Precision Engineering,VoucherNo_val_4675,Amount_val_4675,TaxRate_val_4675,Date_val_4675
4676,Matrix Precision Engineering,VoucherNo_val_4676,Amount_val_4676,TaxRate_val_4676,Date_val_4676
4677,Matrix Precision Engineering,VoucherNo_val_4677,Amount_val_4677,TaxRate_val_4677,Date_val_4677
4678,Matrix Precision Engineering,VoucherNo_val_4678,Amount_val_4678,TaxRate_val_4678,Date_val_4678
4679,Matrix Precision Engineering,VoucherNo_val_4679,Amount_val_4679,TaxRate_val_4679,Date_val_4679
4680,Matrix Precision Engineering,VoucherNo_val_4680,Amount_val_4680,TaxRate_val_4680,Date_val_4680
4681,Matrix Precision Engineering,VoucherNo_val_4681,Amount_val_4681,TaxRate_val_4681,Date_val_4681
4682,Matrix Precision Engineering,VoucherNo_val_4682,Amount_val_4682,TaxRate_val_4682,Date_val_4682
4683,Matrix Precision Engineering,VoucherNo_val_4683,Amount_val_4683,TaxRate_val_4683,Date_val_4683
4684,Matrix Precision Engineering,VoucherNo_val_4684,Amount_val_4684,TaxRate_val_4684,Date_val_4684
4685,Matrix Precision Engineering,VoucherNo_val_4685,Amount_val_4685,TaxRate_val_4685,Date_val_4685
4686,Matrix Precision Engineering,VoucherNo_val_4686,Amount_val_4686,TaxRate_val_4686,Date_val_4686
4687,Matrix Precision Engineering,VoucherNo_val_4687,Amount_val_4687,TaxRate_val_4687,Date_val_4687
4688,Matrix Precision Engineering,VoucherNo_val_4688,Amount_val_4688,TaxRate_val_4688,Date_val_4688
4689,Matrix Precision Engineering,VoucherNo_val_4689,Amount_val_4689,TaxRate_val_4689,Date_val_4689
4690,Matrix Precision Engineering,VoucherNo_val_4690,Amount_val_4690,TaxRate_val_4690,Date_val_4690
4691,Matrix Precision Engineering,VoucherNo_val_4691,Amount_val_4691,TaxRate_val_4691,Date_val_4691
4692,Matrix Precision Engineering,VoucherNo_val_4692,Amount_val_4692,TaxRate_val_4692,Date_val_4692
4693,Matrix Precision Engineering,VoucherNo_val_4693,Amount_val_4693,TaxRate_val_4693,Date_val_4693
4694,Matrix Precision Engineering,VoucherNo_val_4694,Amount_val_4694,TaxRate_val_4694,Date_val_4694
4695,Matrix Precision Engineering,VoucherNo_val_4695,Amount_val_4695,TaxRate_val_4695,Date_val_4695
4696,Matrix Precision Engineering,VoucherNo_val_4696,Amount_val_4696,TaxRate_val_4696,Date_val_4696
4697,Matrix Precision Engineering,VoucherNo_val_4697,Amount_val_4697,TaxRate_val_4697,Date_val_4697
4698,Matrix Precision Engineering,VoucherNo_val_4698,Amount_val_4698,TaxRate_val_4698,Date_val_4698
4699,Matrix Precision Engineering,VoucherNo_val_4699,Amount_val_4699,TaxRate_val_4699,Date_val_4699
4700,Matrix Precision Engineering,VoucherNo_val_4700,Amount_val_4700,TaxRate_val_4700,Date_val_4700
4701,Matrix Precision Engineering,VoucherNo_val_4701,Amount_val_4701,TaxRate_val_4701,Date_val_4701
4702,Matrix Precision Engineering,VoucherNo_val_4702,Amount_val_4702,TaxRate_val_4702,Date_val_4702
4703,Matrix Precision Engineering,VoucherNo_val_4703,Amount_val_4703,TaxRate_val_4703,Date_val_4703
4704,Matrix Precision Engineering,VoucherNo_val_4704,Amount_val_4704,TaxRate_val_4704,Date_val_4704
4705,Matrix Precision Engineering,VoucherNo_val_4705,Amount_val_4705,TaxRate_val_4705,Date_val_4705
4706,Matrix Precision Engineering,VoucherNo_val_4706,Amount_val_4706,TaxRate_val_4706,Date_val_4706
4707,Matrix Precision Engineering,VoucherNo_val_4707,Amount_val_4707,TaxRate_val_4707,Date_val_4707
4708,Matrix Precision Engineering,VoucherNo_val_4708,Amount_val_4708,TaxRate_val_4708,Date_val_4708
4709,Matrix Precision Engineering,VoucherNo_val_4709,Amount_val_4709,TaxRate_val_4709,Date_val_4709
4710,Matrix Precision Engineering,VoucherNo_val_4710,Amount_val_4710,TaxRate_val_4710,Date_val_4710
4711,Matrix Precision Engineering,VoucherNo_val_4711,Amount_val_4711,TaxRate_val_4711,Date_val_4711
4712,Matrix Precision Engineering,VoucherNo_val_4712,Amount_val_4712,TaxRate_val_4712,Date_val_4712
4713,Matrix Precision Engineering,VoucherNo_val_4713,Amount_val_4713,TaxRate_val_4713,Date_val_4713
4714,Matrix Precision Engineering,VoucherNo_val_4714,Amount_val_4714,TaxRate_val_4714,Date_val_4714
4715,Matrix Precision Engineering,VoucherNo_val_4715,Amount_val_4715,TaxRate_val_4715,Date_val_4715
4716,Matrix Precision Engineering,VoucherNo_val_4716,Amount_val_4716,TaxRate_val_4716,Date_val_4716
4717,Matrix Precision Engineering,VoucherNo_val_4717,Amount_val_4717,TaxRate_val_4717,Date_val_4717
4718,Matrix Precision Engineering,VoucherNo_val_4718,Amount_val_4718,TaxRate_val_4718,Date_val_4718
4719,Matrix Precision Engineering,VoucherNo_val_4719,Amount_val_4719,TaxRate_val_4719,Date_val_4719
4720,Matrix Precision Engineering,VoucherNo_val_4720,Amount_val_4720,TaxRate_val_4720,Date_val_4720
4721,Matrix Precision Engineering,VoucherNo_val_4721,Amount_val_4721,TaxRate_val_4721,Date_val_4721
4722,Matrix Precision Engineering,VoucherNo_val_4722,Amount_val_4722,TaxRate_val_4722,Date_val_4722
4723,Matrix Precision Engineering,VoucherNo_val_4723,Amount_val_4723,TaxRate_val_4723,Date_val_4723
4724,Matrix Precision Engineering,VoucherNo_val_4724,Amount_val_4724,TaxRate_val_4724,Date_val_4724
4725,Matrix Precision Engineering,VoucherNo_val_4725,Amount_val_4725,TaxRate_val_4725,Date_val_4725
4726,Matrix Precision Engineering,VoucherNo_val_4726,Amount_val_4726,TaxRate_val_4726,Date_val_4726
4727,Matrix Precision Engineering,VoucherNo_val_4727,Amount_val_4727,TaxRate_val_4727,Date_val_4727
4728,Matrix Precision Engineering,VoucherNo_val_4728,Amount_val_4728,TaxRate_val_4728,Date_val_4728
4729,Matrix Precision Engineering,VoucherNo_val_4729,Amount_val_4729,TaxRate_val_4729,Date_val_4729
4730,Matrix Precision Engineering,VoucherNo_val_4730,Amount_val_4730,TaxRate_val_4730,Date_val_4730
4731,Matrix Precision Engineering,VoucherNo_val_4731,Amount_val_4731,TaxRate_val_4731,Date_val_4731
4732,Matrix Precision Engineering,VoucherNo_val_4732,Amount_val_4732,TaxRate_val_4732,Date_val_4732
4733,Matrix Precision Engineering,VoucherNo_val_4733,Amount_val_4733,TaxRate_val_4733,Date_val_4733
4734,Matrix Precision Engineering,VoucherNo_val_4734,Amount_val_4734,TaxRate_val_4734,Date_val_4734
4735,Matrix Precision Engineering,VoucherNo_val_4735,Amount_val_4735,TaxRate_val_4735,Date_val_4735
4736,Matrix Precision Engineering,VoucherNo_val_4736,Amount_val_4736,TaxRate_val_4736,Date_val_4736
4737,Matrix Precision Engineering,VoucherNo_val_4737,Amount_val_4737,TaxRate_val_4737,Date_val_4737
4738,Matrix Precision Engineering,VoucherNo_val_4738,Amount_val_4738,TaxRate_val_4738,Date_val_4738
4739,Matrix Precision Engineering,VoucherNo_val_4739,Amount_val_4739,TaxRate_val_4739,Date_val_4739
4740,Matrix Precision Engineering,VoucherNo_val_4740,Amount_val_4740,TaxRate_val_4740,Date_val_4740
4741,Matrix Precision Engineering,VoucherNo_val_4741,Amount_val_4741,TaxRate_val_4741,Date_val_4741
4742,Matrix Precision Engineering,VoucherNo_val_4742,Amount_val_4742,TaxRate_val_4742,Date_val_4742
4743,Matrix Precision Engineering,VoucherNo_val_4743,Amount_val_4743,TaxRate_val_4743,Date_val_4743
4744,Matrix Precision Engineering,VoucherNo_val_4744,Amount_val_4744,TaxRate_val_4744,Date_val_4744
4745,Matrix Precision Engineering,VoucherNo_val_4745,Amount_val_4745,TaxRate_val_4745,Date_val_4745
4746,Matrix Precision Engineering,VoucherNo_val_4746,Amount_val_4746,TaxRate_val_4746,Date_val_4746
4747,Matrix Precision Engineering,VoucherNo_val_4747,Amount_val_4747,TaxRate_val_4747,Date_val_4747
4748,Matrix Precision Engineering,VoucherNo_val_4748,Amount_val_4748,TaxRate_val_4748,Date_val_4748
4749,Matrix Precision Engineering,VoucherNo_val_4749,Amount_val_4749,TaxRate_val_4749,Date_val_4749
4750,Matrix Precision Engineering,VoucherNo_val_4750,Amount_val_4750,TaxRate_val_4750,Date_val_4750
4751,Matrix Precision Engineering,VoucherNo_val_4751,Amount_val_4751,TaxRate_val_4751,Date_val_4751
4752,Matrix Precision Engineering,VoucherNo_val_4752,Amount_val_4752,TaxRate_val_4752,Date_val_4752
4753,Matrix Precision Engineering,VoucherNo_val_4753,Amount_val_4753,TaxRate_val_4753,Date_val_4753
4754,Matrix Precision Engineering,VoucherNo_val_4754,Amount_val_4754,TaxRate_val_4754,Date_val_4754
4755,Matrix Precision Engineering,VoucherNo_val_4755,Amount_val_4755,TaxRate_val_4755,Date_val_4755
4756,Matrix Precision Engineering,VoucherNo_val_4756,Amount_val_4756,TaxRate_val_4756,Date_val_4756
4757,Matrix Precision Engineering,VoucherNo_val_4757,Amount_val_4757,TaxRate_val_4757,Date_val_4757
4758,Matrix Precision Engineering,VoucherNo_val_4758,Amount_val_4758,TaxRate_val_4758,Date_val_4758
4759,Matrix Precision Engineering,VoucherNo_val_4759,Amount_val_4759,TaxRate_val_4759,Date_val_4759
4760,Matrix Precision Engineering,VoucherNo_val_4760,Amount_val_4760,TaxRate_val_4760,Date_val_4760
4761,Matrix Precision Engineering,VoucherNo_val_4761,Amount_val_4761,TaxRate_val_4761,Date_val_4761
4762,Matrix Precision Engineering,VoucherNo_val_4762,Amount_val_4762,TaxRate_val_4762,Date_val_4762
4763,Matrix Precision Engineering,VoucherNo_val_4763,Amount_val_4763,TaxRate_val_4763,Date_val_4763
4764,Matrix Precision Engineering,VoucherNo_val_4764,Amount_val_4764,TaxRate_val_4764,Date_val_4764
4765,Matrix Precision Engineering,VoucherNo_val_4765,Amount_val_4765,TaxRate_val_4765,Date_val_4765
4766,Matrix Precision Engineering,VoucherNo_val_4766,Amount_val_4766,TaxRate_val_4766,Date_val_4766
4767,Matrix Precision Engineering,VoucherNo_val_4767,Amount_val_4767,TaxRate_val_4767,Date_val_4767
4768,Matrix Precision Engineering,VoucherNo_val_4768,Amount_val_4768,TaxRate_val_4768,Date_val_4768
4769,Matrix Precision Engineering,VoucherNo_val_4769,Amount_val_4769,TaxRate_val_4769,Date_val_4769
4770,Matrix Precision Engineering,VoucherNo_val_4770,Amount_val_4770,TaxRate_val_4770,Date_val_4770
4771,Matrix Precision Engineering,VoucherNo_val_4771,Amount_val_4771,TaxRate_val_4771,Date_val_4771
4772,Matrix Precision Engineering,VoucherNo_val_4772,Amount_val_4772,TaxRate_val_4772,Date_val_4772
4773,Matrix Precision Engineering,VoucherNo_val_4773,Amount_val_4773,TaxRate_val_4773,Date_val_4773
4774,Matrix Precision Engineering,VoucherNo_val_4774,Amount_val_4774,TaxRate_val_4774,Date_val_4774
4775,Matrix Precision Engineering,VoucherNo_val_4775,Amount_val_4775,TaxRate_val_4775,Date_val_4775
4776,Matrix Precision Engineering,VoucherNo_val_4776,Amount_val_4776,TaxRate_val_4776,Date_val_4776
4777,Matrix Precision Engineering,VoucherNo_val_4777,Amount_val_4777,TaxRate_val_4777,Date_val_4777
4778,Matrix Precision Engineering,VoucherNo_val_4778,Amount_val_4778,TaxRate_val_4778,Date_val_4778
4779,Matrix Precision Engineering,VoucherNo_val_4779,Amount_val_4779,TaxRate_val_4779,Date_val_4779
4780,Matrix Precision Engineering,VoucherNo_val_4780,Amount_val_4780,TaxRate_val_4780,Date_val_4780
4781,Matrix Precision Engineering,VoucherNo_val_4781,Amount_val_4781,TaxRate_val_4781,Date_val_4781
4782,Matrix Precision Engineering,VoucherNo_val_4782,Amount_val_4782,TaxRate_val_4782,Date_val_4782
4783,Matrix Precision Engineering,VoucherNo_val_4783,Amount_val_4783,TaxRate_val_4783,Date_val_4783
4784,Matrix Precision Engineering,VoucherNo_val_4784,Amount_val_4784,TaxRate_val_4784,Date_val_4784
4785,Matrix Precision Engineering,VoucherNo_val_4785,Amount_val_4785,TaxRate_val_4785,Date_val_4785
4786,Matrix Precision Engineering,VoucherNo_val_4786,Amount_val_4786,TaxRate_val_4786,Date_val_4786
4787,Matrix Precision Engineering,VoucherNo_val_4787,Amount_val_4787,TaxRate_val_4787,Date_val_4787
4788,Matrix Precision Engineering,VoucherNo_val_4788,Amount_val_4788,TaxRate_val_4788,Date_val_4788
4789,Matrix Precision Engineering,VoucherNo_val_4789,Amount_val_4789,TaxRate_val_4789,Date_val_4789
4790,Matrix Precision Engineering,VoucherNo_val_4790,Amount_val_4790,TaxRate_val_4790,Date_val_4790
4791,Matrix Precision Engineering,VoucherNo_val_4791,Amount_val_4791,TaxRate_val_4791,Date_val_4791
4792,Matrix Precision Engineering,VoucherNo_val_4792,Amount_val_4792,TaxRate_val_4792,Date_val_4792
4793,Matrix Precision Engineering,VoucherNo_val_4793,Amount_val_4793,TaxRate_val_4793,Date_val_4793
4794,Matrix Precision Engineering,VoucherNo_val_4794,Amount_val_4794,TaxRate_val_4794,Date_val_4794
4795,Matrix Precision Engineering,VoucherNo_val_4795,Amount_val_4795,TaxRate_val_4795,Date_val_4795
4796,Matrix Precision Engineering,VoucherNo_val_4796,Amount_val_4796,TaxRate_val_4796,Date_val_4796
4797,Matrix Precision Engineering,VoucherNo_val_4797,Amount_val_4797,TaxRate_val_4797,Date_val_4797
4798,Matrix Precision Engineering,VoucherNo_val_4798,Amount_val_4798,TaxRate_val_4798,Date_val_4798
4799,Matrix Precision Engineering,VoucherNo_val_4799,Amount_val_4799,TaxRate_val_4799,Date_val_4799
4800,Matrix Precision Engineering,VoucherNo_val_4800,Amount_val_4800,TaxRate_val_4800,Date_val_4800
4801,Matrix Precision Engineering,VoucherNo_val_4801,Amount_val_4801,TaxRate_val_4801,Date_val_4801
4802,Matrix Precision Engineering,VoucherNo_val_4802,Amount_val_4802,TaxRate_val_4802,Date_val_4802
4803,Matrix Precision Engineering,VoucherNo_val_4803,Amount_val_4803,TaxRate_val_4803,Date_val_4803
4804,Matrix Precision Engineering,VoucherNo_val_4804,Amount_val_4804,TaxRate_val_4804,Date_val_4804
4805,Matrix Precision Engineering,VoucherNo_val_4805,Amount_val_4805,TaxRate_val_4805,Date_val_4805
4806,Matrix Precision Engineering,VoucherNo_val_4806,Amount_val_4806,TaxRate_val_4806,Date_val_4806
4807,Matrix Precision Engineering,VoucherNo_val_4807,Amount_val_4807,TaxRate_val_4807,Date_val_4807
4808,Matrix Precision Engineering,VoucherNo_val_4808,Amount_val_4808,TaxRate_val_4808,Date_val_4808
4809,Matrix Precision Engineering,VoucherNo_val_4809,Amount_val_4809,TaxRate_val_4809,Date_val_4809
4810,Matrix Precision Engineering,VoucherNo_val_4810,Amount_val_4810,TaxRate_val_4810,Date_val_4810
4811,Matrix Precision Engineering,VoucherNo_val_4811,Amount_val_4811,TaxRate_val_4811,Date_val_4811
4812,Matrix Precision Engineering,VoucherNo_val_4812,Amount_val_4812,TaxRate_val_4812,Date_val_4812
4813,Matrix Precision Engineering,VoucherNo_val_4813,Amount_val_4813,TaxRate_val_4813,Date_val_4813
4814,Matrix Precision Engineering,VoucherNo_val_4814,Amount_val_4814,TaxRate_val_4814,Date_val_4814
4815,Matrix Precision Engineering,VoucherNo_val_4815,Amount_val_4815,TaxRate_val_4815,Date_val_4815
4816,Matrix Precision Engineering,VoucherNo_val_4816,Amount_val_4816,TaxRate_val_4816,Date_val_4816
4817,Matrix Precision Engineering,VoucherNo_val_4817,Amount_val_4817,TaxRate_val_4817,Date_val_4817
4818,Matrix Precision Engineering,VoucherNo_val_4818,Amount_val_4818,TaxRate_val_4818,Date_val_4818
4819,Matrix Precision Engineering,VoucherNo_val_4819,Amount_val_4819,TaxRate_val_4819,Date_val_4819
4820,Matrix Precision Engineering,VoucherNo_val_4820,Amount_val_4820,TaxRate_val_4820,Date_val_4820
4821,Matrix Precision Engineering,VoucherNo_val_4821,Amount_val_4821,TaxRate_val_4821,Date_val_4821
4822,Matrix Precision Engineering,VoucherNo_val_4822,Amount_val_4822,TaxRate_val_4822,Date_val_4822
4823,Matrix Precision Engineering,VoucherNo_val_4823,Amount_val_4823,TaxRate_val_4823,Date_val_4823
4824,Matrix Precision Engineering,VoucherNo_val_4824,Amount_val_4824,TaxRate_val_4824,Date_val_4824
4825,Matrix Precision Engineering,VoucherNo_val_4825,Amount_val_4825,TaxRate_val_4825,Date_val_4825
4826,Matrix Precision Engineering,VoucherNo_val_4826,Amount_val_4826,TaxRate_val_4826,Date_val_4826
4827,Matrix Precision Engineering,VoucherNo_val_4827,Amount_val_4827,TaxRate_val_4827,Date_val_4827
4828,Matrix Precision Engineering,VoucherNo_val_4828,Amount_val_4828,TaxRate_val_4828,Date_val_4828
4829,Matrix Precision Engineering,VoucherNo_val_4829,Amount_val_4829,TaxRate_val_4829,Date_val_4829
4830,Matrix Precision Engineering,VoucherNo_val_4830,Amount_val_4830,TaxRate_val_4830,Date_val_4830
4831,Matrix Precision Engineering,VoucherNo_val_4831,Amount_val_4831,TaxRate_val_4831,Date_val_4831
4832,Matrix Precision Engineering,VoucherNo_val_4832,Amount_val_4832,TaxRate_val_4832,Date_val_4832
4833,Matrix Precision Engineering,VoucherNo_val_4833,Amount_val_4833,TaxRate_val_4833,Date_val_4833
4834,Matrix Precision Engineering,VoucherNo_val_4834,Amount_val_4834,TaxRate_val_4834,Date_val_4834
4835,Matrix Precision Engineering,VoucherNo_val_4835,Amount_val_4835,TaxRate_val_4835,Date_val_4835
4836,Matrix Precision Engineering,VoucherNo_val_4836,Amount_val_4836,TaxRate_val_4836,Date_val_4836
4837,Matrix Precision Engineering,VoucherNo_val_4837,Amount_val_4837,TaxRate_val_4837,Date_val_4837
4838,Matrix Precision Engineering,VoucherNo_val_4838,Amount_val_4838,TaxRate_val_4838,Date_val_4838
4839,Matrix Precision Engineering,VoucherNo_val_4839,Amount_val_4839,TaxRate_val_4839,Date_val_4839
4840,Matrix Precision Engineering,VoucherNo_val_4840,Amount_val_4840,TaxRate_val_4840,Date_val_4840
4841,Matrix Precision Engineering,VoucherNo_val_4841,Amount_val_4841,TaxRate_val_4841,Date_val_4841
4842,Matrix Precision Engineering,VoucherNo_val_4842,Amount_val_4842,TaxRate_val_4842,Date_val_4842
4843,Matrix Precision Engineering,VoucherNo_val_4843,Amount_val_4843,TaxRate_val_4843,Date_val_4843
4844,Matrix Precision Engineering,VoucherNo_val_4844,Amount_val_4844,TaxRate_val_4844,Date_val_4844
4845,Matrix Precision Engineering,VoucherNo_val_4845,Amount_val_4845,TaxRate_val_4845,Date_val_4845
4846,Matrix Precision Engineering,VoucherNo_val_4846,Amount_val_4846,TaxRate_val_4846,Date_val_4846
4847,Matrix Precision Engineering,VoucherNo_val_4847,Amount_val_4847,TaxRate_val_4847,Date_val_4847
4848,Matrix Precision Engineering,VoucherNo_val_4848,Amount_val_4848,TaxRate_val_4848,Date_val_4848
4849,Matrix Precision Engineering,VoucherNo_val_4849,Amount_val_4849,TaxRate_val_4849,Date_val_4849
4850,Matrix Precision Engineering,VoucherNo_val_4850,Amount_val_4850,TaxRate_val_4850,Date_val_4850
4851,Matrix Precision Engineering,VoucherNo_val_4851,Amount_val_4851,TaxRate_val_4851,Date_val_4851
4852,Matrix Precision Engineering,VoucherNo_val_4852,Amount_val_4852,TaxRate_val_4852,Date_val_4852
4853,Matrix Precision Engineering,VoucherNo_val_4853,Amount_val_4853,TaxRate_val_4853,Date_val_4853
4854,Matrix Precision Engineering,VoucherNo_val_4854,Amount_val_4854,TaxRate_val_4854,Date_val_4854
4855,Matrix Precision Engineering,VoucherNo_val_4855,Amount_val_4855,TaxRate_val_4855,Date_val_4855
4856,Matrix Precision Engineering,VoucherNo_val_4856,Amount_val_4856,TaxRate_val_4856,Date_val_4856
4857,Matrix Precision Engineering,VoucherNo_val_4857,Amount_val_4857,TaxRate_val_4857,Date_val_4857
4858,Matrix Precision Engineering,VoucherNo_val_4858,Amount_val_4858,TaxRate_val_4858,Date_val_4858
4859,Matrix Precision Engineering,VoucherNo_val_4859,Amount_val_4859,TaxRate_val_4859,Date_val_4859
4860,Matrix Precision Engineering,VoucherNo_val_4860,Amount_val_4860,TaxRate_val_4860,Date_val_4860
4861,Matrix Precision Engineering,VoucherNo_val_4861,Amount_val_4861,TaxRate_val_4861,Date_val_4861
4862,Matrix Precision Engineering,VoucherNo_val_4862,Amount_val_4862,TaxRate_val_4862,Date_val_4862
4863,Matrix Precision Engineering,VoucherNo_val_4863,Amount_val_4863,TaxRate_val_4863,Date_val_4863
4864,Matrix Precision Engineering,VoucherNo_val_4864,Amount_val_4864,TaxRate_val_4864,Date_val_4864
4865,Matrix Precision Engineering,VoucherNo_val_4865,Amount_val_4865,TaxRate_val_4865,Date_val_4865
4866,Matrix Precision Engineering,VoucherNo_val_4866,Amount_val_4866,TaxRate_val_4866,Date_val_4866
4867,Matrix Precision Engineering,VoucherNo_val_4867,Amount_val_4867,TaxRate_val_4867,Date_val_4867
4868,Matrix Precision Engineering,VoucherNo_val_4868,Amount_val_4868,TaxRate_val_4868,Date_val_4868
4869,Matrix Precision Engineering,VoucherNo_val_4869,Amount_val_4869,TaxRate_val_4869,Date_val_4869
4870,Matrix Precision Engineering,VoucherNo_val_4870,Amount_val_4870,TaxRate_val_4870,Date_val_4870
4871,Matrix Precision Engineering,VoucherNo_val_4871,Amount_val_4871,TaxRate_val_4871,Date_val_4871
4872,Matrix Precision Engineering,VoucherNo_val_4872,Amount_val_4872,TaxRate_val_4872,Date_val_4872
4873,Matrix Precision Engineering,VoucherNo_val_4873,Amount_val_4873,TaxRate_val_4873,Date_val_4873
4874,Matrix Precision Engineering,VoucherNo_val_4874,Amount_val_4874,TaxRate_val_4874,Date_val_4874
4875,Matrix Precision Engineering,VoucherNo_val_4875,Amount_val_4875,TaxRate_val_4875,Date_val_4875
4876,Matrix Precision Engineering,VoucherNo_val_4876,Amount_val_4876,TaxRate_val_4876,Date_val_4876
4877,Matrix Precision Engineering,VoucherNo_val_4877,Amount_val_4877,TaxRate_val_4877,Date_val_4877
4878,Matrix Precision Engineering,VoucherNo_val_4878,Amount_val_4878,TaxRate_val_4878,Date_val_4878
4879,Matrix Precision Engineering,VoucherNo_val_4879,Amount_val_4879,TaxRate_val_4879,Date_val_4879
4880,Matrix Precision Engineering,VoucherNo_val_4880,Amount_val_4880,TaxRate_val_4880,Date_val_4880
4881,Matrix Precision Engineering,VoucherNo_val_4881,Amount_val_4881,TaxRate_val_4881,Date_val_4881
4882,Matrix Precision Engineering,VoucherNo_val_4882,Amount_val_4882,TaxRate_val_4882,Date_val_4882
4883,Matrix Precision Engineering,VoucherNo_val_4883,Amount_val_4883,TaxRate_val_4883,Date_val_4883
4884,Matrix Precision Engineering,VoucherNo_val_4884,Amount_val_4884,TaxRate_val_4884,Date_val_4884
4885,Matrix Precision Engineering,VoucherNo_val_4885,Amount_val_4885,TaxRate_val_4885,Date_val_4885
4886,Matrix Precision Engineering,VoucherNo_val_4886,Amount_val_4886,TaxRate_val_4886,Date_val_4886
4887,Matrix Precision Engineering,VoucherNo_val_4887,Amount_val_4887,TaxRate_val_4887,Date_val_4887
4888,Matrix Precision Engineering,VoucherNo_val_4888,Amount_val_4888,TaxRate_val_4888,Date_val_4888
4889,Matrix Precision Engineering,VoucherNo_val_4889,Amount_val_4889,TaxRate_val_4889,Date_val_4889
4890,Matrix Precision Engineering,VoucherNo_val_4890,Amount_val_4890,TaxRate_val_4890,Date_val_4890
4891,Matrix Precision Engineering,VoucherNo_val_4891,Amount_val_4891,TaxRate_val_4891,Date_val_4891
4892,Matrix Precision Engineering,VoucherNo_val_4892,Amount_val_4892,TaxRate_val_4892,Date_val_4892
4893,Matrix Precision Engineering,VoucherNo_val_4893,Amount_val_4893,TaxRate_val_4893,Date_val_4893
4894,Matrix Precision Engineering,VoucherNo_val_4894,Amount_val_4894,TaxRate_val_4894,Date_val_4894
4895,Matrix Precision Engineering,VoucherNo_val_4895,Amount_val_4895,TaxRate_val_4895,Date_val_4895
4896,Matrix Precision Engineering,VoucherNo_val_4896,Amount_val_4896,TaxRate_val_4896,Date_val_4896
4897,Matrix Precision Engineering,VoucherNo_val_4897,Amount_val_4897,TaxRate_val_4897,Date_val_4897
4898,Matrix Precision Engineering,VoucherNo_val_4898,Amount_val_4898,TaxRate_val_4898,Date_val_4898
4899,Matrix Precision Engineering,VoucherNo_val_4899,Amount_val_4899,TaxRate_val_4899,Date_val_4899
4900,Matrix Precision Engineering,VoucherNo_val_4900,Amount_val_4900,TaxRate_val_4900,Date_val_4900
4901,Matrix Precision Engineering,VoucherNo_val_4901,Amount_val_4901,TaxRate_val_4901,Date_val_4901
4902,Matrix Precision Engineering,VoucherNo_val_4902,Amount_val_4902,TaxRate_val_4902,Date_val_4902
4903,Matrix Precision Engineering,VoucherNo_val_4903,Amount_val_4903,TaxRate_val_4903,Date_val_4903
4904,Matrix Precision Engineering,VoucherNo_val_4904,Amount_val_4904,TaxRate_val_4904,Date_val_4904
4905,Matrix Precision Engineering,VoucherNo_val_4905,Amount_val_4905,TaxRate_val_4905,Date_val_4905
4906,Matrix Precision Engineering,VoucherNo_val_4906,Amount_val_4906,TaxRate_val_4906,Date_val_4906
4907,Matrix Precision Engineering,VoucherNo_val_4907,Amount_val_4907,TaxRate_val_4907,Date_val_4907
4908,Matrix Precision Engineering,VoucherNo_val_4908,Amount_val_4908,TaxRate_val_4908,Date_val_4908
4909,Matrix Precision Engineering,VoucherNo_val_4909,Amount_val_4909,TaxRate_val_4909,Date_val_4909
4910,Matrix Precision Engineering,VoucherNo_val_4910,Amount_val_4910,TaxRate_val_4910,Date_val_4910
4911,Matrix Precision Engineering,VoucherNo_val_4911,Amount_val_4911,TaxRate_val_4911,Date_val_4911
4912,Matrix Precision Engineering,VoucherNo_val_4912,Amount_val_4912,TaxRate_val_4912,Date_val_4912
4913,Matrix Precision Engineering,VoucherNo_val_4913,Amount_val_4913,TaxRate_val_4913,Date_val_4913
4914,Matrix Precision Engineering,VoucherNo_val_4914,Amount_val_4914,TaxRate_val_4914,Date_val_4914
4915,Matrix Precision Engineering,VoucherNo_val_4915,Amount_val_4915,TaxRate_val_4915,Date_val_4915
4916,Matrix Precision Engineering,VoucherNo_val_4916,Amount_val_4916,TaxRate_val_4916,Date_val_4916
4917,Matrix Precision Engineering,VoucherNo_val_4917,Amount_val_4917,TaxRate_val_4917,Date_val_4917
4918,Matrix Precision Engineering,VoucherNo_val_4918,Amount_val_4918,TaxRate_val_4918,Date_val_4918
4919,Matrix Precision Engineering,VoucherNo_val_4919,Amount_val_4919,TaxRate_val_4919,Date_val_4919
4920,Matrix Precision Engineering,VoucherNo_val_4920,Amount_val_4920,TaxRate_val_4920,Date_val_4920
4921,Matrix Precision Engineering,VoucherNo_val_4921,Amount_val_4921,TaxRate_val_4921,Date_val_4921
4922,Matrix Precision Engineering,VoucherNo_val_4922,Amount_val_4922,TaxRate_val_4922,Date_val_4922
4923,Matrix Precision Engineering,VoucherNo_val_4923,Amount_val_4923,TaxRate_val_4923,Date_val_4923
4924,Matrix Precision Engineering,VoucherNo_val_4924,Amount_val_4924,TaxRate_val_4924,Date_val_4924
4925,Matrix Precision Engineering,VoucherNo_val_4925,Amount_val_4925,TaxRate_val_4925,Date_val_4925
4926,Matrix Precision Engineering,VoucherNo_val_4926,Amount_val_4926,TaxRate_val_4926,Date_val_4926
4927,Matrix Precision Engineering,VoucherNo_val_4927,Amount_val_4927,TaxRate_val_4927,Date_val_4927
4928,Matrix Precision Engineering,VoucherNo_val_4928,Amount_val_4928,TaxRate_val_4928,Date_val_4928
4929,Matrix Precision Engineering,VoucherNo_val_4929,Amount_val_4929,TaxRate_val_4929,Date_val_4929
4930,Matrix Precision Engineering,VoucherNo_val_4930,Amount_val_4930,TaxRate_val_4930,Date_val_4930
4931,Matrix Precision Engineering,VoucherNo_val_4931,Amount_val_4931,TaxRate_val_4931,Date_val_4931
4932,Matrix Precision Engineering,VoucherNo_val_4932,Amount_val_4932,TaxRate_val_4932,Date_val_4932
4933,Matrix Precision Engineering,VoucherNo_val_4933,Amount_val_4933,TaxRate_val_4933,Date_val_4933
4934,Matrix Precision Engineering,VoucherNo_val_4934,Amount_val_4934,TaxRate_val_4934,Date_val_4934
4935,Matrix Precision Engineering,VoucherNo_val_4935,Amount_val_4935,TaxRate_val_4935,Date_val_4935
4936,Matrix Precision Engineering,VoucherNo_val_4936,Amount_val_4936,TaxRate_val_4936,Date_val_4936
4937,Matrix Precision Engineering,VoucherNo_val_4937,Amount_val_4937,TaxRate_val_4937,Date_val_4937
4938,Matrix Precision Engineering,VoucherNo_val_4938,Amount_val_4938,TaxRate_val_4938,Date_val_4938
4939,Matrix Precision Engineering,VoucherNo_val_4939,Amount_val_4939,TaxRate_val_4939,Date_val_4939
4940,Matrix Precision Engineering,VoucherNo_val_4940,Amount_val_4940,TaxRate_val_4940,Date_val_4940
4941,Matrix Precision Engineering,VoucherNo_val_4941,Amount_val_4941,TaxRate_val_4941,Date_val_4941
4942,Matrix Precision Engineering,VoucherNo_val_4942,Amount_val_4942,TaxRate_val_4942,Date_val_4942
4943,Matrix Precision Engineering,VoucherNo_val_4943,Amount_val_4943,TaxRate_val_4943,Date_val_4943
4944,Matrix Precision Engineering,VoucherNo_val_4944,Amount_val_4944,TaxRate_val_4944,Date_val_4944
4945,Matrix Precision Engineering,VoucherNo_val_4945,Amount_val_4945,TaxRate_val_4945,Date_val_4945
4946,Matrix Precision Engineering,VoucherNo_val_4946,Amount_val_4946,TaxRate_val_4946,Date_val_4946
4947,Matrix Precision Engineering,VoucherNo_val_4947,Amount_val_4947,TaxRate_val_4947,Date_val_4947
4948,Matrix Precision Engineering,VoucherNo_val_4948,Amount_val_4948,TaxRate_val_4948,Date_val_4948
4949,Matrix Precision Engineering,VoucherNo_val_4949,Amount_val_4949,TaxRate_val_4949,Date_val_4949
4950,Matrix Precision Engineering,VoucherNo_val_4950,Amount_val_4950,TaxRate_val_4950,Date_val_4950
4951,Matrix Precision Engineering,VoucherNo_val_4951,Amount_val_4951,TaxRate_val_4951,Date_val_4951
4952,Matrix Precision Engineering,VoucherNo_val_4952,Amount_val_4952,TaxRate_val_4952,Date_val_4952
4953,Matrix Precision Engineering,VoucherNo_val_4953,Amount_val_4953,TaxRate_val_4953,Date_val_4953
4954,Matrix Precision Engineering,VoucherNo_val_4954,Amount_val_4954,TaxRate_val_4954,Date_val_4954
4955,Matrix Precision Engineering,VoucherNo_val_4955,Amount_val_4955,TaxRate_val_4955,Date_val_4955
4956,Matrix Precision Engineering,VoucherNo_val_4956,Amount_val_4956,TaxRate_val_4956,Date_val_4956
4957,Matrix Precision Engineering,VoucherNo_val_4957,Amount_val_4957,TaxRate_val_4957,Date_val_4957
4958,Matrix Precision Engineering,VoucherNo_val_4958,Amount_val_4958,TaxRate_val_4958,Date_val_4958
4959,Matrix Precision Engineering,VoucherNo_val_4959,Amount_val_4959,TaxRate_val_4959,Date_val_4959
4960,Matrix Precision Engineering,VoucherNo_val_4960,Amount_val_4960,TaxRate_val_4960,Date_val_4960
4961,Matrix Precision Engineering,VoucherNo_val_4961,Amount_val_4961,TaxRate_val_4961,Date_val_4961
4962,Matrix Precision Engineering,VoucherNo_val_4962,Amount_val_4962,TaxRate_val_4962,Date_val_4962
4963,Matrix Precision Engineering,VoucherNo_val_4963,Amount_val_4963,TaxRate_val_4963,Date_val_4963
4964,Matrix Precision Engineering,VoucherNo_val_4964,Amount_val_4964,TaxRate_val_4964,Date_val_4964
4965,Matrix Precision Engineering,VoucherNo_val_4965,Amount_val_4965,TaxRate_val_4965,Date_val_4965
4966,Matrix Precision Engineering,VoucherNo_val_4966,Amount_val_4966,TaxRate_val_4966,Date_val_4966
4967,Matrix Precision Engineering,VoucherNo_val_4967,Amount_val_4967,TaxRate_val_4967,Date_val_4967
4968,Matrix Precision Engineering,VoucherNo_val_4968,Amount_val_4968,TaxRate_val_4968,Date_val_4968
4969,Matrix Precision Engineering,VoucherNo_val_4969,Amount_val_4969,TaxRate_val_4969,Date_val_4969
4970,Matrix Precision Engineering,VoucherNo_val_4970,Amount_val_4970,TaxRate_val_4970,Date_val_4970
4971,Matrix Precision Engineering,VoucherNo_val_4971,Amount_val_4971,TaxRate_val_4971,Date_val_4971
4972,Matrix Precision Engineering,VoucherNo_val_4972,Amount_val_4972,TaxRate_val_4972,Date_val_4972
4973,Matrix Precision Engineering,VoucherNo_val_4973,Amount_val_4973,TaxRate_val_4973,Date_val_4973
4974,Matrix Precision Engineering,VoucherNo_val_4974,Amount_val_4974,TaxRate_val_4974,Date_val_4974
4975,Matrix Precision Engineering,VoucherNo_val_4975,Amount_val_4975,TaxRate_val_4975,Date_val_4975
4976,Matrix Precision Engineering,VoucherNo_val_4976,Amount_val_4976,TaxRate_val_4976,Date_val_4976
4977,Matrix Precision Engineering,VoucherNo_val_4977,Amount_val_4977,TaxRate_val_4977,Date_val_4977
4978,Matrix Precision Engineering,VoucherNo_val_4978,Amount_val_4978,TaxRate_val_4978,Date_val_4978
4979,Matrix Precision Engineering,VoucherNo_val_4979,Amount_val_4979,TaxRate_val_4979,Date_val_4979
4980,Matrix Precision Engineering,VoucherNo_val_4980,Amount_val_4980,TaxRate_val_4980,Date_val_4980
4981,Matrix Precision Engineering,VoucherNo_val_4981,Amount_val_4981,TaxRate_val_4981,Date_val_4981
4982,Matrix Precision Engineering,VoucherNo_val_4982,Amount_val_4982,TaxRate_val_4982,Date_val_4982
4983,Matrix Precision Engineering,VoucherNo_val_4983,Amount_val_4983,TaxRate_val_4983,Date_val_4983
4984,Matrix Precision Engineering,VoucherNo_val_4984,Amount_val_4984,TaxRate_val_4984,Date_val_4984
4985,Matrix Precision Engineering,VoucherNo_val_4985,Amount_val_4985,TaxRate_val_4985,Date_val_4985
4986,Matrix Precision Engineering,VoucherNo_val_4986,Amount_val_4986,TaxRate_val_4986,Date_val_4986
4987,Matrix Precision Engineering,VoucherNo_val_4987,Amount_val_4987,TaxRate_val_4987,Date_val_4987
4988,Matrix Precision Engineering,VoucherNo_val_4988,Amount_val_4988,TaxRate_val_4988,Date_val_4988
4989,Matrix Precision Engineering,VoucherNo_val_4989,Amount_val_4989,TaxRate_val_4989,Date_val_4989
4990,Matrix Precision Engineering,VoucherNo_val_4990,Amount_val_4990,TaxRate_val_4990,Date_val_4990
4991,Matrix Precision Engineering,VoucherNo_val_4991,Amount_val_4991,TaxRate_val_4991,Date_val_4991
4992,Matrix Precision Engineering,VoucherNo_val_4992,Amount_val_4992,TaxRate_val_4992,Date_val_4992
4993,Matrix Precision Engineering,VoucherNo_val_4993,Amount_val_4993,TaxRate_val_4993,Date_val_4993
4994,Matrix Precision Engineering,VoucherNo_val_4994,Amount_val_4994,TaxRate_val_4994,Date_val_4994
4995,Matrix Precision Engineering,VoucherNo_val_4995,Amount_val_4995,TaxRate_val_4995,Date_val_4995
4996,Matrix Precision Engineering,VoucherNo_val_4996,Amount_val_4996,TaxRate_val_4996,Date_val_4996
4997,Matrix Precision Engineering,VoucherNo_val_4997,Amount_val_4997,TaxRate_val_4997,Date_val_4997
4998,Matrix Precision Engineering,VoucherNo_val_4998,Amount_val_4998,TaxRate_val_4998,Date_val_4998
4999,Matrix Precision Engineering,VoucherNo_val_4999,Amount_val_4999,TaxRate_val_4999,Date_val_4999
5000,Matrix Precision Engineering,VoucherNo_val_5000,Amount_val_5000,TaxRate_val_5000,Date_val_5000
5001,Matrix Precision Engineering,VoucherNo_val_5001,Amount_val_5001,TaxRate_val_5001,Date_val_5001
5002,Matrix Precision Engineering,VoucherNo_val_5002,Amount_val_5002,TaxRate_val_5002,Date_val_5002
5003,Matrix Precision Engineering,VoucherNo_val_5003,Amount_val_5003,TaxRate_val_5003,Date_val_5003
5004,Matrix Precision Engineering,VoucherNo_val_5004,Amount_val_5004,TaxRate_val_5004,Date_val_5004
5005,Matrix Precision Engineering,VoucherNo_val_5005,Amount_val_5005,TaxRate_val_5005,Date_val_5005
5006,Matrix Precision Engineering,VoucherNo_val_5006,Amount_val_5006,TaxRate_val_5006,Date_val_5006
5007,Matrix Precision Engineering,VoucherNo_val_5007,Amount_val_5007,TaxRate_val_5007,Date_val_5007
5008,Matrix Precision Engineering,VoucherNo_val_5008,Amount_val_5008,TaxRate_val_5008,Date_val_5008
5009,Matrix Precision Engineering,VoucherNo_val_5009,Amount_val_5009,TaxRate_val_5009,Date_val_5009
5010,Matrix Precision Engineering,VoucherNo_val_5010,Amount_val_5010,TaxRate_val_5010,Date_val_5010
5011,Matrix Precision Engineering,VoucherNo_val_5011,Amount_val_5011,TaxRate_val_5011,Date_val_5011
5012,Matrix Precision Engineering,VoucherNo_val_5012,Amount_val_5012,TaxRate_val_5012,Date_val_5012
5013,Matrix Precision Engineering,VoucherNo_val_5013,Amount_val_5013,TaxRate_val_5013,Date_val_5013
5014,Matrix Precision Engineering,VoucherNo_val_5014,Amount_val_5014,TaxRate_val_5014,Date_val_5014
5015,Matrix Precision Engineering,VoucherNo_val_5015,Amount_val_5015,TaxRate_val_5015,Date_val_5015
5016,Matrix Precision Engineering,VoucherNo_val_5016,Amount_val_5016,TaxRate_val_5016,Date_val_5016
5017,Matrix Precision Engineering,VoucherNo_val_5017,Amount_val_5017,TaxRate_val_5017,Date_val_5017
5018,Matrix Precision Engineering,VoucherNo_val_5018,Amount_val_5018,TaxRate_val_5018,Date_val_5018
5019,Matrix Precision Engineering,VoucherNo_val_5019,Amount_val_5019,TaxRate_val_5019,Date_val_5019
5020,Matrix Precision Engineering,VoucherNo_val_5020,Amount_val_5020,TaxRate_val_5020,Date_val_5020
5021,Matrix Precision Engineering,VoucherNo_val_5021,Amount_val_5021,TaxRate_val_5021,Date_val_5021
5022,Matrix Precision Engineering,VoucherNo_val_5022,Amount_val_5022,TaxRate_val_5022,Date_val_5022
5023,Matrix Precision Engineering,VoucherNo_val_5023,Amount_val_5023,TaxRate_val_5023,Date_val_5023
5024,Matrix Precision Engineering,VoucherNo_val_5024,Amount_val_5024,TaxRate_val_5024,Date_val_5024
5025,Matrix Precision Engineering,VoucherNo_val_5025,Amount_val_5025,TaxRate_val_5025,Date_val_5025
5026,Matrix Precision Engineering,VoucherNo_val_5026,Amount_val_5026,TaxRate_val_5026,Date_val_5026
5027,Matrix Precision Engineering,VoucherNo_val_5027,Amount_val_5027,TaxRate_val_5027,Date_val_5027
5028,Matrix Precision Engineering,VoucherNo_val_5028,Amount_val_5028,TaxRate_val_5028,Date_val_5028
5029,Matrix Precision Engineering,VoucherNo_val_5029,Amount_val_5029,TaxRate_val_5029,Date_val_5029
5030,Matrix Precision Engineering,VoucherNo_val_5030,Amount_val_5030,TaxRate_val_5030,Date_val_5030
5031,Matrix Precision Engineering,VoucherNo_val_5031,Amount_val_5031,TaxRate_val_5031,Date_val_5031
5032,Matrix Precision Engineering,VoucherNo_val_5032,Amount_val_5032,TaxRate_val_5032,Date_val_5032
5033,Matrix Precision Engineering,VoucherNo_val_5033,Amount_val_5033,TaxRate_val_5033,Date_val_5033
5034,Matrix Precision Engineering,VoucherNo_val_5034,Amount_val_5034,TaxRate_val_5034,Date_val_5034
5035,Matrix Precision Engineering,VoucherNo_val_5035,Amount_val_5035,TaxRate_val_5035,Date_val_5035
5036,Matrix Precision Engineering,VoucherNo_val_5036,Amount_val_5036,TaxRate_val_5036,Date_val_5036
5037,Matrix Precision Engineering,VoucherNo_val_5037,Amount_val_5037,TaxRate_val_5037,Date_val_5037
5038,Matrix Precision Engineering,VoucherNo_val_5038,Amount_val_5038,TaxRate_val_5038,Date_val_5038
5039,Matrix Precision Engineering,VoucherNo_val_5039,Amount_val_5039,TaxRate_val_5039,Date_val_5039
5040,Matrix Precision Engineering,VoucherNo_val_5040,Amount_val_5040,TaxRate_val_5040,Date_val_5040
5041,Matrix Precision Engineering,VoucherNo_val_5041,Amount_val_5041,TaxRate_val_5041,Date_val_5041
5042,Matrix Precision Engineering,VoucherNo_val_5042,Amount_val_5042,TaxRate_val_5042,Date_val_5042
5043,Matrix Precision Engineering,VoucherNo_val_5043,Amount_val_5043,TaxRate_val_5043,Date_val_5043
5044,Matrix Precision Engineering,VoucherNo_val_5044,Amount_val_5044,TaxRate_val_5044,Date_val_5044
5045,Matrix Precision Engineering,VoucherNo_val_5045,Amount_val_5045,TaxRate_val_5045,Date_val_5045
5046,Matrix Precision Engineering,VoucherNo_val_5046,Amount_val_5046,TaxRate_val_5046,Date_val_5046
5047,Matrix Precision Engineering,VoucherNo_val_5047,Amount_val_5047,TaxRate_val_5047,Date_val_5047
5048,Matrix Precision Engineering,VoucherNo_val_5048,Amount_val_5048,TaxRate_val_5048,Date_val_5048
5049,Matrix Precision Engineering,VoucherNo_val_5049,Amount_val_5049,TaxRate_val_5049,Date_val_5049
5050,Matrix Precision Engineering,VoucherNo_val_5050,Amount_val_5050,TaxRate_val_5050,Date_val_5050
5051,Matrix Precision Engineering,VoucherNo_val_5051,Amount_val_5051,TaxRate_val_5051,Date_val_5051
5052,Matrix Precision Engineering,VoucherNo_val_5052,Amount_val_5052,TaxRate_val_5052,Date_val_5052
5053,Matrix Precision Engineering,VoucherNo_val_5053,Amount_val_5053,TaxRate_val_5053,Date_val_5053
5054,Matrix Precision Engineering,VoucherNo_val_5054,Amount_val_5054,TaxRate_val_5054,Date_val_5054
5055,Matrix Precision Engineering,VoucherNo_val_5055,Amount_val_5055,TaxRate_val_5055,Date_val_5055
5056,Matrix Precision Engineering,VoucherNo_val_5056,Amount_val_5056,TaxRate_val_5056,Date_val_5056
5057,Matrix Precision Engineering,VoucherNo_val_5057,Amount_val_5057,TaxRate_val_5057,Date_val_5057
5058,Matrix Precision Engineering,VoucherNo_val_5058,Amount_val_5058,TaxRate_val_5058,Date_val_5058
5059,Matrix Precision Engineering,VoucherNo_val_5059,Amount_val_5059,TaxRate_val_5059,Date_val_5059
5060,Matrix Precision Engineering,VoucherNo_val_5060,Amount_val_5060,TaxRate_val_5060,Date_val_5060
5061,Matrix Precision Engineering,VoucherNo_val_5061,Amount_val_5061,TaxRate_val_5061,Date_val_5061
5062,Matrix Precision Engineering,VoucherNo_val_5062,Amount_val_5062,TaxRate_val_5062,Date_val_5062
5063,Matrix Precision Engineering,VoucherNo_val_5063,Amount_val_5063,TaxRate_val_5063,Date_val_5063
5064,Matrix Precision Engineering,VoucherNo_val_5064,Amount_val_5064,TaxRate_val_5064,Date_val_5064
5065,Matrix Precision Engineering,VoucherNo_val_5065,Amount_val_5065,TaxRate_val_5065,Date_val_5065
5066,Matrix Precision Engineering,VoucherNo_val_5066,Amount_val_5066,TaxRate_val_5066,Date_val_5066
5067,Matrix Precision Engineering,VoucherNo_val_5067,Amount_val_5067,TaxRate_val_5067,Date_val_5067
5068,Matrix Precision Engineering,VoucherNo_val_5068,Amount_val_5068,TaxRate_val_5068,Date_val_5068
5069,Matrix Precision Engineering,VoucherNo_val_5069,Amount_val_5069,TaxRate_val_5069,Date_val_5069
5070,Matrix Precision Engineering,VoucherNo_val_5070,Amount_val_5070,TaxRate_val_5070,Date_val_5070
5071,Matrix Precision Engineering,VoucherNo_val_5071,Amount_val_5071,TaxRate_val_5071,Date_val_5071
5072,Matrix Precision Engineering,VoucherNo_val_5072,Amount_val_5072,TaxRate_val_5072,Date_val_5072
5073,Matrix Precision Engineering,VoucherNo_val_5073,Amount_val_5073,TaxRate_val_5073,Date_val_5073
5074,Matrix Precision Engineering,VoucherNo_val_5074,Amount_val_5074,TaxRate_val_5074,Date_val_5074
5075,Matrix Precision Engineering,VoucherNo_val_5075,Amount_val_5075,TaxRate_val_5075,Date_val_5075
5076,Matrix Precision Engineering,VoucherNo_val_5076,Amount_val_5076,TaxRate_val_5076,Date_val_5076
5077,Matrix Precision Engineering,VoucherNo_val_5077,Amount_val_5077,TaxRate_val_5077,Date_val_5077
5078,Matrix Precision Engineering,VoucherNo_val_5078,Amount_val_5078,TaxRate_val_5078,Date_val_5078
5079,Matrix Precision Engineering,VoucherNo_val_5079,Amount_val_5079,TaxRate_val_5079,Date_val_5079
5080,Matrix Precision Engineering,VoucherNo_val_5080,Amount_val_5080,TaxRate_val_5080,Date_val_5080
5081,Matrix Precision Engineering,VoucherNo_val_5081,Amount_val_5081,TaxRate_val_5081,Date_val_5081
5082,Matrix Precision Engineering,VoucherNo_val_5082,Amount_val_5082,TaxRate_val_5082,Date_val_5082
5083,Matrix Precision Engineering,VoucherNo_val_5083,Amount_val_5083,TaxRate_val_5083,Date_val_5083
5084,Matrix Precision Engineering,VoucherNo_val_5084,Amount_val_5084,TaxRate_val_5084,Date_val_5084
5085,Matrix Precision Engineering,VoucherNo_val_5085,Amount_val_5085,TaxRate_val_5085,Date_val_5085
5086,Matrix Precision Engineering,VoucherNo_val_5086,Amount_val_5086,TaxRate_val_5086,Date_val_5086
5087,Matrix Precision Engineering,VoucherNo_val_5087,Amount_val_5087,TaxRate_val_5087,Date_val_5087
5088,Matrix Precision Engineering,VoucherNo_val_5088,Amount_val_5088,TaxRate_val_5088,Date_val_5088
5089,Matrix Precision Engineering,VoucherNo_val_5089,Amount_val_5089,TaxRate_val_5089,Date_val_5089
5090,Matrix Precision Engineering,VoucherNo_val_5090,Amount_val_5090,TaxRate_val_5090,Date_val_5090
5091,Matrix Precision Engineering,VoucherNo_val_5091,Amount_val_5091,TaxRate_val_5091,Date_val_5091
5092,Matrix Precision Engineering,VoucherNo_val_5092,Amount_val_5092,TaxRate_val_5092,Date_val_5092
5093,Matrix Precision Engineering,VoucherNo_val_5093,Amount_val_5093,TaxRate_val_5093,Date_val_5093
5094,Matrix Precision Engineering,VoucherNo_val_5094,Amount_val_5094,TaxRate_val_5094,Date_val_5094
5095,Matrix Precision Engineering,VoucherNo_val_5095,Amount_val_5095,TaxRate_val_5095,Date_val_5095
5096,Matrix Precision Engineering,VoucherNo_val_5096,Amount_val_5096,TaxRate_val_5096,Date_val_5096
5097,Matrix Precision Engineering,VoucherNo_val_5097,Amount_val_5097,TaxRate_val_5097,Date_val_5097
5098,Matrix Precision Engineering,VoucherNo_val_5098,Amount_val_5098,TaxRate_val_5098,Date_val_5098
5099,Matrix Precision Engineering,VoucherNo_val_5099,Amount_val_5099,TaxRate_val_5099,Date_val_5099
5100,Matrix Precision Engineering,VoucherNo_val_5100,Amount_val_5100,TaxRate_val_5100,Date_val_5100
5101,Matrix Precision Engineering,VoucherNo_val_5101,Amount_val_5101,TaxRate_val_5101,Date_val_5101
5102,Matrix Precision Engineering,VoucherNo_val_5102,Amount_val_5102,TaxRate_val_5102,Date_val_5102
5103,Matrix Precision Engineering,VoucherNo_val_5103,Amount_val_5103,TaxRate_val_5103,Date_val_5103
5104,Matrix Precision Engineering,VoucherNo_val_5104,Amount_val_5104,TaxRate_val_5104,Date_val_5104
5105,Matrix Precision Engineering,VoucherNo_val_5105,Amount_val_5105,TaxRate_val_5105,Date_val_5105
5106,Matrix Precision Engineering,VoucherNo_val_5106,Amount_val_5106,TaxRate_val_5106,Date_val_5106
5107,Matrix Precision Engineering,VoucherNo_val_5107,Amount_val_5107,TaxRate_val_5107,Date_val_5107
5108,Matrix Precision Engineering,VoucherNo_val_5108,Amount_val_5108,TaxRate_val_5108,Date_val_5108
5109,Matrix Precision Engineering,VoucherNo_val_5109,Amount_val_5109,TaxRate_val_5109,Date_val_5109
5110,Matrix Precision Engineering,VoucherNo_val_5110,Amount_val_5110,TaxRate_val_5110,Date_val_5110
5111,Matrix Precision Engineering,VoucherNo_val_5111,Amount_val_5111,TaxRate_val_5111,Date_val_5111
5112,Matrix Precision Engineering,VoucherNo_val_5112,Amount_val_5112,TaxRate_val_5112,Date_val_5112
5113,Matrix Precision Engineering,VoucherNo_val_5113,Amount_val_5113,TaxRate_val_5113,Date_val_5113
5114,Matrix Precision Engineering,VoucherNo_val_5114,Amount_val_5114,TaxRate_val_5114,Date_val_5114
5115,Matrix Precision Engineering,VoucherNo_val_5115,Amount_val_5115,TaxRate_val_5115,Date_val_5115
5116,Matrix Precision Engineering,VoucherNo_val_5116,Amount_val_5116,TaxRate_val_5116,Date_val_5116
5117,Matrix Precision Engineering,VoucherNo_val_5117,Amount_val_5117,TaxRate_val_5117,Date_val_5117
5118,Matrix Precision Engineering,VoucherNo_val_5118,Amount_val_5118,TaxRate_val_5118,Date_val_5118
5119,Matrix Precision Engineering,VoucherNo_val_5119,Amount_val_5119,TaxRate_val_5119,Date_val_5119
5120,Matrix Precision Engineering,VoucherNo_val_5120,Amount_val_5120,TaxRate_val_5120,Date_val_5120
5121,Matrix Precision Engineering,VoucherNo_val_5121,Amount_val_5121,TaxRate_val_5121,Date_val_5121
5122,Matrix Precision Engineering,VoucherNo_val_5122,Amount_val_5122,TaxRate_val_5122,Date_val_5122
5123,Matrix Precision Engineering,VoucherNo_val_5123,Amount_val_5123,TaxRate_val_5123,Date_val_5123
5124,Matrix Precision Engineering,VoucherNo_val_5124,Amount_val_5124,TaxRate_val_5124,Date_val_5124
5125,Matrix Precision Engineering,VoucherNo_val_5125,Amount_val_5125,TaxRate_val_5125,Date_val_5125
5126,Matrix Precision Engineering,VoucherNo_val_5126,Amount_val_5126,TaxRate_val_5126,Date_val_5126
5127,Matrix Precision Engineering,VoucherNo_val_5127,Amount_val_5127,TaxRate_val_5127,Date_val_5127
5128,Matrix Precision Engineering,VoucherNo_val_5128,Amount_val_5128,TaxRate_val_5128,Date_val_5128
5129,Matrix Precision Engineering,VoucherNo_val_5129,Amount_val_5129,TaxRate_val_5129,Date_val_5129
5130,Matrix Precision Engineering,VoucherNo_val_5130,Amount_val_5130,TaxRate_val_5130,Date_val_5130
5131,Matrix Precision Engineering,VoucherNo_val_5131,Amount_val_5131,TaxRate_val_5131,Date_val_5131
5132,Matrix Precision Engineering,VoucherNo_val_5132,Amount_val_5132,TaxRate_val_5132,Date_val_5132
5133,Matrix Precision Engineering,VoucherNo_val_5133,Amount_val_5133,TaxRate_val_5133,Date_val_5133
5134,Matrix Precision Engineering,VoucherNo_val_5134,Amount_val_5134,TaxRate_val_5134,Date_val_5134
5135,Matrix Precision Engineering,VoucherNo_val_5135,Amount_val_5135,TaxRate_val_5135,Date_val_5135
5136,Matrix Precision Engineering,VoucherNo_val_5136,Amount_val_5136,TaxRate_val_5136,Date_val_5136
5137,Matrix Precision Engineering,VoucherNo_val_5137,Amount_val_5137,TaxRate_val_5137,Date_val_5137
5138,Matrix Precision Engineering,VoucherNo_val_5138,Amount_val_5138,TaxRate_val_5138,Date_val_5138
5139,Matrix Precision Engineering,VoucherNo_val_5139,Amount_val_5139,TaxRate_val_5139,Date_val_5139
5140,Matrix Precision Engineering,VoucherNo_val_5140,Amount_val_5140,TaxRate_val_5140,Date_val_5140
5141,Matrix Precision Engineering,VoucherNo_val_5141,Amount_val_5141,TaxRate_val_5141,Date_val_5141
5142,Matrix Precision Engineering,VoucherNo_val_5142,Amount_val_5142,TaxRate_val_5142,Date_val_5142
5143,Matrix Precision Engineering,VoucherNo_val_5143,Amount_val_5143,TaxRate_val_5143,Date_val_5143
5144,Matrix Precision Engineering,VoucherNo_val_5144,Amount_val_5144,TaxRate_val_5144,Date_val_5144
5145,Matrix Precision Engineering,VoucherNo_val_5145,Amount_val_5145,TaxRate_val_5145,Date_val_5145
5146,Matrix Precision Engineering,VoucherNo_val_5146,Amount_val_5146,TaxRate_val_5146,Date_val_5146
5147,Matrix Precision Engineering,VoucherNo_val_5147,Amount_val_5147,TaxRate_val_5147,Date_val_5147
5148,Matrix Precision Engineering,VoucherNo_val_5148,Amount_val_5148,TaxRate_val_5148,Date_val_5148
5149,Matrix Precision Engineering,VoucherNo_val_5149,Amount_val_5149,TaxRate_val_5149,Date_val_5149
5150,Matrix Precision Engineering,VoucherNo_val_5150,Amount_val_5150,TaxRate_val_5150,Date_val_5150
5151,Matrix Precision Engineering,VoucherNo_val_5151,Amount_val_5151,TaxRate_val_5151,Date_val_5151
5152,Matrix Precision Engineering,VoucherNo_val_5152,Amount_val_5152,TaxRate_val_5152,Date_val_5152
5153,Matrix Precision Engineering,VoucherNo_val_5153,Amount_val_5153,TaxRate_val_5153,Date_val_5153
5154,Matrix Precision Engineering,VoucherNo_val_5154,Amount_val_5154,TaxRate_val_5154,Date_val_5154
5155,Matrix Precision Engineering,VoucherNo_val_5155,Amount_val_5155,TaxRate_val_5155,Date_val_5155
5156,Matrix Precision Engineering,VoucherNo_val_5156,Amount_val_5156,TaxRate_val_5156,Date_val_5156
5157,Matrix Precision Engineering,VoucherNo_val_5157,Amount_val_5157,TaxRate_val_5157,Date_val_5157
5158,Matrix Precision Engineering,VoucherNo_val_5158,Amount_val_5158,TaxRate_val_5158,Date_val_5158
5159,Matrix Precision Engineering,VoucherNo_val_5159,Amount_val_5159,TaxRate_val_5159,Date_val_5159
5160,Matrix Precision Engineering,VoucherNo_val_5160,Amount_val_5160,TaxRate_val_5160,Date_val_5160
5161,Matrix Precision Engineering,VoucherNo_val_5161,Amount_val_5161,TaxRate_val_5161,Date_val_5161
5162,Matrix Precision Engineering,VoucherNo_val_5162,Amount_val_5162,TaxRate_val_5162,Date_val_5162
5163,Matrix Precision Engineering,VoucherNo_val_5163,Amount_val_5163,TaxRate_val_5163,Date_val_5163
5164,Matrix Precision Engineering,VoucherNo_val_5164,Amount_val_5164,TaxRate_val_5164,Date_val_5164
5165,Matrix Precision Engineering,VoucherNo_val_5165,Amount_val_5165,TaxRate_val_5165,Date_val_5165
5166,Matrix Precision Engineering,VoucherNo_val_5166,Amount_val_5166,TaxRate_val_5166,Date_val_5166
5167,Matrix Precision Engineering,VoucherNo_val_5167,Amount_val_5167,TaxRate_val_5167,Date_val_5167
5168,Matrix Precision Engineering,VoucherNo_val_5168,Amount_val_5168,TaxRate_val_5168,Date_val_5168
5169,Matrix Precision Engineering,VoucherNo_val_5169,Amount_val_5169,TaxRate_val_5169,Date_val_5169
5170,Matrix Precision Engineering,VoucherNo_val_5170,Amount_val_5170,TaxRate_val_5170,Date_val_5170
5171,Matrix Precision Engineering,VoucherNo_val_5171,Amount_val_5171,TaxRate_val_5171,Date_val_5171
5172,Matrix Precision Engineering,VoucherNo_val_5172,Amount_val_5172,TaxRate_val_5172,Date_val_5172
5173,Matrix Precision Engineering,VoucherNo_val_5173,Amount_val_5173,TaxRate_val_5173,Date_val_5173
5174,Matrix Precision Engineering,VoucherNo_val_5174,Amount_val_5174,TaxRate_val_5174,Date_val_5174
5175,Matrix Precision Engineering,VoucherNo_val_5175,Amount_val_5175,TaxRate_val_5175,Date_val_5175
5176,Matrix Precision Engineering,VoucherNo_val_5176,Amount_val_5176,TaxRate_val_5176,Date_val_5176
5177,Matrix Precision Engineering,VoucherNo_val_5177,Amount_val_5177,TaxRate_val_5177,Date_val_5177
5178,Matrix Precision Engineering,VoucherNo_val_5178,Amount_val_5178,TaxRate_val_5178,Date_val_5178
5179,Matrix Precision Engineering,VoucherNo_val_5179,Amount_val_5179,TaxRate_val_5179,Date_val_5179
5180,Matrix Precision Engineering,VoucherNo_val_5180,Amount_val_5180,TaxRate_val_5180,Date_val_5180
5181,Matrix Precision Engineering,VoucherNo_val_5181,Amount_val_5181,TaxRate_val_5181,Date_val_5181
5182,Matrix Precision Engineering,VoucherNo_val_5182,Amount_val_5182,TaxRate_val_5182,Date_val_5182
5183,Matrix Precision Engineering,VoucherNo_val_5183,Amount_val_5183,TaxRate_val_5183,Date_val_5183
5184,Matrix Precision Engineering,VoucherNo_val_5184,Amount_val_5184,TaxRate_val_5184,Date_val_5184
5185,Matrix Precision Engineering,VoucherNo_val_5185,Amount_val_5185,TaxRate_val_5185,Date_val_5185
5186,Matrix Precision Engineering,VoucherNo_val_5186,Amount_val_5186,TaxRate_val_5186,Date_val_5186
5187,Matrix Precision Engineering,VoucherNo_val_5187,Amount_val_5187,TaxRate_val_5187,Date_val_5187
5188,Matrix Precision Engineering,VoucherNo_val_5188,Amount_val_5188,TaxRate_val_5188,Date_val_5188
5189,Matrix Precision Engineering,VoucherNo_val_5189,Amount_val_5189,TaxRate_val_5189,Date_val_5189
5190,Matrix Precision Engineering,VoucherNo_val_5190,Amount_val_5190,TaxRate_val_5190,Date_val_5190
5191,Matrix Precision Engineering,VoucherNo_val_5191,Amount_val_5191,TaxRate_val_5191,Date_val_5191
5192,Matrix Precision Engineering,VoucherNo_val_5192,Amount_val_5192,TaxRate_val_5192,Date_val_5192
5193,Matrix Precision Engineering,VoucherNo_val_5193,Amount_val_5193,TaxRate_val_5193,Date_val_5193
5194,Matrix Precision Engineering,VoucherNo_val_5194,Amount_val_5194,TaxRate_val_5194,Date_val_5194
5195,Matrix Precision Engineering,VoucherNo_val_5195,Amount_val_5195,TaxRate_val_5195,Date_val_5195
5196,Matrix Precision Engineering,VoucherNo_val_5196,Amount_val_5196,TaxRate_val_5196,Date_val_5196
5197,Matrix Precision Engineering,VoucherNo_val_5197,Amount_val_5197,TaxRate_val_5197,Date_val_5197
5198,Matrix Precision Engineering,VoucherNo_val_5198,Amount_val_5198,TaxRate_val_5198,Date_val_5198
5199,Matrix Precision Engineering,VoucherNo_val_5199,Amount_val_5199,TaxRate_val_5199,Date_val_5199
5200,Matrix Precision Engineering,VoucherNo_val_5200,Amount_val_5200,TaxRate_val_5200,Date_val_5200
5201,Matrix Precision Engineering,VoucherNo_val_5201,Amount_val_5201,TaxRate_val_5201,Date_val_5201
5202,Matrix Precision Engineering,VoucherNo_val_5202,Amount_val_5202,TaxRate_val_5202,Date_val_5202
5203,Matrix Precision Engineering,VoucherNo_val_5203,Amount_val_5203,TaxRate_val_5203,Date_val_5203
5204,Matrix Precision Engineering,VoucherNo_val_5204,Amount_val_5204,TaxRate_val_5204,Date_val_5204
5205,Matrix Precision Engineering,VoucherNo_val_5205,Amount_val_5205,TaxRate_val_5205,Date_val_5205
5206,Matrix Precision Engineering,VoucherNo_val_5206,Amount_val_5206,TaxRate_val_5206,Date_val_5206
5207,Matrix Precision Engineering,VoucherNo_val_5207,Amount_val_5207,TaxRate_val_5207,Date_val_5207
5208,Matrix Precision Engineering,VoucherNo_val_5208,Amount_val_5208,TaxRate_val_5208,Date_val_5208
5209,Matrix Precision Engineering,VoucherNo_val_5209,Amount_val_5209,TaxRate_val_5209,Date_val_5209
5210,Matrix Precision Engineering,VoucherNo_val_5210,Amount_val_5210,TaxRate_val_5210,Date_val_5210
5211,Matrix Precision Engineering,VoucherNo_val_5211,Amount_val_5211,TaxRate_val_5211,Date_val_5211
5212,Matrix Precision Engineering,VoucherNo_val_5212,Amount_val_5212,TaxRate_val_5212,Date_val_5212
5213,Matrix Precision Engineering,VoucherNo_val_5213,Amount_val_5213,TaxRate_val_5213,Date_val_5213
5214,Matrix Precision Engineering,VoucherNo_val_5214,Amount_val_5214,TaxRate_val_5214,Date_val_5214
5215,Matrix Precision Engineering,VoucherNo_val_5215,Amount_val_5215,TaxRate_val_5215,Date_val_5215
5216,Matrix Precision Engineering,VoucherNo_val_5216,Amount_val_5216,TaxRate_val_5216,Date_val_5216
5217,Matrix Precision Engineering,VoucherNo_val_5217,Amount_val_5217,TaxRate_val_5217,Date_val_5217
5218,Matrix Precision Engineering,VoucherNo_val_5218,Amount_val_5218,TaxRate_val_5218,Date_val_5218
5219,Matrix Precision Engineering,VoucherNo_val_5219,Amount_val_5219,TaxRate_val_5219,Date_val_5219
5220,Matrix Precision Engineering,VoucherNo_val_5220,Amount_val_5220,TaxRate_val_5220,Date_val_5220
5221,Matrix Precision Engineering,VoucherNo_val_5221,Amount_val_5221,TaxRate_val_5221,Date_val_5221
5222,Matrix Precision Engineering,VoucherNo_val_5222,Amount_val_5222,TaxRate_val_5222,Date_val_5222
5223,Matrix Precision Engineering,VoucherNo_val_5223,Amount_val_5223,TaxRate_val_5223,Date_val_5223
5224,Matrix Precision Engineering,VoucherNo_val_5224,Amount_val_5224,TaxRate_val_5224,Date_val_5224
5225,Matrix Precision Engineering,VoucherNo_val_5225,Amount_val_5225,TaxRate_val_5225,Date_val_5225
5226,Matrix Precision Engineering,VoucherNo_val_5226,Amount_val_5226,TaxRate_val_5226,Date_val_5226
5227,Matrix Precision Engineering,VoucherNo_val_5227,Amount_val_5227,TaxRate_val_5227,Date_val_5227
5228,Matrix Precision Engineering,VoucherNo_val_5228,Amount_val_5228,TaxRate_val_5228,Date_val_5228
5229,Matrix Precision Engineering,VoucherNo_val_5229,Amount_val_5229,TaxRate_val_5229,Date_val_5229
5230,Matrix Precision Engineering,VoucherNo_val_5230,Amount_val_5230,TaxRate_val_5230,Date_val_5230
5231,Matrix Precision Engineering,VoucherNo_val_5231,Amount_val_5231,TaxRate_val_5231,Date_val_5231
5232,Matrix Precision Engineering,VoucherNo_val_5232,Amount_val_5232,TaxRate_val_5232,Date_val_5232
5233,Matrix Precision Engineering,VoucherNo_val_5233,Amount_val_5233,TaxRate_val_5233,Date_val_5233
5234,Matrix Precision Engineering,VoucherNo_val_5234,Amount_val_5234,TaxRate_val_5234,Date_val_5234
5235,Matrix Precision Engineering,VoucherNo_val_5235,Amount_val_5235,TaxRate_val_5235,Date_val_5235
5236,Matrix Precision Engineering,VoucherNo_val_5236,Amount_val_5236,TaxRate_val_5236,Date_val_5236
5237,Matrix Precision Engineering,VoucherNo_val_5237,Amount_val_5237,TaxRate_val_5237,Date_val_5237
5238,Matrix Precision Engineering,VoucherNo_val_5238,Amount_val_5238,TaxRate_val_5238,Date_val_5238
5239,Matrix Precision Engineering,VoucherNo_val_5239,Amount_val_5239,TaxRate_val_5239,Date_val_5239
5240,Matrix Precision Engineering,VoucherNo_val_5240,Amount_val_5240,TaxRate_val_5240,Date_val_5240
5241,Matrix Precision Engineering,VoucherNo_val_5241,Amount_val_5241,TaxRate_val_5241,Date_val_5241
5242,Matrix Precision Engineering,VoucherNo_val_5242,Amount_val_5242,TaxRate_val_5242,Date_val_5242
5243,Matrix Precision Engineering,VoucherNo_val_5243,Amount_val_5243,TaxRate_val_5243,Date_val_5243
5244,Matrix Precision Engineering,VoucherNo_val_5244,Amount_val_5244,TaxRate_val_5244,Date_val_5244
5245,Matrix Precision Engineering,VoucherNo_val_5245,Amount_val_5245,TaxRate_val_5245,Date_val_5245
5246,Matrix Precision Engineering,VoucherNo_val_5246,Amount_val_5246,TaxRate_val_5246,Date_val_5246
5247,Matrix Precision Engineering,VoucherNo_val_5247,Amount_val_5247,TaxRate_val_5247,Date_val_5247
5248,Matrix Precision Engineering,VoucherNo_val_5248,Amount_val_5248,TaxRate_val_5248,Date_val_5248
5249,Matrix Precision Engineering,VoucherNo_val_5249,Amount_val_5249,TaxRate_val_5249,Date_val_5249
5250,Matrix Precision Engineering,VoucherNo_val_5250,Amount_val_5250,TaxRate_val_5250,Date_val_5250
5251,Matrix Precision Engineering,VoucherNo_val_5251,Amount_val_5251,TaxRate_val_5251,Date_val_5251
5252,Matrix Precision Engineering,VoucherNo_val_5252,Amount_val_5252,TaxRate_val_5252,Date_val_5252
5253,Matrix Precision Engineering,VoucherNo_val_5253,Amount_val_5253,TaxRate_val_5253,Date_val_5253
5254,Matrix Precision Engineering,VoucherNo_val_5254,Amount_val_5254,TaxRate_val_5254,Date_val_5254
5255,Matrix Precision Engineering,VoucherNo_val_5255,Amount_val_5255,TaxRate_val_5255,Date_val_5255
5256,Matrix Precision Engineering,VoucherNo_val_5256,Amount_val_5256,TaxRate_val_5256,Date_val_5256
5257,Matrix Precision Engineering,VoucherNo_val_5257,Amount_val_5257,TaxRate_val_5257,Date_val_5257
5258,Matrix Precision Engineering,VoucherNo_val_5258,Amount_val_5258,TaxRate_val_5258,Date_val_5258
5259,Matrix Precision Engineering,VoucherNo_val_5259,Amount_val_5259,TaxRate_val_5259,Date_val_5259
5260,Matrix Precision Engineering,VoucherNo_val_5260,Amount_val_5260,TaxRate_val_5260,Date_val_5260
5261,Matrix Precision Engineering,VoucherNo_val_5261,Amount_val_5261,TaxRate_val_5261,Date_val_5261
5262,Matrix Precision Engineering,VoucherNo_val_5262,Amount_val_5262,TaxRate_val_5262,Date_val_5262
5263,Matrix Precision Engineering,VoucherNo_val_5263,Amount_val_5263,TaxRate_val_5263,Date_val_5263
5264,Matrix Precision Engineering,VoucherNo_val_5264,Amount_val_5264,TaxRate_val_5264,Date_val_5264
5265,Matrix Precision Engineering,VoucherNo_val_5265,Amount_val_5265,TaxRate_val_5265,Date_val_5265
5266,Matrix Precision Engineering,VoucherNo_val_5266,Amount_val_5266,TaxRate_val_5266,Date_val_5266
5267,Matrix Precision Engineering,VoucherNo_val_5267,Amount_val_5267,TaxRate_val_5267,Date_val_5267
5268,Matrix Precision Engineering,VoucherNo_val_5268,Amount_val_5268,TaxRate_val_5268,Date_val_5268
5269,Matrix Precision Engineering,VoucherNo_val_5269,Amount_val_5269,TaxRate_val_5269,Date_val_5269
5270,Matrix Precision Engineering,VoucherNo_val_5270,Amount_val_5270,TaxRate_val_5270,Date_val_5270
5271,Matrix Precision Engineering,VoucherNo_val_5271,Amount_val_5271,TaxRate_val_5271,Date_val_5271
5272,Matrix Precision Engineering,VoucherNo_val_5272,Amount_val_5272,TaxRate_val_5272,Date_val_5272
5273,Matrix Precision Engineering,VoucherNo_val_5273,Amount_val_5273,TaxRate_val_5273,Date_val_5273
5274,Matrix Precision Engineering,VoucherNo_val_5274,Amount_val_5274,TaxRate_val_5274,Date_val_5274
5275,Matrix Precision Engineering,VoucherNo_val_5275,Amount_val_5275,TaxRate_val_5275,Date_val_5275
5276,Matrix Precision Engineering,VoucherNo_val_5276,Amount_val_5276,TaxRate_val_5276,Date_val_5276
5277,Matrix Precision Engineering,VoucherNo_val_5277,Amount_val_5277,TaxRate_val_5277,Date_val_5277
5278,Matrix Precision Engineering,VoucherNo_val_5278,Amount_val_5278,TaxRate_val_5278,Date_val_5278
5279,Matrix Precision Engineering,VoucherNo_val_5279,Amount_val_5279,TaxRate_val_5279,Date_val_5279
5280,Matrix Precision Engineering,VoucherNo_val_5280,Amount_val_5280,TaxRate_val_5280,Date_val_5280
5281,Matrix Precision Engineering,VoucherNo_val_5281,Amount_val_5281,TaxRate_val_5281,Date_val_5281
5282,Matrix Precision Engineering,VoucherNo_val_5282,Amount_val_5282,TaxRate_val_5282,Date_val_5282
5283,Matrix Precision Engineering,VoucherNo_val_5283,Amount_val_5283,TaxRate_val_5283,Date_val_5283
5284,Matrix Precision Engineering,VoucherNo_val_5284,Amount_val_5284,TaxRate_val_5284,Date_val_5284
5285,Matrix Precision Engineering,VoucherNo_val_5285,Amount_val_5285,TaxRate_val_5285,Date_val_5285
5286,Matrix Precision Engineering,VoucherNo_val_5286,Amount_val_5286,TaxRate_val_5286,Date_val_5286
5287,Matrix Precision Engineering,VoucherNo_val_5287,Amount_val_5287,TaxRate_val_5287,Date_val_5287
5288,Matrix Precision Engineering,VoucherNo_val_5288,Amount_val_5288,TaxRate_val_5288,Date_val_5288
5289,Matrix Precision Engineering,VoucherNo_val_5289,Amount_val_5289,TaxRate_val_5289,Date_val_5289
5290,Matrix Precision Engineering,VoucherNo_val_5290,Amount_val_5290,TaxRate_val_5290,Date_val_5290
5291,Matrix Precision Engineering,VoucherNo_val_5291,Amount_val_5291,TaxRate_val_5291,Date_val_5291
5292,Matrix Precision Engineering,VoucherNo_val_5292,Amount_val_5292,TaxRate_val_5292,Date_val_5292
5293,Matrix Precision Engineering,VoucherNo_val_5293,Amount_val_5293,TaxRate_val_5293,Date_val_5293
5294,Matrix Precision Engineering,VoucherNo_val_5294,Amount_val_5294,TaxRate_val_5294,Date_val_5294
5295,Matrix Precision Engineering,VoucherNo_val_5295,Amount_val_5295,TaxRate_val_5295,Date_val_5295
5296,Matrix Precision Engineering,VoucherNo_val_5296,Amount_val_5296,TaxRate_val_5296,Date_val_5296
5297,Matrix Precision Engineering,VoucherNo_val_5297,Amount_val_5297,TaxRate_val_5297,Date_val_5297
5298,Matrix Precision Engineering,VoucherNo_val_5298,Amount_val_5298,TaxRate_val_5298,Date_val_5298
5299,Matrix Precision Engineering,VoucherNo_val_5299,Amount_val_5299,TaxRate_val_5299,Date_val_5299
5300,Matrix Precision Engineering,VoucherNo_val_5300,Amount_val_5300,TaxRate_val_5300,Date_val_5300
5301,Matrix Precision Engineering,VoucherNo_val_5301,Amount_val_5301,TaxRate_val_5301,Date_val_5301
5302,Matrix Precision Engineering,VoucherNo_val_5302,Amount_val_5302,TaxRate_val_5302,Date_val_5302
5303,Matrix Precision Engineering,VoucherNo_val_5303,Amount_val_5303,TaxRate_val_5303,Date_val_5303
5304,Matrix Precision Engineering,VoucherNo_val_5304,Amount_val_5304,TaxRate_val_5304,Date_val_5304
5305,Matrix Precision Engineering,VoucherNo_val_5305,Amount_val_5305,TaxRate_val_5305,Date_val_5305
5306,Matrix Precision Engineering,VoucherNo_val_5306,Amount_val_5306,TaxRate_val_5306,Date_val_5306
5307,Matrix Precision Engineering,VoucherNo_val_5307,Amount_val_5307,TaxRate_val_5307,Date_val_5307
5308,Matrix Precision Engineering,VoucherNo_val_5308,Amount_val_5308,TaxRate_val_5308,Date_val_5308
5309,Matrix Precision Engineering,VoucherNo_val_5309,Amount_val_5309,TaxRate_val_5309,Date_val_5309
5310,Matrix Precision Engineering,VoucherNo_val_5310,Amount_val_5310,TaxRate_val_5310,Date_val_5310
5311,Matrix Precision Engineering,VoucherNo_val_5311,Amount_val_5311,TaxRate_val_5311,Date_val_5311
5312,Matrix Precision Engineering,VoucherNo_val_5312,Amount_val_5312,TaxRate_val_5312,Date_val_5312
5313,Matrix Precision Engineering,VoucherNo_val_5313,Amount_val_5313,TaxRate_val_5313,Date_val_5313
5314,Matrix Precision Engineering,VoucherNo_val_5314,Amount_val_5314,TaxRate_val_5314,Date_val_5314
5315,Matrix Precision Engineering,VoucherNo_val_5315,Amount_val_5315,TaxRate_val_5315,Date_val_5315
5316,Matrix Precision Engineering,VoucherNo_val_5316,Amount_val_5316,TaxRate_val_5316,Date_val_5316
5317,Matrix Precision Engineering,VoucherNo_val_5317,Amount_val_5317,TaxRate_val_5317,Date_val_5317
5318,Matrix Precision Engineering,VoucherNo_val_5318,Amount_val_5318,TaxRate_val_5318,Date_val_5318
5319,Matrix Precision Engineering,VoucherNo_val_5319,Amount_val_5319,TaxRate_val_5319,Date_val_5319
5320,Matrix Precision Engineering,VoucherNo_val_5320,Amount_val_5320,TaxRate_val_5320,Date_val_5320
5321,Matrix Precision Engineering,VoucherNo_val_5321,Amount_val_5321,TaxRate_val_5321,Date_val_5321
5322,Matrix Precision Engineering,VoucherNo_val_5322,Amount_val_5322,TaxRate_val_5322,Date_val_5322
5323,Matrix Precision Engineering,VoucherNo_val_5323,Amount_val_5323,TaxRate_val_5323,Date_val_5323
5324,Matrix Precision Engineering,VoucherNo_val_5324,Amount_val_5324,TaxRate_val_5324,Date_val_5324
5325,Matrix Precision Engineering,VoucherNo_val_5325,Amount_val_5325,TaxRate_val_5325,Date_val_5325
5326,Matrix Precision Engineering,VoucherNo_val_5326,Amount_val_5326,TaxRate_val_5326,Date_val_5326
5327,Matrix Precision Engineering,VoucherNo_val_5327,Amount_val_5327,TaxRate_val_5327,Date_val_5327
5328,Matrix Precision Engineering,VoucherNo_val_5328,Amount_val_5328,TaxRate_val_5328,Date_val_5328
5329,Matrix Precision Engineering,VoucherNo_val_5329,Amount_val_5329,TaxRate_val_5329,Date_val_5329
5330,Matrix Precision Engineering,VoucherNo_val_5330,Amount_val_5330,TaxRate_val_5330,Date_val_5330
5331,Matrix Precision Engineering,VoucherNo_val_5331,Amount_val_5331,TaxRate_val_5331,Date_val_5331
5332,Matrix Precision Engineering,VoucherNo_val_5332,Amount_val_5332,TaxRate_val_5332,Date_val_5332
5333,Matrix Precision Engineering,VoucherNo_val_5333,Amount_val_5333,TaxRate_val_5333,Date_val_5333
5334,Matrix Precision Engineering,VoucherNo_val_5334,Amount_val_5334,TaxRate_val_5334,Date_val_5334
5335,Matrix Precision Engineering,VoucherNo_val_5335,Amount_val_5335,TaxRate_val_5335,Date_val_5335
5336,Matrix Precision Engineering,VoucherNo_val_5336,Amount_val_5336,TaxRate_val_5336,Date_val_5336
5337,Matrix Precision Engineering,VoucherNo_val_5337,Amount_val_5337,TaxRate_val_5337,Date_val_5337
5338,Matrix Precision Engineering,VoucherNo_val_5338,Amount_val_5338,TaxRate_val_5338,Date_val_5338
5339,Matrix Precision Engineering,VoucherNo_val_5339,Amount_val_5339,TaxRate_val_5339,Date_val_5339
5340,Matrix Precision Engineering,VoucherNo_val_5340,Amount_val_5340,TaxRate_val_5340,Date_val_5340
5341,Matrix Precision Engineering,VoucherNo_val_5341,Amount_val_5341,TaxRate_val_5341,Date_val_5341
5342,Matrix Precision Engineering,VoucherNo_val_5342,Amount_val_5342,TaxRate_val_5342,Date_val_5342
5343,Matrix Precision Engineering,VoucherNo_val_5343,Amount_val_5343,TaxRate_val_5343,Date_val_5343
5344,Matrix Precision Engineering,VoucherNo_val_5344,Amount_val_5344,TaxRate_val_5344,Date_val_5344
5345,Matrix Precision Engineering,VoucherNo_val_5345,Amount_val_5345,TaxRate_val_5345,Date_val_5345
5346,Matrix Precision Engineering,VoucherNo_val_5346,Amount_val_5346,TaxRate_val_5346,Date_val_5346
5347,Matrix Precision Engineering,VoucherNo_val_5347,Amount_val_5347,TaxRate_val_5347,Date_val_5347
5348,Matrix Precision Engineering,VoucherNo_val_5348,Amount_val_5348,TaxRate_val_5348,Date_val_5348
5349,Matrix Precision Engineering,VoucherNo_val_5349,Amount_val_5349,TaxRate_val_5349,Date_val_5349
5350,Matrix Precision Engineering,VoucherNo_val_5350,Amount_val_5350,TaxRate_val_5350,Date_val_5350
5351,Matrix Precision Engineering,VoucherNo_val_5351,Amount_val_5351,TaxRate_val_5351,Date_val_5351
5352,Matrix Precision Engineering,VoucherNo_val_5352,Amount_val_5352,TaxRate_val_5352,Date_val_5352
5353,Matrix Precision Engineering,VoucherNo_val_5353,Amount_val_5353,TaxRate_val_5353,Date_val_5353
5354,Matrix Precision Engineering,VoucherNo_val_5354,Amount_val_5354,TaxRate_val_5354,Date_val_5354
5355,Matrix Precision Engineering,VoucherNo_val_5355,Amount_val_5355,TaxRate_val_5355,Date_val_5355
5356,Matrix Precision Engineering,VoucherNo_val_5356,Amount_val_5356,TaxRate_val_5356,Date_val_5356
5357,Matrix Precision Engineering,VoucherNo_val_5357,Amount_val_5357,TaxRate_val_5357,Date_val_5357
5358,Matrix Precision Engineering,VoucherNo_val_5358,Amount_val_5358,TaxRate_val_5358,Date_val_5358
5359,Matrix Precision Engineering,VoucherNo_val_5359,Amount_val_5359,TaxRate_val_5359,Date_val_5359
5360,Matrix Precision Engineering,VoucherNo_val_5360,Amount_val_5360,TaxRate_val_5360,Date_val_5360
5361,Matrix Precision Engineering,VoucherNo_val_5361,Amount_val_5361,TaxRate_val_5361,Date_val_5361
5362,Matrix Precision Engineering,VoucherNo_val_5362,Amount_val_5362,TaxRate_val_5362,Date_val_5362
5363,Matrix Precision Engineering,VoucherNo_val_5363,Amount_val_5363,TaxRate_val_5363,Date_val_5363
5364,Matrix Precision Engineering,VoucherNo_val_5364,Amount_val_5364,TaxRate_val_5364,Date_val_5364
5365,Matrix Precision Engineering,VoucherNo_val_5365,Amount_val_5365,TaxRate_val_5365,Date_val_5365
5366,Matrix Precision Engineering,VoucherNo_val_5366,Amount_val_5366,TaxRate_val_5366,Date_val_5366
5367,Matrix Precision Engineering,VoucherNo_val_5367,Amount_val_5367,TaxRate_val_5367,Date_val_5367
5368,Matrix Precision Engineering,VoucherNo_val_5368,Amount_val_5368,TaxRate_val_5368,Date_val_5368
5369,Matrix Precision Engineering,VoucherNo_val_5369,Amount_val_5369,TaxRate_val_5369,Date_val_5369
5370,Matrix Precision Engineering,VoucherNo_val_5370,Amount_val_5370,TaxRate_val_5370,Date_val_5370
5371,Matrix Precision Engineering,VoucherNo_val_5371,Amount_val_5371,TaxRate_val_5371,Date_val_5371
5372,Matrix Precision Engineering,VoucherNo_val_5372,Amount_val_5372,TaxRate_val_5372,Date_val_5372
5373,Matrix Precision Engineering,VoucherNo_val_5373,Amount_val_5373,TaxRate_val_5373,Date_val_5373
5374,Matrix Precision Engineering,VoucherNo_val_5374,Amount_val_5374,TaxRate_val_5374,Date_val_5374
5375,Matrix Precision Engineering,VoucherNo_val_5375,Amount_val_5375,TaxRate_val_5375,Date_val_5375
5376,Matrix Precision Engineering,VoucherNo_val_5376,Amount_val_5376,TaxRate_val_5376,Date_val_5376
5377,Matrix Precision Engineering,VoucherNo_val_5377,Amount_val_5377,TaxRate_val_5377,Date_val_5377
5378,Matrix Precision Engineering,VoucherNo_val_5378,Amount_val_5378,TaxRate_val_5378,Date_val_5378
5379,Matrix Precision Engineering,VoucherNo_val_5379,Amount_val_5379,TaxRate_val_5379,Date_val_5379
5380,Matrix Precision Engineering,VoucherNo_val_5380,Amount_val_5380,TaxRate_val_5380,Date_val_5380
5381,Matrix Precision Engineering,VoucherNo_val_5381,Amount_val_5381,TaxRate_val_5381,Date_val_5381
5382,Matrix Precision Engineering,VoucherNo_val_5382,Amount_val_5382,TaxRate_val_5382,Date_val_5382
5383,Matrix Precision Engineering,VoucherNo_val_5383,Amount_val_5383,TaxRate_val_5383,Date_val_5383
5384,Matrix Precision Engineering,VoucherNo_val_5384,Amount_val_5384,TaxRate_val_5384,Date_val_5384
5385,Matrix Precision Engineering,VoucherNo_val_5385,Amount_val_5385,TaxRate_val_5385,Date_val_5385
5386,Matrix Precision Engineering,VoucherNo_val_5386,Amount_val_5386,TaxRate_val_5386,Date_val_5386
5387,Matrix Precision Engineering,VoucherNo_val_5387,Amount_val_5387,TaxRate_val_5387,Date_val_5387
5388,Matrix Precision Engineering,VoucherNo_val_5388,Amount_val_5388,TaxRate_val_5388,Date_val_5388
5389,Matrix Precision Engineering,VoucherNo_val_5389,Amount_val_5389,TaxRate_val_5389,Date_val_5389
5390,Matrix Precision Engineering,VoucherNo_val_5390,Amount_val_5390,TaxRate_val_5390,Date_val_5390
5391,Matrix Precision Engineering,VoucherNo_val_5391,Amount_val_5391,TaxRate_val_5391,Date_val_5391
5392,Matrix Precision Engineering,VoucherNo_val_5392,Amount_val_5392,TaxRate_val_5392,Date_val_5392
5393,Matrix Precision Engineering,VoucherNo_val_5393,Amount_val_5393,TaxRate_val_5393,Date_val_5393
5394,Matrix Precision Engineering,VoucherNo_val_5394,Amount_val_5394,TaxRate_val_5394,Date_val_5394
5395,Matrix Precision Engineering,VoucherNo_val_5395,Amount_val_5395,TaxRate_val_5395,Date_val_5395
5396,Matrix Precision Engineering,VoucherNo_val_5396,Amount_val_5396,TaxRate_val_5396,Date_val_5396
5397,Matrix Precision Engineering,VoucherNo_val_5397,Amount_val_5397,TaxRate_val_5397,Date_val_5397
5398,Matrix Precision Engineering,VoucherNo_val_5398,Amount_val_5398,TaxRate_val_5398,Date_val_5398
5399,Matrix Precision Engineering,VoucherNo_val_5399,Amount_val_5399,TaxRate_val_5399,Date_val_5399
5400,Matrix Precision Engineering,VoucherNo_val_5400,Amount_val_5400,TaxRate_val_5400,Date_val_5400
5401,Matrix Precision Engineering,VoucherNo_val_5401,Amount_val_5401,TaxRate_val_5401,Date_val_5401
5402,Matrix Precision Engineering,VoucherNo_val_5402,Amount_val_5402,TaxRate_val_5402,Date_val_5402
5403,Matrix Precision Engineering,VoucherNo_val_5403,Amount_val_5403,TaxRate_val_5403,Date_val_5403
5404,Matrix Precision Engineering,VoucherNo_val_5404,Amount_val_5404,TaxRate_val_5404,Date_val_5404
5405,Matrix Precision Engineering,VoucherNo_val_5405,Amount_val_5405,TaxRate_val_5405,Date_val_5405
5406,Matrix Precision Engineering,VoucherNo_val_5406,Amount_val_5406,TaxRate_val_5406,Date_val_5406
5407,Matrix Precision Engineering,VoucherNo_val_5407,Amount_val_5407,TaxRate_val_5407,Date_val_5407
5408,Matrix Precision Engineering,VoucherNo_val_5408,Amount_val_5408,TaxRate_val_5408,Date_val_5408
5409,Matrix Precision Engineering,VoucherNo_val_5409,Amount_val_5409,TaxRate_val_5409,Date_val_5409
5410,Matrix Precision Engineering,VoucherNo_val_5410,Amount_val_5410,TaxRate_val_5410,Date_val_5410
5411,Matrix Precision Engineering,VoucherNo_val_5411,Amount_val_5411,TaxRate_val_5411,Date_val_5411
5412,Matrix Precision Engineering,VoucherNo_val_5412,Amount_val_5412,TaxRate_val_5412,Date_val_5412
5413,Matrix Precision Engineering,VoucherNo_val_5413,Amount_val_5413,TaxRate_val_5413,Date_val_5413
5414,Matrix Precision Engineering,VoucherNo_val_5414,Amount_val_5414,TaxRate_val_5414,Date_val_5414
5415,Matrix Precision Engineering,VoucherNo_val_5415,Amount_val_5415,TaxRate_val_5415,Date_val_5415
5416,Matrix Precision Engineering,VoucherNo_val_5416,Amount_val_5416,TaxRate_val_5416,Date_val_5416
5417,Matrix Precision Engineering,VoucherNo_val_5417,Amount_val_5417,TaxRate_val_5417,Date_val_5417
5418,Matrix Precision Engineering,VoucherNo_val_5418,Amount_val_5418,TaxRate_val_5418,Date_val_5418
5419,Matrix Precision Engineering,VoucherNo_val_5419,Amount_val_5419,TaxRate_val_5419,Date_val_5419
5420,Matrix Precision Engineering,VoucherNo_val_5420,Amount_val_5420,TaxRate_val_5420,Date_val_5420
5421,Matrix Precision Engineering,VoucherNo_val_5421,Amount_val_5421,TaxRate_val_5421,Date_val_5421
5422,Matrix Precision Engineering,VoucherNo_val_5422,Amount_val_5422,TaxRate_val_5422,Date_val_5422
5423,Matrix Precision Engineering,VoucherNo_val_5423,Amount_val_5423,TaxRate_val_5423,Date_val_5423
5424,Matrix Precision Engineering,VoucherNo_val_5424,Amount_val_5424,TaxRate_val_5424,Date_val_5424
5425,Matrix Precision Engineering,VoucherNo_val_5425,Amount_val_5425,TaxRate_val_5425,Date_val_5425
5426,Matrix Precision Engineering,VoucherNo_val_5426,Amount_val_5426,TaxRate_val_5426,Date_val_5426
5427,Matrix Precision Engineering,VoucherNo_val_5427,Amount_val_5427,TaxRate_val_5427,Date_val_5427
5428,Matrix Precision Engineering,VoucherNo_val_5428,Amount_val_5428,TaxRate_val_5428,Date_val_5428
5429,Matrix Precision Engineering,VoucherNo_val_5429,Amount_val_5429,TaxRate_val_5429,Date_val_5429
5430,Matrix Precision Engineering,VoucherNo_val_5430,Amount_val_5430,TaxRate_val_5430,Date_val_5430
5431,Matrix Precision Engineering,VoucherNo_val_5431,Amount_val_5431,TaxRate_val_5431,Date_val_5431
5432,Matrix Precision Engineering,VoucherNo_val_5432,Amount_val_5432,TaxRate_val_5432,Date_val_5432
5433,Matrix Precision Engineering,VoucherNo_val_5433,Amount_val_5433,TaxRate_val_5433,Date_val_5433
5434,Matrix Precision Engineering,VoucherNo_val_5434,Amount_val_5434,TaxRate_val_5434,Date_val_5434
5435,Matrix Precision Engineering,VoucherNo_val_5435,Amount_val_5435,TaxRate_val_5435,Date_val_5435
5436,Matrix Precision Engineering,VoucherNo_val_5436,Amount_val_5436,TaxRate_val_5436,Date_val_5436
5437,Matrix Precision Engineering,VoucherNo_val_5437,Amount_val_5437,TaxRate_val_5437,Date_val_5437
5438,Matrix Precision Engineering,VoucherNo_val_5438,Amount_val_5438,TaxRate_val_5438,Date_val_5438
5439,Matrix Precision Engineering,VoucherNo_val_5439,Amount_val_5439,TaxRate_val_5439,Date_val_5439
5440,Matrix Precision Engineering,VoucherNo_val_5440,Amount_val_5440,TaxRate_val_5440,Date_val_5440
5441,Matrix Precision Engineering,VoucherNo_val_5441,Amount_val_5441,TaxRate_val_5441,Date_val_5441
5442,Matrix Precision Engineering,VoucherNo_val_5442,Amount_val_5442,TaxRate_val_5442,Date_val_5442
5443,Matrix Precision Engineering,VoucherNo_val_5443,Amount_val_5443,TaxRate_val_5443,Date_val_5443
5444,Matrix Precision Engineering,VoucherNo_val_5444,Amount_val_5444,TaxRate_val_5444,Date_val_5444
5445,Matrix Precision Engineering,VoucherNo_val_5445,Amount_val_5445,TaxRate_val_5445,Date_val_5445
5446,Matrix Precision Engineering,VoucherNo_val_5446,Amount_val_5446,TaxRate_val_5446,Date_val_5446
5447,Matrix Precision Engineering,VoucherNo_val_5447,Amount_val_5447,TaxRate_val_5447,Date_val_5447
5448,Matrix Precision Engineering,VoucherNo_val_5448,Amount_val_5448,TaxRate_val_5448,Date_val_5448
5449,Matrix Precision Engineering,VoucherNo_val_5449,Amount_val_5449,TaxRate_val_5449,Date_val_5449
5450,Matrix Precision Engineering,VoucherNo_val_5450,Amount_val_5450,TaxRate_val_5450,Date_val_5450
5451,Matrix Precision Engineering,VoucherNo_val_5451,Amount_val_5451,TaxRate_val_5451,Date_val_5451
5452,Matrix Precision Engineering,VoucherNo_val_5452,Amount_val_5452,TaxRate_val_5452,Date_val_5452
5453,Matrix Precision Engineering,VoucherNo_val_5453,Amount_val_5453,TaxRate_val_5453,Date_val_5453
5454,Matrix Precision Engineering,VoucherNo_val_5454,Amount_val_5454,TaxRate_val_5454,Date_val_5454
5455,Matrix Precision Engineering,VoucherNo_val_5455,Amount_val_5455,TaxRate_val_5455,Date_val_5455
5456,Matrix Precision Engineering,VoucherNo_val_5456,Amount_val_5456,TaxRate_val_5456,Date_val_5456
5457,Matrix Precision Engineering,VoucherNo_val_5457,Amount_val_5457,TaxRate_val_5457,Date_val_5457
5458,Matrix Precision Engineering,VoucherNo_val_5458,Amount_val_5458,TaxRate_val_5458,Date_val_5458
5459,Matrix Precision Engineering,VoucherNo_val_5459,Amount_val_5459,TaxRate_val_5459,Date_val_5459
5460,Matrix Precision Engineering,VoucherNo_val_5460,Amount_val_5460,TaxRate_val_5460,Date_val_5460
5461,Matrix Precision Engineering,VoucherNo_val_5461,Amount_val_5461,TaxRate_val_5461,Date_val_5461
5462,Matrix Precision Engineering,VoucherNo_val_5462,Amount_val_5462,TaxRate_val_5462,Date_val_5462
5463,Matrix Precision Engineering,VoucherNo_val_5463,Amount_val_5463,TaxRate_val_5463,Date_val_5463
5464,Matrix Precision Engineering,VoucherNo_val_5464,Amount_val_5464,TaxRate_val_5464,Date_val_5464
5465,Matrix Precision Engineering,VoucherNo_val_5465,Amount_val_5465,TaxRate_val_5465,Date_val_5465
5466,Matrix Precision Engineering,VoucherNo_val_5466,Amount_val_5466,TaxRate_val_5466,Date_val_5466
5467,Matrix Precision Engineering,VoucherNo_val_5467,Amount_val_5467,TaxRate_val_5467,Date_val_5467
5468,Matrix Precision Engineering,VoucherNo_val_5468,Amount_val_5468,TaxRate_val_5468,Date_val_5468
5469,Matrix Precision Engineering,VoucherNo_val_5469,Amount_val_5469,TaxRate_val_5469,Date_val_5469
5470,Matrix Precision Engineering,VoucherNo_val_5470,Amount_val_5470,TaxRate_val_5470,Date_val_5470
5471,Matrix Precision Engineering,VoucherNo_val_5471,Amount_val_5471,TaxRate_val_5471,Date_val_5471
5472,Matrix Precision Engineering,VoucherNo_val_5472,Amount_val_5472,TaxRate_val_5472,Date_val_5472
5473,Matrix Precision Engineering,VoucherNo_val_5473,Amount_val_5473,TaxRate_val_5473,Date_val_5473
5474,Matrix Precision Engineering,VoucherNo_val_5474,Amount_val_5474,TaxRate_val_5474,Date_val_5474
5475,Matrix Precision Engineering,VoucherNo_val_5475,Amount_val_5475,TaxRate_val_5475,Date_val_5475
5476,Matrix Precision Engineering,VoucherNo_val_5476,Amount_val_5476,TaxRate_val_5476,Date_val_5476
5477,Matrix Precision Engineering,VoucherNo_val_5477,Amount_val_5477,TaxRate_val_5477,Date_val_5477
5478,Matrix Precision Engineering,VoucherNo_val_5478,Amount_val_5478,TaxRate_val_5478,Date_val_5478
5479,Matrix Precision Engineering,VoucherNo_val_5479,Amount_val_5479,TaxRate_val_5479,Date_val_5479
5480,Matrix Precision Engineering,VoucherNo_val_5480,Amount_val_5480,TaxRate_val_5480,Date_val_5480
5481,Matrix Precision Engineering,VoucherNo_val_5481,Amount_val_5481,TaxRate_val_5481,Date_val_5481
5482,Matrix Precision Engineering,VoucherNo_val_5482,Amount_val_5482,TaxRate_val_5482,Date_val_5482
5483,Matrix Precision Engineering,VoucherNo_val_5483,Amount_val_5483,TaxRate_val_5483,Date_val_5483
5484,Matrix Precision Engineering,VoucherNo_val_5484,Amount_val_5484,TaxRate_val_5484,Date_val_5484
5485,Matrix Precision Engineering,VoucherNo_val_5485,Amount_val_5485,TaxRate_val_5485,Date_val_5485
5486,Matrix Precision Engineering,VoucherNo_val_5486,Amount_val_5486,TaxRate_val_5486,Date_val_5486
5487,Matrix Precision Engineering,VoucherNo_val_5487,Amount_val_5487,TaxRate_val_5487,Date_val_5487
5488,Matrix Precision Engineering,VoucherNo_val_5488,Amount_val_5488,TaxRate_val_5488,Date_val_5488
5489,Matrix Precision Engineering,VoucherNo_val_5489,Amount_val_5489,TaxRate_val_5489,Date_val_5489
5490,Matrix Precision Engineering,VoucherNo_val_5490,Amount_val_5490,TaxRate_val_5490,Date_val_5490
5491,Matrix Precision Engineering,VoucherNo_val_5491,Amount_val_5491,TaxRate_val_5491,Date_val_5491
5492,Matrix Precision Engineering,VoucherNo_val_5492,Amount_val_5492,TaxRate_val_5492,Date_val_5492
5493,Matrix Precision Engineering,VoucherNo_val_5493,Amount_val_5493,TaxRate_val_5493,Date_val_5493
5494,Matrix Precision Engineering,VoucherNo_val_5494,Amount_val_5494,TaxRate_val_5494,Date_val_5494
5495,Matrix Precision Engineering,VoucherNo_val_5495,Amount_val_5495,TaxRate_val_5495,Date_val_5495
5496,Matrix Precision Engineering,VoucherNo_val_5496,Amount_val_5496,TaxRate_val_5496,Date_val_5496
5497,Matrix Precision Engineering,VoucherNo_val_5497,Amount_val_5497,TaxRate_val_5497,Date_val_5497
5498,Matrix Precision Engineering,VoucherNo_val_5498,Amount_val_5498,TaxRate_val_5498,Date_val_5498
5499,Matrix Precision Engineering,VoucherNo_val_5499,Amount_val_5499,TaxRate_val_5499,Date_val_5499
5500,Matrix Precision Engineering,VoucherNo_val_5500,Amount_val_5500,TaxRate_val_5500,Date_val_5500
5501,Matrix Precision Engineering,VoucherNo_val_5501,Amount_val_5501,TaxRate_val_5501,Date_val_5501
5502,Matrix Precision Engineering,VoucherNo_val_5502,Amount_val_5502,TaxRate_val_5502,Date_val_5502
5503,Matrix Precision Engineering,VoucherNo_val_5503,Amount_val_5503,TaxRate_val_5503,Date_val_5503
5504,Matrix Precision Engineering,VoucherNo_val_5504,Amount_val_5504,TaxRate_val_5504,Date_val_5504
5505,Matrix Precision Engineering,VoucherNo_val_5505,Amount_val_5505,TaxRate_val_5505,Date_val_5505
5506,Matrix Precision Engineering,VoucherNo_val_5506,Amount_val_5506,TaxRate_val_5506,Date_val_5506
5507,Matrix Precision Engineering,VoucherNo_val_5507,Amount_val_5507,TaxRate_val_5507,Date_val_5507
5508,Matrix Precision Engineering,VoucherNo_val_5508,Amount_val_5508,TaxRate_val_5508,Date_val_5508
5509,Matrix Precision Engineering,VoucherNo_val_5509,Amount_val_5509,TaxRate_val_5509,Date_val_5509
5510,Matrix Precision Engineering,VoucherNo_val_5510,Amount_val_5510,TaxRate_val_5510,Date_val_5510
5511,Matrix Precision Engineering,VoucherNo_val_5511,Amount_val_5511,TaxRate_val_5511,Date_val_5511
5512,Matrix Precision Engineering,VoucherNo_val_5512,Amount_val_5512,TaxRate_val_5512,Date_val_5512
5513,Matrix Precision Engineering,VoucherNo_val_5513,Amount_val_5513,TaxRate_val_5513,Date_val_5513
5514,Matrix Precision Engineering,VoucherNo_val_5514,Amount_val_5514,TaxRate_val_5514,Date_val_5514
5515,Matrix Precision Engineering,VoucherNo_val_5515,Amount_val_5515,TaxRate_val_5515,Date_val_5515
5516,Matrix Precision Engineering,VoucherNo_val_5516,Amount_val_5516,TaxRate_val_5516,Date_val_5516
5517,Matrix Precision Engineering,VoucherNo_val_5517,Amount_val_5517,TaxRate_val_5517,Date_val_5517
5518,Matrix Precision Engineering,VoucherNo_val_5518,Amount_val_5518,TaxRate_val_5518,Date_val_5518
5519,Matrix Precision Engineering,VoucherNo_val_5519,Amount_val_5519,TaxRate_val_5519,Date_val_5519
5520,Matrix Precision Engineering,VoucherNo_val_5520,Amount_val_5520,TaxRate_val_5520,Date_val_5520
5521,Matrix Precision Engineering,VoucherNo_val_5521,Amount_val_5521,TaxRate_val_5521,Date_val_5521
5522,Matrix Precision Engineering,VoucherNo_val_5522,Amount_val_5522,TaxRate_val_5522,Date_val_5522
5523,Matrix Precision Engineering,VoucherNo_val_5523,Amount_val_5523,TaxRate_val_5523,Date_val_5523
5524,Matrix Precision Engineering,VoucherNo_val_5524,Amount_val_5524,TaxRate_val_5524,Date_val_5524
5525,Matrix Precision Engineering,VoucherNo_val_5525,Amount_val_5525,TaxRate_val_5525,Date_val_5525
5526,Matrix Precision Engineering,VoucherNo_val_5526,Amount_val_5526,TaxRate_val_5526,Date_val_5526
5527,Matrix Precision Engineering,VoucherNo_val_5527,Amount_val_5527,TaxRate_val_5527,Date_val_5527
5528,Matrix Precision Engineering,VoucherNo_val_5528,Amount_val_5528,TaxRate_val_5528,Date_val_5528
5529,Matrix Precision Engineering,VoucherNo_val_5529,Amount_val_5529,TaxRate_val_5529,Date_val_5529
5530,Matrix Precision Engineering,VoucherNo_val_5530,Amount_val_5530,TaxRate_val_5530,Date_val_5530
5531,Matrix Precision Engineering,VoucherNo_val_5531,Amount_val_5531,TaxRate_val_5531,Date_val_5531
5532,Matrix Precision Engineering,VoucherNo_val_5532,Amount_val_5532,TaxRate_val_5532,Date_val_5532
5533,Matrix Precision Engineering,VoucherNo_val_5533,Amount_val_5533,TaxRate_val_5533,Date_val_5533
5534,Matrix Precision Engineering,VoucherNo_val_5534,Amount_val_5534,TaxRate_val_5534,Date_val_5534
5535,Matrix Precision Engineering,VoucherNo_val_5535,Amount_val_5535,TaxRate_val_5535,Date_val_5535
5536,Matrix Precision Engineering,VoucherNo_val_5536,Amount_val_5536,TaxRate_val_5536,Date_val_5536
5537,Matrix Precision Engineering,VoucherNo_val_5537,Amount_val_5537,TaxRate_val_5537,Date_val_5537
5538,Matrix Precision Engineering,VoucherNo_val_5538,Amount_val_5538,TaxRate_val_5538,Date_val_5538
5539,Matrix Precision Engineering,VoucherNo_val_5539,Amount_val_5539,TaxRate_val_5539,Date_val_5539
5540,Matrix Precision Engineering,VoucherNo_val_5540,Amount_val_5540,TaxRate_val_5540,Date_val_5540
5541,Matrix Precision Engineering,VoucherNo_val_5541,Amount_val_5541,TaxRate_val_5541,Date_val_5541
5542,Matrix Precision Engineering,VoucherNo_val_5542,Amount_val_5542,TaxRate_val_5542,Date_val_5542
5543,Matrix Precision Engineering,VoucherNo_val_5543,Amount_val_5543,TaxRate_val_5543,Date_val_5543
5544,Matrix Precision Engineering,VoucherNo_val_5544,Amount_val_5544,TaxRate_val_5544,Date_val_5544
5545,Matrix Precision Engineering,VoucherNo_val_5545,Amount_val_5545,TaxRate_val_5545,Date_val_5545
5546,Matrix Precision Engineering,VoucherNo_val_5546,Amount_val_5546,TaxRate_val_5546,Date_val_5546
5547,Matrix Precision Engineering,VoucherNo_val_5547,Amount_val_5547,TaxRate_val_5547,Date_val_5547
5548,Matrix Precision Engineering,VoucherNo_val_5548,Amount_val_5548,TaxRate_val_5548,Date_val_5548
5549,Matrix Precision Engineering,VoucherNo_val_5549,Amount_val_5549,TaxRate_val_5549,Date_val_5549
5550,Matrix Precision Engineering,VoucherNo_val_5550,Amount_val_5550,TaxRate_val_5550,Date_val_5550
5551,Matrix Precision Engineering,VoucherNo_val_5551,Amount_val_5551,TaxRate_val_5551,Date_val_5551
5552,Matrix Precision Engineering,VoucherNo_val_5552,Amount_val_5552,TaxRate_val_5552,Date_val_5552
5553,Matrix Precision Engineering,VoucherNo_val_5553,Amount_val_5553,TaxRate_val_5553,Date_val_5553
5554,Matrix Precision Engineering,VoucherNo_val_5554,Amount_val_5554,TaxRate_val_5554,Date_val_5554
5555,Matrix Precision Engineering,VoucherNo_val_5555,Amount_val_5555,TaxRate_val_5555,Date_val_5555
5556,Matrix Precision Engineering,VoucherNo_val_5556,Amount_val_5556,TaxRate_val_5556,Date_val_5556
5557,Matrix Precision Engineering,VoucherNo_val_5557,Amount_val_5557,TaxRate_val_5557,Date_val_5557
5558,Matrix Precision Engineering,VoucherNo_val_5558,Amount_val_5558,TaxRate_val_5558,Date_val_5558
5559,Matrix Precision Engineering,VoucherNo_val_5559,Amount_val_5559,TaxRate_val_5559,Date_val_5559
5560,Matrix Precision Engineering,VoucherNo_val_5560,Amount_val_5560,TaxRate_val_5560,Date_val_5560
5561,Matrix Precision Engineering,VoucherNo_val_5561,Amount_val_5561,TaxRate_val_5561,Date_val_5561
5562,Matrix Precision Engineering,VoucherNo_val_5562,Amount_val_5562,TaxRate_val_5562,Date_val_5562
5563,Matrix Precision Engineering,VoucherNo_val_5563,Amount_val_5563,TaxRate_val_5563,Date_val_5563
5564,Matrix Precision Engineering,VoucherNo_val_5564,Amount_val_5564,TaxRate_val_5564,Date_val_5564
5565,Matrix Precision Engineering,VoucherNo_val_5565,Amount_val_5565,TaxRate_val_5565,Date_val_5565
5566,Matrix Precision Engineering,VoucherNo_val_5566,Amount_val_5566,TaxRate_val_5566,Date_val_5566
5567,Matrix Precision Engineering,VoucherNo_val_5567,Amount_val_5567,TaxRate_val_5567,Date_val_5567
5568,Matrix Precision Engineering,VoucherNo_val_5568,Amount_val_5568,TaxRate_val_5568,Date_val_5568
5569,Matrix Precision Engineering,VoucherNo_val_5569,Amount_val_5569,TaxRate_val_5569,Date_val_5569
5570,Matrix Precision Engineering,VoucherNo_val_5570,Amount_val_5570,TaxRate_val_5570,Date_val_5570
5571,Matrix Precision Engineering,VoucherNo_val_5571,Amount_val_5571,TaxRate_val_5571,Date_val_5571
5572,Matrix Precision Engineering,VoucherNo_val_5572,Amount_val_5572,TaxRate_val_5572,Date_val_5572
5573,Matrix Precision Engineering,VoucherNo_val_5573,Amount_val_5573,TaxRate_val_5573,Date_val_5573
5574,Matrix Precision Engineering,VoucherNo_val_5574,Amount_val_5574,TaxRate_val_5574,Date_val_5574
5575,Matrix Precision Engineering,VoucherNo_val_5575,Amount_val_5575,TaxRate_val_5575,Date_val_5575
5576,Matrix Precision Engineering,VoucherNo_val_5576,Amount_val_5576,TaxRate_val_5576,Date_val_5576
5577,Matrix Precision Engineering,VoucherNo_val_5577,Amount_val_5577,TaxRate_val_5577,Date_val_5577
5578,Matrix Precision Engineering,VoucherNo_val_5578,Amount_val_5578,TaxRate_val_5578,Date_val_5578
5579,Matrix Precision Engineering,VoucherNo_val_5579,Amount_val_5579,TaxRate_val_5579,Date_val_5579
5580,Matrix Precision Engineering,VoucherNo_val_5580,Amount_val_5580,TaxRate_val_5580,Date_val_5580
5581,Matrix Precision Engineering,VoucherNo_val_5581,Amount_val_5581,TaxRate_val_5581,Date_val_5581
5582,Matrix Precision Engineering,VoucherNo_val_5582,Amount_val_5582,TaxRate_val_5582,Date_val_5582
5583,Matrix Precision Engineering,VoucherNo_val_5583,Amount_val_5583,TaxRate_val_5583,Date_val_5583
5584,Matrix Precision Engineering,VoucherNo_val_5584,Amount_val_5584,TaxRate_val_5584,Date_val_5584
5585,Matrix Precision Engineering,VoucherNo_val_5585,Amount_val_5585,TaxRate_val_5585,Date_val_5585
5586,Matrix Precision Engineering,VoucherNo_val_5586,Amount_val_5586,TaxRate_val_5586,Date_val_5586
5587,Matrix Precision Engineering,VoucherNo_val_5587,Amount_val_5587,TaxRate_val_5587,Date_val_5587
5588,Matrix Precision Engineering,VoucherNo_val_5588,Amount_val_5588,TaxRate_val_5588,Date_val_5588
5589,Matrix Precision Engineering,VoucherNo_val_5589,Amount_val_5589,TaxRate_val_5589,Date_val_5589
5590,Matrix Precision Engineering,VoucherNo_val_5590,Amount_val_5590,TaxRate_val_5590,Date_val_5590
5591,Matrix Precision Engineering,VoucherNo_val_5591,Amount_val_5591,TaxRate_val_5591,Date_val_5591
5592,Matrix Precision Engineering,VoucherNo_val_5592,Amount_val_5592,TaxRate_val_5592,Date_val_5592
5593,Matrix Precision Engineering,VoucherNo_val_5593,Amount_val_5593,TaxRate_val_5593,Date_val_5593
5594,Matrix Precision Engineering,VoucherNo_val_5594,Amount_val_5594,TaxRate_val_5594,Date_val_5594
5595,Matrix Precision Engineering,VoucherNo_val_5595,Amount_val_5595,TaxRate_val_5595,Date_val_5595
5596,Matrix Precision Engineering,VoucherNo_val_5596,Amount_val_5596,TaxRate_val_5596,Date_val_5596
5597,Matrix Precision Engineering,VoucherNo_val_5597,Amount_val_5597,TaxRate_val_5597,Date_val_5597
5598,Matrix Precision Engineering,VoucherNo_val_5598,Amount_val_5598,TaxRate_val_5598,Date_val_5598
5599,Matrix Precision Engineering,VoucherNo_val_5599,Amount_val_5599,TaxRate_val_5599,Date_val_5599
5600,Matrix Precision Engineering,VoucherNo_val_5600,Amount_val_5600,TaxRate_val_5600,Date_val_5600
5601,Matrix Precision Engineering,VoucherNo_val_5601,Amount_val_5601,TaxRate_val_5601,Date_val_5601
5602,Matrix Precision Engineering,VoucherNo_val_5602,Amount_val_5602,TaxRate_val_5602,Date_val_5602
5603,Matrix Precision Engineering,VoucherNo_val_5603,Amount_val_5603,TaxRate_val_5603,Date_val_5603
5604,Matrix Precision Engineering,VoucherNo_val_5604,Amount_val_5604,TaxRate_val_5604,Date_val_5604
5605,Matrix Precision Engineering,VoucherNo_val_5605,Amount_val_5605,TaxRate_val_5605,Date_val_5605
5606,Matrix Precision Engineering,VoucherNo_val_5606,Amount_val_5606,TaxRate_val_5606,Date_val_5606
5607,Matrix Precision Engineering,VoucherNo_val_5607,Amount_val_5607,TaxRate_val_5607,Date_val_5607
5608,Matrix Precision Engineering,VoucherNo_val_5608,Amount_val_5608,TaxRate_val_5608,Date_val_5608
5609,Matrix Precision Engineering,VoucherNo_val_5609,Amount_val_5609,TaxRate_val_5609,Date_val_5609
5610,Matrix Precision Engineering,VoucherNo_val_5610,Amount_val_5610,TaxRate_val_5610,Date_val_5610
5611,Matrix Precision Engineering,VoucherNo_val_5611,Amount_val_5611,TaxRate_val_5611,Date_val_5611
5612,Matrix Precision Engineering,VoucherNo_val_5612,Amount_val_5612,TaxRate_val_5612,Date_val_5612
5613,Matrix Precision Engineering,VoucherNo_val_5613,Amount_val_5613,TaxRate_val_5613,Date_val_5613
5614,Matrix Precision Engineering,VoucherNo_val_5614,Amount_val_5614,TaxRate_val_5614,Date_val_5614
5615,Matrix Precision Engineering,VoucherNo_val_5615,Amount_val_5615,TaxRate_val_5615,Date_val_5615
5616,Matrix Precision Engineering,VoucherNo_val_5616,Amount_val_5616,TaxRate_val_5616,Date_val_5616
5617,Matrix Precision Engineering,VoucherNo_val_5617,Amount_val_5617,TaxRate_val_5617,Date_val_5617
5618,Matrix Precision Engineering,VoucherNo_val_5618,Amount_val_5618,TaxRate_val_5618,Date_val_5618
5619,Matrix Precision Engineering,VoucherNo_val_5619,Amount_val_5619,TaxRate_val_5619,Date_val_5619
5620,Matrix Precision Engineering,VoucherNo_val_5620,Amount_val_5620,TaxRate_val_5620,Date_val_5620
5621,Matrix Precision Engineering,VoucherNo_val_5621,Amount_val_5621,TaxRate_val_5621,Date_val_5621
5622,Matrix Precision Engineering,VoucherNo_val_5622,Amount_val_5622,TaxRate_val_5622,Date_val_5622
5623,Matrix Precision Engineering,VoucherNo_val_5623,Amount_val_5623,TaxRate_val_5623,Date_val_5623
5624,Matrix Precision Engineering,VoucherNo_val_5624,Amount_val_5624,TaxRate_val_5624,Date_val_5624
5625,Matrix Precision Engineering,VoucherNo_val_5625,Amount_val_5625,TaxRate_val_5625,Date_val_5625
5626,Matrix Precision Engineering,VoucherNo_val_5626,Amount_val_5626,TaxRate_val_5626,Date_val_5626
5627,Matrix Precision Engineering,VoucherNo_val_5627,Amount_val_5627,TaxRate_val_5627,Date_val_5627
5628,Matrix Precision Engineering,VoucherNo_val_5628,Amount_val_5628,TaxRate_val_5628,Date_val_5628
5629,Matrix Precision Engineering,VoucherNo_val_5629,Amount_val_5629,TaxRate_val_5629,Date_val_5629
5630,Matrix Precision Engineering,VoucherNo_val_5630,Amount_val_5630,TaxRate_val_5630,Date_val_5630
5631,Matrix Precision Engineering,VoucherNo_val_5631,Amount_val_5631,TaxRate_val_5631,Date_val_5631
5632,Matrix Precision Engineering,VoucherNo_val_5632,Amount_val_5632,TaxRate_val_5632,Date_val_5632
5633,Matrix Precision Engineering,VoucherNo_val_5633,Amount_val_5633,TaxRate_val_5633,Date_val_5633
5634,Matrix Precision Engineering,VoucherNo_val_5634,Amount_val_5634,TaxRate_val_5634,Date_val_5634
5635,Matrix Precision Engineering,VoucherNo_val_5635,Amount_val_5635,TaxRate_val_5635,Date_val_5635
5636,Matrix Precision Engineering,VoucherNo_val_5636,Amount_val_5636,TaxRate_val_5636,Date_val_5636
5637,Matrix Precision Engineering,VoucherNo_val_5637,Amount_val_5637,TaxRate_val_5637,Date_val_5637
5638,Matrix Precision Engineering,VoucherNo_val_5638,Amount_val_5638,TaxRate_val_5638,Date_val_5638
5639,Matrix Precision Engineering,VoucherNo_val_5639,Amount_val_5639,TaxRate_val_5639,Date_val_5639
5640,Matrix Precision Engineering,VoucherNo_val_5640,Amount_val_5640,TaxRate_val_5640,Date_val_5640
5641,Matrix Precision Engineering,VoucherNo_val_5641,Amount_val_5641,TaxRate_val_5641,Date_val_5641
5642,Matrix Precision Engineering,VoucherNo_val_5642,Amount_val_5642,TaxRate_val_5642,Date_val_5642
5643,Matrix Precision Engineering,VoucherNo_val_5643,Amount_val_5643,TaxRate_val_5643,Date_val_5643
5644,Matrix Precision Engineering,VoucherNo_val_5644,Amount_val_5644,TaxRate_val_5644,Date_val_5644
5645,Matrix Precision Engineering,VoucherNo_val_5645,Amount_val_5645,TaxRate_val_5645,Date_val_5645
5646,Matrix Precision Engineering,VoucherNo_val_5646,Amount_val_5646,TaxRate_val_5646,Date_val_5646
5647,Matrix Precision Engineering,VoucherNo_val_5647,Amount_val_5647,TaxRate_val_5647,Date_val_5647
5648,Matrix Precision Engineering,VoucherNo_val_5648,Amount_val_5648,TaxRate_val_5648,Date_val_5648
5649,Matrix Precision Engineering,VoucherNo_val_5649,Amount_val_5649,TaxRate_val_5649,Date_val_5649
5650,Matrix Precision Engineering,VoucherNo_val_5650,Amount_val_5650,TaxRate_val_5650,Date_val_5650
5651,Matrix Precision Engineering,VoucherNo_val_5651,Amount_val_5651,TaxRate_val_5651,Date_val_5651
5652,Matrix Precision Engineering,VoucherNo_val_5652,Amount_val_5652,TaxRate_val_5652,Date_val_5652
5653,Matrix Precision Engineering,VoucherNo_val_5653,Amount_val_5653,TaxRate_val_5653,Date_val_5653
5654,Matrix Precision Engineering,VoucherNo_val_5654,Amount_val_5654,TaxRate_val_5654,Date_val_5654
5655,Matrix Precision Engineering,VoucherNo_val_5655,Amount_val_5655,TaxRate_val_5655,Date_val_5655
5656,Matrix Precision Engineering,VoucherNo_val_5656,Amount_val_5656,TaxRate_val_5656,Date_val_5656
5657,Matrix Precision Engineering,VoucherNo_val_5657,Amount_val_5657,TaxRate_val_5657,Date_val_5657
5658,Matrix Precision Engineering,VoucherNo_val_5658,Amount_val_5658,TaxRate_val_5658,Date_val_5658
5659,Matrix Precision Engineering,VoucherNo_val_5659,Amount_val_5659,TaxRate_val_5659,Date_val_5659
5660,Matrix Precision Engineering,VoucherNo_val_5660,Amount_val_5660,TaxRate_val_5660,Date_val_5660
5661,Matrix Precision Engineering,VoucherNo_val_5661,Amount_val_5661,TaxRate_val_5661,Date_val_5661
5662,Matrix Precision Engineering,VoucherNo_val_5662,Amount_val_5662,TaxRate_val_5662,Date_val_5662
5663,Matrix Precision Engineering,VoucherNo_val_5663,Amount_val_5663,TaxRate_val_5663,Date_val_5663
5664,Matrix Precision Engineering,VoucherNo_val_5664,Amount_val_5664,TaxRate_val_5664,Date_val_5664
5665,Matrix Precision Engineering,VoucherNo_val_5665,Amount_val_5665,TaxRate_val_5665,Date_val_5665
5666,Matrix Precision Engineering,VoucherNo_val_5666,Amount_val_5666,TaxRate_val_5666,Date_val_5666
5667,Matrix Precision Engineering,VoucherNo_val_5667,Amount_val_5667,TaxRate_val_5667,Date_val_5667
5668,Matrix Precision Engineering,VoucherNo_val_5668,Amount_val_5668,TaxRate_val_5668,Date_val_5668
5669,Matrix Precision Engineering,VoucherNo_val_5669,Amount_val_5669,TaxRate_val_5669,Date_val_5669
5670,Matrix Precision Engineering,VoucherNo_val_5670,Amount_val_5670,TaxRate_val_5670,Date_val_5670
5671,Matrix Precision Engineering,VoucherNo_val_5671,Amount_val_5671,TaxRate_val_5671,Date_val_5671
5672,Matrix Precision Engineering,VoucherNo_val_5672,Amount_val_5672,TaxRate_val_5672,Date_val_5672
5673,Matrix Precision Engineering,VoucherNo_val_5673,Amount_val_5673,TaxRate_val_5673,Date_val_5673
5674,Matrix Precision Engineering,VoucherNo_val_5674,Amount_val_5674,TaxRate_val_5674,Date_val_5674
5675,Matrix Precision Engineering,VoucherNo_val_5675,Amount_val_5675,TaxRate_val_5675,Date_val_5675
5676,Matrix Precision Engineering,VoucherNo_val_5676,Amount_val_5676,TaxRate_val_5676,Date_val_5676
5677,Matrix Precision Engineering,VoucherNo_val_5677,Amount_val_5677,TaxRate_val_5677,Date_val_5677
5678,Matrix Precision Engineering,VoucherNo_val_5678,Amount_val_5678,TaxRate_val_5678,Date_val_5678
5679,Matrix Precision Engineering,VoucherNo_val_5679,Amount_val_5679,TaxRate_val_5679,Date_val_5679
5680,Matrix Precision Engineering,VoucherNo_val_5680,Amount_val_5680,TaxRate_val_5680,Date_val_5680
5681,Matrix Precision Engineering,VoucherNo_val_5681,Amount_val_5681,TaxRate_val_5681,Date_val_5681
5682,Matrix Precision Engineering,VoucherNo_val_5682,Amount_val_5682,TaxRate_val_5682,Date_val_5682
5683,Matrix Precision Engineering,VoucherNo_val_5683,Amount_val_5683,TaxRate_val_5683,Date_val_5683
5684,Matrix Precision Engineering,VoucherNo_val_5684,Amount_val_5684,TaxRate_val_5684,Date_val_5684
5685,Matrix Precision Engineering,VoucherNo_val_5685,Amount_val_5685,TaxRate_val_5685,Date_val_5685
5686,Matrix Precision Engineering,VoucherNo_val_5686,Amount_val_5686,TaxRate_val_5686,Date_val_5686
5687,Matrix Precision Engineering,VoucherNo_val_5687,Amount_val_5687,TaxRate_val_5687,Date_val_5687
5688,Matrix Precision Engineering,VoucherNo_val_5688,Amount_val_5688,TaxRate_val_5688,Date_val_5688
5689,Matrix Precision Engineering,VoucherNo_val_5689,Amount_val_5689,TaxRate_val_5689,Date_val_5689
5690,Matrix Precision Engineering,VoucherNo_val_5690,Amount_val_5690,TaxRate_val_5690,Date_val_5690
5691,Matrix Precision Engineering,VoucherNo_val_5691,Amount_val_5691,TaxRate_val_5691,Date_val_5691
5692,Matrix Precision Engineering,VoucherNo_val_5692,Amount_val_5692,TaxRate_val_5692,Date_val_5692
5693,Matrix Precision Engineering,VoucherNo_val_5693,Amount_val_5693,TaxRate_val_5693,Date_val_5693
5694,Matrix Precision Engineering,VoucherNo_val_5694,Amount_val_5694,TaxRate_val_5694,Date_val_5694
5695,Matrix Precision Engineering,VoucherNo_val_5695,Amount_val_5695,TaxRate_val_5695,Date_val_5695
5696,Matrix Precision Engineering,VoucherNo_val_5696,Amount_val_5696,TaxRate_val_5696,Date_val_5696
5697,Matrix Precision Engineering,VoucherNo_val_5697,Amount_val_5697,TaxRate_val_5697,Date_val_5697
5698,Matrix Precision Engineering,VoucherNo_val_5698,Amount_val_5698,TaxRate_val_5698,Date_val_5698
5699,Matrix Precision Engineering,VoucherNo_val_5699,Amount_val_5699,TaxRate_val_5699,Date_val_5699
5700,Matrix Precision Engineering,VoucherNo_val_5700,Amount_val_5700,TaxRate_val_5700,Date_val_5700
5701,Matrix Precision Engineering,VoucherNo_val_5701,Amount_val_5701,TaxRate_val_5701,Date_val_5701
5702,Matrix Precision Engineering,VoucherNo_val_5702,Amount_val_5702,TaxRate_val_5702,Date_val_5702
5703,Matrix Precision Engineering,VoucherNo_val_5703,Amount_val_5703,TaxRate_val_5703,Date_val_5703
5704,Matrix Precision Engineering,VoucherNo_val_5704,Amount_val_5704,TaxRate_val_5704,Date_val_5704
5705,Matrix Precision Engineering,VoucherNo_val_5705,Amount_val_5705,TaxRate_val_5705,Date_val_5705
5706,Matrix Precision Engineering,VoucherNo_val_5706,Amount_val_5706,TaxRate_val_5706,Date_val_5706
5707,Matrix Precision Engineering,VoucherNo_val_5707,Amount_val_5707,TaxRate_val_5707,Date_val_5707
5708,Matrix Precision Engineering,VoucherNo_val_5708,Amount_val_5708,TaxRate_val_5708,Date_val_5708
5709,Matrix Precision Engineering,VoucherNo_val_5709,Amount_val_5709,TaxRate_val_5709,Date_val_5709
5710,Matrix Precision Engineering,VoucherNo_val_5710,Amount_val_5710,TaxRate_val_5710,Date_val_5710
5711,Matrix Precision Engineering,VoucherNo_val_5711,Amount_val_5711,TaxRate_val_5711,Date_val_5711
5712,Matrix Precision Engineering,VoucherNo_val_5712,Amount_val_5712,TaxRate_val_5712,Date_val_5712
5713,Matrix Precision Engineering,VoucherNo_val_5713,Amount_val_5713,TaxRate_val_5713,Date_val_5713
5714,Matrix Precision Engineering,VoucherNo_val_5714,Amount_val_5714,TaxRate_val_5714,Date_val_5714
5715,Matrix Precision Engineering,VoucherNo_val_5715,Amount_val_5715,TaxRate_val_5715,Date_val_5715
5716,Matrix Precision Engineering,VoucherNo_val_5716,Amount_val_5716,TaxRate_val_5716,Date_val_5716
5717,Matrix Precision Engineering,VoucherNo_val_5717,Amount_val_5717,TaxRate_val_5717,Date_val_5717
5718,Matrix Precision Engineering,VoucherNo_val_5718,Amount_val_5718,TaxRate_val_5718,Date_val_5718
5719,Matrix Precision Engineering,VoucherNo_val_5719,Amount_val_5719,TaxRate_val_5719,Date_val_5719
5720,Matrix Precision Engineering,VoucherNo_val_5720,Amount_val_5720,TaxRate_val_5720,Date_val_5720
5721,Matrix Precision Engineering,VoucherNo_val_5721,Amount_val_5721,TaxRate_val_5721,Date_val_5721
5722,Matrix Precision Engineering,VoucherNo_val_5722,Amount_val_5722,TaxRate_val_5722,Date_val_5722
5723,Matrix Precision Engineering,VoucherNo_val_5723,Amount_val_5723,TaxRate_val_5723,Date_val_5723
5724,Matrix Precision Engineering,VoucherNo_val_5724,Amount_val_5724,TaxRate_val_5724,Date_val_5724
5725,Matrix Precision Engineering,VoucherNo_val_5725,Amount_val_5725,TaxRate_val_5725,Date_val_5725
5726,Matrix Precision Engineering,VoucherNo_val_5726,Amount_val_5726,TaxRate_val_5726,Date_val_5726
5727,Matrix Precision Engineering,VoucherNo_val_5727,Amount_val_5727,TaxRate_val_5727,Date_val_5727
5728,Matrix Precision Engineering,VoucherNo_val_5728,Amount_val_5728,TaxRate_val_5728,Date_val_5728
5729,Matrix Precision Engineering,VoucherNo_val_5729,Amount_val_5729,TaxRate_val_5729,Date_val_5729
5730,Matrix Precision Engineering,VoucherNo_val_5730,Amount_val_5730,TaxRate_val_5730,Date_val_5730
5731,Matrix Precision Engineering,VoucherNo_val_5731,Amount_val_5731,TaxRate_val_5731,Date_val_5731
5732,Matrix Precision Engineering,VoucherNo_val_5732,Amount_val_5732,TaxRate_val_5732,Date_val_5732
5733,Matrix Precision Engineering,VoucherNo_val_5733,Amount_val_5733,TaxRate_val_5733,Date_val_5733
5734,Matrix Precision Engineering,VoucherNo_val_5734,Amount_val_5734,TaxRate_val_5734,Date_val_5734
5735,Matrix Precision Engineering,VoucherNo_val_5735,Amount_val_5735,TaxRate_val_5735,Date_val_5735
5736,Matrix Precision Engineering,VoucherNo_val_5736,Amount_val_5736,TaxRate_val_5736,Date_val_5736
5737,Matrix Precision Engineering,VoucherNo_val_5737,Amount_val_5737,TaxRate_val_5737,Date_val_5737
5738,Matrix Precision Engineering,VoucherNo_val_5738,Amount_val_5738,TaxRate_val_5738,Date_val_5738
5739,Matrix Precision Engineering,VoucherNo_val_5739,Amount_val_5739,TaxRate_val_5739,Date_val_5739
5740,Matrix Precision Engineering,VoucherNo_val_5740,Amount_val_5740,TaxRate_val_5740,Date_val_5740
5741,Matrix Precision Engineering,VoucherNo_val_5741,Amount_val_5741,TaxRate_val_5741,Date_val_5741
5742,Matrix Precision Engineering,VoucherNo_val_5742,Amount_val_5742,TaxRate_val_5742,Date_val_5742
5743,Matrix Precision Engineering,VoucherNo_val_5743,Amount_val_5743,TaxRate_val_5743,Date_val_5743
5744,Matrix Precision Engineering,VoucherNo_val_5744,Amount_val_5744,TaxRate_val_5744,Date_val_5744
5745,Matrix Precision Engineering,VoucherNo_val_5745,Amount_val_5745,TaxRate_val_5745,Date_val_5745
5746,Matrix Precision Engineering,VoucherNo_val_5746,Amount_val_5746,TaxRate_val_5746,Date_val_5746
5747,Matrix Precision Engineering,VoucherNo_val_5747,Amount_val_5747,TaxRate_val_5747,Date_val_5747
5748,Matrix Precision Engineering,VoucherNo_val_5748,Amount_val_5748,TaxRate_val_5748,Date_val_5748
5749,Matrix Precision Engineering,VoucherNo_val_5749,Amount_val_5749,TaxRate_val_5749,Date_val_5749
5750,Matrix Precision Engineering,VoucherNo_val_5750,Amount_val_5750,TaxRate_val_5750,Date_val_5750
5751,Matrix Precision Engineering,VoucherNo_val_5751,Amount_val_5751,TaxRate_val_5751,Date_val_5751
5752,Matrix Precision Engineering,VoucherNo_val_5752,Amount_val_5752,TaxRate_val_5752,Date_val_5752
5753,Matrix Precision Engineering,VoucherNo_val_5753,Amount_val_5753,TaxRate_val_5753,Date_val_5753
5754,Matrix Precision Engineering,VoucherNo_val_5754,Amount_val_5754,TaxRate_val_5754,Date_val_5754
5755,Matrix Precision Engineering,VoucherNo_val_5755,Amount_val_5755,TaxRate_val_5755,Date_val_5755
5756,Matrix Precision Engineering,VoucherNo_val_5756,Amount_val_5756,TaxRate_val_5756,Date_val_5756
5757,Matrix Precision Engineering,VoucherNo_val_5757,Amount_val_5757,TaxRate_val_5757,Date_val_5757
5758,Matrix Precision Engineering,VoucherNo_val_5758,Amount_val_5758,TaxRate_val_5758,Date_val_5758
5759,Matrix Precision Engineering,VoucherNo_val_5759,Amount_val_5759,TaxRate_val_5759,Date_val_5759
5760,Matrix Precision Engineering,VoucherNo_val_5760,Amount_val_5760,TaxRate_val_5760,Date_val_5760
5761,Matrix Precision Engineering,VoucherNo_val_5761,Amount_val_5761,TaxRate_val_5761,Date_val_5761
5762,Matrix Precision Engineering,VoucherNo_val_5762,Amount_val_5762,TaxRate_val_5762,Date_val_5762
5763,Matrix Precision Engineering,VoucherNo_val_5763,Amount_val_5763,TaxRate_val_5763,Date_val_5763
5764,Matrix Precision Engineering,VoucherNo_val_5764,Amount_val_5764,TaxRate_val_5764,Date_val_5764
5765,Matrix Precision Engineering,VoucherNo_val_5765,Amount_val_5765,TaxRate_val_5765,Date_val_5765
5766,Matrix Precision Engineering,VoucherNo_val_5766,Amount_val_5766,TaxRate_val_5766,Date_val_5766
5767,Matrix Precision Engineering,VoucherNo_val_5767,Amount_val_5767,TaxRate_val_5767,Date_val_5767
5768,Matrix Precision Engineering,VoucherNo_val_5768,Amount_val_5768,TaxRate_val_5768,Date_val_5768
5769,Matrix Precision Engineering,VoucherNo_val_5769,Amount_val_5769,TaxRate_val_5769,Date_val_5769
5770,Matrix Precision Engineering,VoucherNo_val_5770,Amount_val_5770,TaxRate_val_5770,Date_val_5770
5771,Matrix Precision Engineering,VoucherNo_val_5771,Amount_val_5771,TaxRate_val_5771,Date_val_5771
5772,Matrix Precision Engineering,VoucherNo_val_5772,Amount_val_5772,TaxRate_val_5772,Date_val_5772
5773,Matrix Precision Engineering,VoucherNo_val_5773,Amount_val_5773,TaxRate_val_5773,Date_val_5773
5774,Matrix Precision Engineering,VoucherNo_val_5774,Amount_val_5774,TaxRate_val_5774,Date_val_5774
5775,Matrix Precision Engineering,VoucherNo_val_5775,Amount_val_5775,TaxRate_val_5775,Date_val_5775
5776,Matrix Precision Engineering,VoucherNo_val_5776,Amount_val_5776,TaxRate_val_5776,Date_val_5776
5777,Matrix Precision Engineering,VoucherNo_val_5777,Amount_val_5777,TaxRate_val_5777,Date_val_5777
5778,Matrix Precision Engineering,VoucherNo_val_5778,Amount_val_5778,TaxRate_val_5778,Date_val_5778
5779,Matrix Precision Engineering,VoucherNo_val_5779,Amount_val_5779,TaxRate_val_5779,Date_val_5779
5780,Matrix Precision Engineering,VoucherNo_val_5780,Amount_val_5780,TaxRate_val_5780,Date_val_5780
5781,Matrix Precision Engineering,VoucherNo_val_5781,Amount_val_5781,TaxRate_val_5781,Date_val_5781
5782,Matrix Precision Engineering,VoucherNo_val_5782,Amount_val_5782,TaxRate_val_5782,Date_val_5782
5783,Matrix Precision Engineering,VoucherNo_val_5783,Amount_val_5783,TaxRate_val_5783,Date_val_5783
5784,Matrix Precision Engineering,VoucherNo_val_5784,Amount_val_5784,TaxRate_val_5784,Date_val_5784
5785,Matrix Precision Engineering,VoucherNo_val_5785,Amount_val_5785,TaxRate_val_5785,Date_val_5785
5786,Matrix Precision Engineering,VoucherNo_val_5786,Amount_val_5786,TaxRate_val_5786,Date_val_5786
5787,Matrix Precision Engineering,VoucherNo_val_5787,Amount_val_5787,TaxRate_val_5787,Date_val_5787
5788,Matrix Precision Engineering,VoucherNo_val_5788,Amount_val_5788,TaxRate_val_5788,Date_val_5788
5789,Matrix Precision Engineering,VoucherNo_val_5789,Amount_val_5789,TaxRate_val_5789,Date_val_5789
5790,Matrix Precision Engineering,VoucherNo_val_5790,Amount_val_5790,TaxRate_val_5790,Date_val_5790
5791,Matrix Precision Engineering,VoucherNo_val_5791,Amount_val_5791,TaxRate_val_5791,Date_val_5791
5792,Matrix Precision Engineering,VoucherNo_val_5792,Amount_val_5792,TaxRate_val_5792,Date_val_5792
5793,Matrix Precision Engineering,VoucherNo_val_5793,Amount_val_5793,TaxRate_val_5793,Date_val_5793
5794,Matrix Precision Engineering,VoucherNo_val_5794,Amount_val_5794,TaxRate_val_5794,Date_val_5794
5795,Matrix Precision Engineering,VoucherNo_val_5795,Amount_val_5795,TaxRate_val_5795,Date_val_5795
5796,Matrix Precision Engineering,VoucherNo_val_5796,Amount_val_5796,TaxRate_val_5796,Date_val_5796
5797,Matrix Precision Engineering,VoucherNo_val_5797,Amount_val_5797,TaxRate_val_5797,Date_val_5797
5798,Matrix Precision Engineering,VoucherNo_val_5798,Amount_val_5798,TaxRate_val_5798,Date_val_5798
5799,Matrix Precision Engineering,VoucherNo_val_5799,Amount_val_5799,TaxRate_val_5799,Date_val_5799
5800,Matrix Precision Engineering,VoucherNo_val_5800,Amount_val_5800,TaxRate_val_5800,Date_val_5800
5801,Matrix Precision Engineering,VoucherNo_val_5801,Amount_val_5801,TaxRate_val_5801,Date_val_5801
5802,Matrix Precision Engineering,VoucherNo_val_5802,Amount_val_5802,TaxRate_val_5802,Date_val_5802
5803,Matrix Precision Engineering,VoucherNo_val_5803,Amount_val_5803,TaxRate_val_5803,Date_val_5803
5804,Matrix Precision Engineering,VoucherNo_val_5804,Amount_val_5804,TaxRate_val_5804,Date_val_5804
5805,Matrix Precision Engineering,VoucherNo_val_5805,Amount_val_5805,TaxRate_val_5805,Date_val_5805
5806,Matrix Precision Engineering,VoucherNo_val_5806,Amount_val_5806,TaxRate_val_5806,Date_val_5806
5807,Matrix Precision Engineering,VoucherNo_val_5807,Amount_val_5807,TaxRate_val_5807,Date_val_5807
5808,Matrix Precision Engineering,VoucherNo_val_5808,Amount_val_5808,TaxRate_val_5808,Date_val_5808
5809,Matrix Precision Engineering,VoucherNo_val_5809,Amount_val_5809,TaxRate_val_5809,Date_val_5809
5810,Matrix Precision Engineering,VoucherNo_val_5810,Amount_val_5810,TaxRate_val_5810,Date_val_5810
5811,Matrix Precision Engineering,VoucherNo_val_5811,Amount_val_5811,TaxRate_val_5811,Date_val_5811
5812,Matrix Precision Engineering,VoucherNo_val_5812,Amount_val_5812,TaxRate_val_5812,Date_val_5812
5813,Matrix Precision Engineering,VoucherNo_val_5813,Amount_val_5813,TaxRate_val_5813,Date_val_5813
5814,Matrix Precision Engineering,VoucherNo_val_5814,Amount_val_5814,TaxRate_val_5814,Date_val_5814
5815,Matrix Precision Engineering,VoucherNo_val_5815,Amount_val_5815,TaxRate_val_5815,Date_val_5815
5816,Matrix Precision Engineering,VoucherNo_val_5816,Amount_val_5816,TaxRate_val_5816,Date_val_5816
5817,Matrix Precision Engineering,VoucherNo_val_5817,Amount_val_5817,TaxRate_val_5817,Date_val_5817
5818,Matrix Precision Engineering,VoucherNo_val_5818,Amount_val_5818,TaxRate_val_5818,Date_val_5818
5819,Matrix Precision Engineering,VoucherNo_val_5819,Amount_val_5819,TaxRate_val_5819,Date_val_5819
5820,Matrix Precision Engineering,VoucherNo_val_5820,Amount_val_5820,TaxRate_val_5820,Date_val_5820
5821,Matrix Precision Engineering,VoucherNo_val_5821,Amount_val_5821,TaxRate_val_5821,Date_val_5821
5822,Matrix Precision Engineering,VoucherNo_val_5822,Amount_val_5822,TaxRate_val_5822,Date_val_5822
5823,Matrix Precision Engineering,VoucherNo_val_5823,Amount_val_5823,TaxRate_val_5823,Date_val_5823
5824,Matrix Precision Engineering,VoucherNo_val_5824,Amount_val_5824,TaxRate_val_5824,Date_val_5824
5825,Matrix Precision Engineering,VoucherNo_val_5825,Amount_val_5825,TaxRate_val_5825,Date_val_5825
5826,Matrix Precision Engineering,VoucherNo_val_5826,Amount_val_5826,TaxRate_val_5826,Date_val_5826
5827,Matrix Precision Engineering,VoucherNo_val_5827,Amount_val_5827,TaxRate_val_5827,Date_val_5827
5828,Matrix Precision Engineering,VoucherNo_val_5828,Amount_val_5828,TaxRate_val_5828,Date_val_5828
5829,Matrix Precision Engineering,VoucherNo_val_5829,Amount_val_5829,TaxRate_val_5829,Date_val_5829
5830,Matrix Precision Engineering,VoucherNo_val_5830,Amount_val_5830,TaxRate_val_5830,Date_val_5830
5831,Matrix Precision Engineering,VoucherNo_val_5831,Amount_val_5831,TaxRate_val_5831,Date_val_5831
5832,Matrix Precision Engineering,VoucherNo_val_5832,Amount_val_5832,TaxRate_val_5832,Date_val_5832
5833,Matrix Precision Engineering,VoucherNo_val_5833,Amount_val_5833,TaxRate_val_5833,Date_val_5833
5834,Matrix Precision Engineering,VoucherNo_val_5834,Amount_val_5834,TaxRate_val_5834,Date_val_5834
5835,Matrix Precision Engineering,VoucherNo_val_5835,Amount_val_5835,TaxRate_val_5835,Date_val_5835
5836,Matrix Precision Engineering,VoucherNo_val_5836,Amount_val_5836,TaxRate_val_5836,Date_val_5836
5837,Matrix Precision Engineering,VoucherNo_val_5837,Amount_val_5837,TaxRate_val_5837,Date_val_5837
5838,Matrix Precision Engineering,VoucherNo_val_5838,Amount_val_5838,TaxRate_val_5838,Date_val_5838
5839,Matrix Precision Engineering,VoucherNo_val_5839,Amount_val_5839,TaxRate_val_5839,Date_val_5839
5840,Matrix Precision Engineering,VoucherNo_val_5840,Amount_val_5840,TaxRate_val_5840,Date_val_5840
5841,Matrix Precision Engineering,VoucherNo_val_5841,Amount_val_5841,TaxRate_val_5841,Date_val_5841
5842,Matrix Precision Engineering,VoucherNo_val_5842,Amount_val_5842,TaxRate_val_5842,Date_val_5842
5843,Matrix Precision Engineering,VoucherNo_val_5843,Amount_val_5843,TaxRate_val_5843,Date_val_5843
5844,Matrix Precision Engineering,VoucherNo_val_5844,Amount_val_5844,TaxRate_val_5844,Date_val_5844
5845,Matrix Precision Engineering,VoucherNo_val_5845,Amount_val_5845,TaxRate_val_5845,Date_val_5845
5846,Matrix Precision Engineering,VoucherNo_val_5846,Amount_val_5846,TaxRate_val_5846,Date_val_5846
5847,Matrix Precision Engineering,VoucherNo_val_5847,Amount_val_5847,TaxRate_val_5847,Date_val_5847
5848,Matrix Precision Engineering,VoucherNo_val_5848,Amount_val_5848,TaxRate_val_5848,Date_val_5848
5849,Matrix Precision Engineering,VoucherNo_val_5849,Amount_val_5849,TaxRate_val_5849,Date_val_5849
5850,Matrix Precision Engineering,VoucherNo_val_5850,Amount_val_5850,TaxRate_val_5850,Date_val_5850
5851,Matrix Precision Engineering,VoucherNo_val_5851,Amount_val_5851,TaxRate_val_5851,Date_val_5851
5852,Matrix Precision Engineering,VoucherNo_val_5852,Amount_val_5852,TaxRate_val_5852,Date_val_5852
5853,Matrix Precision Engineering,VoucherNo_val_5853,Amount_val_5853,TaxRate_val_5853,Date_val_5853
5854,Matrix Precision Engineering,VoucherNo_val_5854,Amount_val_5854,TaxRate_val_5854,Date_val_5854
5855,Matrix Precision Engineering,VoucherNo_val_5855,Amount_val_5855,TaxRate_val_5855,Date_val_5855
5856,Matrix Precision Engineering,VoucherNo_val_5856,Amount_val_5856,TaxRate_val_5856,Date_val_5856
5857,Matrix Precision Engineering,VoucherNo_val_5857,Amount_val_5857,TaxRate_val_5857,Date_val_5857
5858,Matrix Precision Engineering,VoucherNo_val_5858,Amount_val_5858,TaxRate_val_5858,Date_val_5858
5859,Matrix Precision Engineering,VoucherNo_val_5859,Amount_val_5859,TaxRate_val_5859,Date_val_5859
5860,Matrix Precision Engineering,VoucherNo_val_5860,Amount_val_5860,TaxRate_val_5860,Date_val_5860
5861,Matrix Precision Engineering,VoucherNo_val_5861,Amount_val_5861,TaxRate_val_5861,Date_val_5861
5862,Matrix Precision Engineering,VoucherNo_val_5862,Amount_val_5862,TaxRate_val_5862,Date_val_5862
5863,Matrix Precision Engineering,VoucherNo_val_5863,Amount_val_5863,TaxRate_val_5863,Date_val_5863
5864,Matrix Precision Engineering,VoucherNo_val_5864,Amount_val_5864,TaxRate_val_5864,Date_val_5864
5865,Matrix Precision Engineering,VoucherNo_val_5865,Amount_val_5865,TaxRate_val_5865,Date_val_5865
5866,Matrix Precision Engineering,VoucherNo_val_5866,Amount_val_5866,TaxRate_val_5866,Date_val_5866
5867,Matrix Precision Engineering,VoucherNo_val_5867,Amount_val_5867,TaxRate_val_5867,Date_val_5867
5868,Matrix Precision Engineering,VoucherNo_val_5868,Amount_val_5868,TaxRate_val_5868,Date_val_5868
5869,Matrix Precision Engineering,VoucherNo_val_5869,Amount_val_5869,TaxRate_val_5869,Date_val_5869
5870,Matrix Precision Engineering,VoucherNo_val_5870,Amount_val_5870,TaxRate_val_5870,Date_val_5870
5871,Matrix Precision Engineering,VoucherNo_val_5871,Amount_val_5871,TaxRate_val_5871,Date_val_5871
5872,Matrix Precision Engineering,VoucherNo_val_5872,Amount_val_5872,TaxRate_val_5872,Date_val_5872
5873,Matrix Precision Engineering,VoucherNo_val_5873,Amount_val_5873,TaxRate_val_5873,Date_val_5873
5874,Matrix Precision Engineering,VoucherNo_val_5874,Amount_val_5874,TaxRate_val_5874,Date_val_5874
5875,Matrix Precision Engineering,VoucherNo_val_5875,Amount_val_5875,TaxRate_val_5875,Date_val_5875
5876,Matrix Precision Engineering,VoucherNo_val_5876,Amount_val_5876,TaxRate_val_5876,Date_val_5876
5877,Matrix Precision Engineering,VoucherNo_val_5877,Amount_val_5877,TaxRate_val_5877,Date_val_5877
5878,Matrix Precision Engineering,VoucherNo_val_5878,Amount_val_5878,TaxRate_val_5878,Date_val_5878
5879,Matrix Precision Engineering,VoucherNo_val_5879,Amount_val_5879,TaxRate_val_5879,Date_val_5879
5880,Matrix Precision Engineering,VoucherNo_val_5880,Amount_val_5880,TaxRate_val_5880,Date_val_5880
5881,Matrix Precision Engineering,VoucherNo_val_5881,Amount_val_5881,TaxRate_val_5881,Date_val_5881
5882,Matrix Precision Engineering,VoucherNo_val_5882,Amount_val_5882,TaxRate_val_5882,Date_val_5882
5883,Matrix Precision Engineering,VoucherNo_val_5883,Amount_val_5883,TaxRate_val_5883,Date_val_5883
5884,Matrix Precision Engineering,VoucherNo_val_5884,Amount_val_5884,TaxRate_val_5884,Date_val_5884
5885,Matrix Precision Engineering,VoucherNo_val_5885,Amount_val_5885,TaxRate_val_5885,Date_val_5885
5886,Matrix Precision Engineering,VoucherNo_val_5886,Amount_val_5886,TaxRate_val_5886,Date_val_5886
5887,Matrix Precision Engineering,VoucherNo_val_5887,Amount_val_5887,TaxRate_val_5887,Date_val_5887
5888,Matrix Precision Engineering,VoucherNo_val_5888,Amount_val_5888,TaxRate_val_5888,Date_val_5888
5889,Matrix Precision Engineering,VoucherNo_val_5889,Amount_val_5889,TaxRate_val_5889,Date_val_5889
5890,Matrix Precision Engineering,VoucherNo_val_5890,Amount_val_5890,TaxRate_val_5890,Date_val_5890
5891,Matrix Precision Engineering,VoucherNo_val_5891,Amount_val_5891,TaxRate_val_5891,Date_val_5891
5892,Matrix Precision Engineering,VoucherNo_val_5892,Amount_val_5892,TaxRate_val_5892,Date_val_5892
5893,Matrix Precision Engineering,VoucherNo_val_5893,Amount_val_5893,TaxRate_val_5893,Date_val_5893
5894,Matrix Precision Engineering,VoucherNo_val_5894,Amount_val_5894,TaxRate_val_5894,Date_val_5894
5895,Matrix Precision Engineering,VoucherNo_val_5895,Amount_val_5895,TaxRate_val_5895,Date_val_5895
5896,Matrix Precision Engineering,VoucherNo_val_5896,Amount_val_5896,TaxRate_val_5896,Date_val_5896
5897,Matrix Precision Engineering,VoucherNo_val_5897,Amount_val_5897,TaxRate_val_5897,Date_val_5897
5898,Matrix Precision Engineering,VoucherNo_val_5898,Amount_val_5898,TaxRate_val_5898,Date_val_5898
5899,Matrix Precision Engineering,VoucherNo_val_5899,Amount_val_5899,TaxRate_val_5899,Date_val_5899
5900,Matrix Precision Engineering,VoucherNo_val_5900,Amount_val_5900,TaxRate_val_5900,Date_val_5900
5901,Matrix Precision Engineering,VoucherNo_val_5901,Amount_val_5901,TaxRate_val_5901,Date_val_5901
5902,Matrix Precision Engineering,VoucherNo_val_5902,Amount_val_5902,TaxRate_val_5902,Date_val_5902
5903,Matrix Precision Engineering,VoucherNo_val_5903,Amount_val_5903,TaxRate_val_5903,Date_val_5903
5904,Matrix Precision Engineering,VoucherNo_val_5904,Amount_val_5904,TaxRate_val_5904,Date_val_5904
5905,Matrix Precision Engineering,VoucherNo_val_5905,Amount_val_5905,TaxRate_val_5905,Date_val_5905
5906,Matrix Precision Engineering,VoucherNo_val_5906,Amount_val_5906,TaxRate_val_5906,Date_val_5906
5907,Matrix Precision Engineering,VoucherNo_val_5907,Amount_val_5907,TaxRate_val_5907,Date_val_5907
5908,Matrix Precision Engineering,VoucherNo_val_5908,Amount_val_5908,TaxRate_val_5908,Date_val_5908
5909,Matrix Precision Engineering,VoucherNo_val_5909,Amount_val_5909,TaxRate_val_5909,Date_val_5909
5910,Matrix Precision Engineering,VoucherNo_val_5910,Amount_val_5910,TaxRate_val_5910,Date_val_5910
5911,Matrix Precision Engineering,VoucherNo_val_5911,Amount_val_5911,TaxRate_val_5911,Date_val_5911
5912,Matrix Precision Engineering,VoucherNo_val_5912,Amount_val_5912,TaxRate_val_5912,Date_val_5912
5913,Matrix Precision Engineering,VoucherNo_val_5913,Amount_val_5913,TaxRate_val_5913,Date_val_5913
5914,Matrix Precision Engineering,VoucherNo_val_5914,Amount_val_5914,TaxRate_val_5914,Date_val_5914
5915,Matrix Precision Engineering,VoucherNo_val_5915,Amount_val_5915,TaxRate_val_5915,Date_val_5915
5916,Matrix Precision Engineering,VoucherNo_val_5916,Amount_val_5916,TaxRate_val_5916,Date_val_5916
5917,Matrix Precision Engineering,VoucherNo_val_5917,Amount_val_5917,TaxRate_val_5917,Date_val_5917
5918,Matrix Precision Engineering,VoucherNo_val_5918,Amount_val_5918,TaxRate_val_5918,Date_val_5918
5919,Matrix Precision Engineering,VoucherNo_val_5919,Amount_val_5919,TaxRate_val_5919,Date_val_5919
5920,Matrix Precision Engineering,VoucherNo_val_5920,Amount_val_5920,TaxRate_val_5920,Date_val_5920
5921,Matrix Precision Engineering,VoucherNo_val_5921,Amount_val_5921,TaxRate_val_5921,Date_val_5921
5922,Matrix Precision Engineering,VoucherNo_val_5922,Amount_val_5922,TaxRate_val_5922,Date_val_5922
5923,Matrix Precision Engineering,VoucherNo_val_5923,Amount_val_5923,TaxRate_val_5923,Date_val_5923
5924,Matrix Precision Engineering,VoucherNo_val_5924,Amount_val_5924,TaxRate_val_5924,Date_val_5924
5925,Matrix Precision Engineering,VoucherNo_val_5925,Amount_val_5925,TaxRate_val_5925,Date_val_5925
5926,Matrix Precision Engineering,VoucherNo_val_5926,Amount_val_5926,TaxRate_val_5926,Date_val_5926
5927,Matrix Precision Engineering,VoucherNo_val_5927,Amount_val_5927,TaxRate_val_5927,Date_val_5927
5928,Matrix Precision Engineering,VoucherNo_val_5928,Amount_val_5928,TaxRate_val_5928,Date_val_5928
5929,Matrix Precision Engineering,VoucherNo_val_5929,Amount_val_5929,TaxRate_val_5929,Date_val_5929
5930,Matrix Precision Engineering,VoucherNo_val_5930,Amount_val_5930,TaxRate_val_5930,Date_val_5930
5931,Matrix Precision Engineering,VoucherNo_val_5931,Amount_val_5931,TaxRate_val_5931,Date_val_5931
5932,Matrix Precision Engineering,VoucherNo_val_5932,Amount_val_5932,TaxRate_val_5932,Date_val_5932
5933,Matrix Precision Engineering,VoucherNo_val_5933,Amount_val_5933,TaxRate_val_5933,Date_val_5933
5934,Matrix Precision Engineering,VoucherNo_val_5934,Amount_val_5934,TaxRate_val_5934,Date_val_5934
5935,Matrix Precision Engineering,VoucherNo_val_5935,Amount_val_5935,TaxRate_val_5935,Date_val_5935
5936,Matrix Precision Engineering,VoucherNo_val_5936,Amount_val_5936,TaxRate_val_5936,Date_val_5936
5937,Matrix Precision Engineering,VoucherNo_val_5937,Amount_val_5937,TaxRate_val_5937,Date_val_5937
5938,Matrix Precision Engineering,VoucherNo_val_5938,Amount_val_5938,TaxRate_val_5938,Date_val_5938
5939,Matrix Precision Engineering,VoucherNo_val_5939,Amount_val_5939,TaxRate_val_5939,Date_val_5939
5940,Matrix Precision Engineering,VoucherNo_val_5940,Amount_val_5940,TaxRate_val_5940,Date_val_5940
5941,Matrix Precision Engineering,VoucherNo_val_5941,Amount_val_5941,TaxRate_val_5941,Date_val_5941
5942,Matrix Precision Engineering,VoucherNo_val_5942,Amount_val_5942,TaxRate_val_5942,Date_val_5942
5943,Matrix Precision Engineering,VoucherNo_val_5943,Amount_val_5943,TaxRate_val_5943,Date_val_5943
5944,Matrix Precision Engineering,VoucherNo_val_5944,Amount_val_5944,TaxRate_val_5944,Date_val_5944
5945,Matrix Precision Engineering,VoucherNo_val_5945,Amount_val_5945,TaxRate_val_5945,Date_val_5945
5946,Matrix Precision Engineering,VoucherNo_val_5946,Amount_val_5946,TaxRate_val_5946,Date_val_5946
5947,Matrix Precision Engineering,VoucherNo_val_5947,Amount_val_5947,TaxRate_val_5947,Date_val_5947
5948,Matrix Precision Engineering,VoucherNo_val_5948,Amount_val_5948,TaxRate_val_5948,Date_val_5948
5949,Matrix Precision Engineering,VoucherNo_val_5949,Amount_val_5949,TaxRate_val_5949,Date_val_5949
5950,Matrix Precision Engineering,VoucherNo_val_5950,Amount_val_5950,TaxRate_val_5950,Date_val_5950
5951,Matrix Precision Engineering,VoucherNo_val_5951,Amount_val_5951,TaxRate_val_5951,Date_val_5951
5952,Matrix Precision Engineering,VoucherNo_val_5952,Amount_val_5952,TaxRate_val_5952,Date_val_5952
5953,Matrix Precision Engineering,VoucherNo_val_5953,Amount_val_5953,TaxRate_val_5953,Date_val_5953
5954,Matrix Precision Engineering,VoucherNo_val_5954,Amount_val_5954,TaxRate_val_5954,Date_val_5954
5955,Matrix Precision Engineering,VoucherNo_val_5955,Amount_val_5955,TaxRate_val_5955,Date_val_5955
5956,Matrix Precision Engineering,VoucherNo_val_5956,Amount_val_5956,TaxRate_val_5956,Date_val_5956
5957,Matrix Precision Engineering,VoucherNo_val_5957,Amount_val_5957,TaxRate_val_5957,Date_val_5957
5958,Matrix Precision Engineering,VoucherNo_val_5958,Amount_val_5958,TaxRate_val_5958,Date_val_5958
5959,Matrix Precision Engineering,VoucherNo_val_5959,Amount_val_5959,TaxRate_val_5959,Date_val_5959
5960,Matrix Precision Engineering,VoucherNo_val_5960,Amount_val_5960,TaxRate_val_5960,Date_val_5960
5961,Matrix Precision Engineering,VoucherNo_val_5961,Amount_val_5961,TaxRate_val_5961,Date_val_5961
5962,Matrix Precision Engineering,VoucherNo_val_5962,Amount_val_5962,TaxRate_val_5962,Date_val_5962
5963,Matrix Precision Engineering,VoucherNo_val_5963,Amount_val_5963,TaxRate_val_5963,Date_val_5963
5964,Matrix Precision Engineering,VoucherNo_val_5964,Amount_val_5964,TaxRate_val_5964,Date_val_5964
5965,Matrix Precision Engineering,VoucherNo_val_5965,Amount_val_5965,TaxRate_val_5965,Date_val_5965
5966,Matrix Precision Engineering,VoucherNo_val_5966,Amount_val_5966,TaxRate_val_5966,Date_val_5966
5967,Matrix Precision Engineering,VoucherNo_val_5967,Amount_val_5967,TaxRate_val_5967,Date_val_5967
5968,Matrix Precision Engineering,VoucherNo_val_5968,Amount_val_5968,TaxRate_val_5968,Date_val_5968
5969,Matrix Precision Engineering,VoucherNo_val_5969,Amount_val_5969,TaxRate_val_5969,Date_val_5969
5970,Matrix Precision Engineering,VoucherNo_val_5970,Amount_val_5970,TaxRate_val_5970,Date_val_5970
5971,Matrix Precision Engineering,VoucherNo_val_5971,Amount_val_5971,TaxRate_val_5971,Date_val_5971
5972,Matrix Precision Engineering,VoucherNo_val_5972,Amount_val_5972,TaxRate_val_5972,Date_val_5972
5973,Matrix Precision Engineering,VoucherNo_val_5973,Amount_val_5973,TaxRate_val_5973,Date_val_5973
5974,Matrix Precision Engineering,VoucherNo_val_5974,Amount_val_5974,TaxRate_val_5974,Date_val_5974
5975,Matrix Precision Engineering,VoucherNo_val_5975,Amount_val_5975,TaxRate_val_5975,Date_val_5975
5976,Matrix Precision Engineering,VoucherNo_val_5976,Amount_val_5976,TaxRate_val_5976,Date_val_5976
5977,Matrix Precision Engineering,VoucherNo_val_5977,Amount_val_5977,TaxRate_val_5977,Date_val_5977
5978,Matrix Precision Engineering,VoucherNo_val_5978,Amount_val_5978,TaxRate_val_5978,Date_val_5978
5979,Matrix Precision Engineering,VoucherNo_val_5979,Amount_val_5979,TaxRate_val_5979,Date_val_5979
5980,Matrix Precision Engineering,VoucherNo_val_5980,Amount_val_5980,TaxRate_val_5980,Date_val_5980
5981,Matrix Precision Engineering,VoucherNo_val_5981,Amount_val_5981,TaxRate_val_5981,Date_val_5981
5982,Matrix Precision Engineering,VoucherNo_val_5982,Amount_val_5982,TaxRate_val_5982,Date_val_5982
5983,Matrix Precision Engineering,VoucherNo_val_5983,Amount_val_5983,TaxRate_val_5983,Date_val_5983
5984,Matrix Precision Engineering,VoucherNo_val_5984,Amount_val_5984,TaxRate_val_5984,Date_val_5984
5985,Matrix Precision Engineering,VoucherNo_val_5985,Amount_val_5985,TaxRate_val_5985,Date_val_5985
5986,Matrix Precision Engineering,VoucherNo_val_5986,Amount_val_5986,TaxRate_val_5986,Date_val_5986
5987,Matrix Precision Engineering,VoucherNo_val_5987,Amount_val_5987,TaxRate_val_5987,Date_val_5987
5988,Matrix Precision Engineering,VoucherNo_val_5988,Amount_val_5988,TaxRate_val_5988,Date_val_5988
5989,Matrix Precision Engineering,VoucherNo_val_5989,Amount_val_5989,TaxRate_val_5989,Date_val_5989
5990,Matrix Precision Engineering,VoucherNo_val_5990,Amount_val_5990,TaxRate_val_5990,Date_val_5990
5991,Matrix Precision Engineering,VoucherNo_val_5991,Amount_val_5991,TaxRate_val_5991,Date_val_5991
5992,Matrix Precision Engineering,VoucherNo_val_5992,Amount_val_5992,TaxRate_val_5992,Date_val_5992
5993,Matrix Precision Engineering,VoucherNo_val_5993,Amount_val_5993,TaxRate_val_5993,Date_val_5993
5994,Matrix Precision Engineering,VoucherNo_val_5994,Amount_val_5994,TaxRate_val_5994,Date_val_5994
5995,Matrix Precision Engineering,VoucherNo_val_5995,Amount_val_5995,TaxRate_val_5995,Date_val_5995
5996,Matrix Precision Engineering,VoucherNo_val_5996,Amount_val_5996,TaxRate_val_5996,Date_val_5996
5997,Matrix Precision Engineering,VoucherNo_val_5997,Amount_val_5997,TaxRate_val_5997,Date_val_5997
5998,Matrix Precision Engineering,VoucherNo_val_5998,Amount_val_5998,TaxRate_val_5998,Date_val_5998
5999,Matrix Precision Engineering,VoucherNo_val_5999,Amount_val_5999,TaxRate_val_5999,Date_val_5999
6000,Matrix Precision Engineering,VoucherNo_val_6000,Amount_val_6000,TaxRate_val_6000,Date_val_6000
6001,Matrix Precision Engineering,VoucherNo_val_6001,Amount_val_6001,TaxRate_val_6001,Date_val_6001
6002,Matrix Precision Engineering,VoucherNo_val_6002,Amount_val_6002,TaxRate_val_6002,Date_val_6002
6003,Matrix Precision Engineering,VoucherNo_val_6003,Amount_val_6003,TaxRate_val_6003,Date_val_6003
6004,Matrix Precision Engineering,VoucherNo_val_6004,Amount_val_6004,TaxRate_val_6004,Date_val_6004
6005,Matrix Precision Engineering,VoucherNo_val_6005,Amount_val_6005,TaxRate_val_6005,Date_val_6005
6006,Matrix Precision Engineering,VoucherNo_val_6006,Amount_val_6006,TaxRate_val_6006,Date_val_6006
6007,Matrix Precision Engineering,VoucherNo_val_6007,Amount_val_6007,TaxRate_val_6007,Date_val_6007
6008,Matrix Precision Engineering,VoucherNo_val_6008,Amount_val_6008,TaxRate_val_6008,Date_val_6008
6009,Matrix Precision Engineering,VoucherNo_val_6009,Amount_val_6009,TaxRate_val_6009,Date_val_6009
6010,Matrix Precision Engineering,VoucherNo_val_6010,Amount_val_6010,TaxRate_val_6010,Date_val_6010
6011,Matrix Precision Engineering,VoucherNo_val_6011,Amount_val_6011,TaxRate_val_6011,Date_val_6011
6012,Matrix Precision Engineering,VoucherNo_val_6012,Amount_val_6012,TaxRate_val_6012,Date_val_6012
6013,Matrix Precision Engineering,VoucherNo_val_6013,Amount_val_6013,TaxRate_val_6013,Date_val_6013
6014,Matrix Precision Engineering,VoucherNo_val_6014,Amount_val_6014,TaxRate_val_6014,Date_val_6014
6015,Matrix Precision Engineering,VoucherNo_val_6015,Amount_val_6015,TaxRate_val_6015,Date_val_6015
6016,Matrix Precision Engineering,VoucherNo_val_6016,Amount_val_6016,TaxRate_val_6016,Date_val_6016
6017,Matrix Precision Engineering,VoucherNo_val_6017,Amount_val_6017,TaxRate_val_6017,Date_val_6017
6018,Matrix Precision Engineering,VoucherNo_val_6018,Amount_val_6018,TaxRate_val_6018,Date_val_6018
6019,Matrix Precision Engineering,VoucherNo_val_6019,Amount_val_6019,TaxRate_val_6019,Date_val_6019
6020,Matrix Precision Engineering,VoucherNo_val_6020,Amount_val_6020,TaxRate_val_6020,Date_val_6020
6021,Matrix Precision Engineering,VoucherNo_val_6021,Amount_val_6021,TaxRate_val_6021,Date_val_6021
6022,Matrix Precision Engineering,VoucherNo_val_6022,Amount_val_6022,TaxRate_val_6022,Date_val_6022
6023,Matrix Precision Engineering,VoucherNo_val_6023,Amount_val_6023,TaxRate_val_6023,Date_val_6023
6024,Matrix Precision Engineering,VoucherNo_val_6024,Amount_val_6024,TaxRate_val_6024,Date_val_6024
6025,Matrix Precision Engineering,VoucherNo_val_6025,Amount_val_6025,TaxRate_val_6025,Date_val_6025
6026,Matrix Precision Engineering,VoucherNo_val_6026,Amount_val_6026,TaxRate_val_6026,Date_val_6026
6027,Matrix Precision Engineering,VoucherNo_val_6027,Amount_val_6027,TaxRate_val_6027,Date_val_6027
6028,Matrix Precision Engineering,VoucherNo_val_6028,Amount_val_6028,TaxRate_val_6028,Date_val_6028
6029,Matrix Precision Engineering,VoucherNo_val_6029,Amount_val_6029,TaxRate_val_6029,Date_val_6029
6030,Matrix Precision Engineering,VoucherNo_val_6030,Amount_val_6030,TaxRate_val_6030,Date_val_6030
6031,Matrix Precision Engineering,VoucherNo_val_6031,Amount_val_6031,TaxRate_val_6031,Date_val_6031
6032,Matrix Precision Engineering,VoucherNo_val_6032,Amount_val_6032,TaxRate_val_6032,Date_val_6032
6033,Matrix Precision Engineering,VoucherNo_val_6033,Amount_val_6033,TaxRate_val_6033,Date_val_6033
6034,Matrix Precision Engineering,VoucherNo_val_6034,Amount_val_6034,TaxRate_val_6034,Date_val_6034
6035,Matrix Precision Engineering,VoucherNo_val_6035,Amount_val_6035,TaxRate_val_6035,Date_val_6035
6036,Matrix Precision Engineering,VoucherNo_val_6036,Amount_val_6036,TaxRate_val_6036,Date_val_6036
6037,Matrix Precision Engineering,VoucherNo_val_6037,Amount_val_6037,TaxRate_val_6037,Date_val_6037
6038,Matrix Precision Engineering,VoucherNo_val_6038,Amount_val_6038,TaxRate_val_6038,Date_val_6038
6039,Matrix Precision Engineering,VoucherNo_val_6039,Amount_val_6039,TaxRate_val_6039,Date_val_6039
6040,Matrix Precision Engineering,VoucherNo_val_6040,Amount_val_6040,TaxRate_val_6040,Date_val_6040
6041,Matrix Precision Engineering,VoucherNo_val_6041,Amount_val_6041,TaxRate_val_6041,Date_val_6041
6042,Matrix Precision Engineering,VoucherNo_val_6042,Amount_val_6042,TaxRate_val_6042,Date_val_6042
6043,Matrix Precision Engineering,VoucherNo_val_6043,Amount_val_6043,TaxRate_val_6043,Date_val_6043
6044,Matrix Precision Engineering,VoucherNo_val_6044,Amount_val_6044,TaxRate_val_6044,Date_val_6044
6045,Matrix Precision Engineering,VoucherNo_val_6045,Amount_val_6045,TaxRate_val_6045,Date_val_6045
6046,Matrix Precision Engineering,VoucherNo_val_6046,Amount_val_6046,TaxRate_val_6046,Date_val_6046
6047,Matrix Precision Engineering,VoucherNo_val_6047,Amount_val_6047,TaxRate_val_6047,Date_val_6047
6048,Matrix Precision Engineering,VoucherNo_val_6048,Amount_val_6048,TaxRate_val_6048,Date_val_6048
6049,Matrix Precision Engineering,VoucherNo_val_6049,Amount_val_6049,TaxRate_val_6049,Date_val_6049
6050,Matrix Precision Engineering,VoucherNo_val_6050,Amount_val_6050,TaxRate_val_6050,Date_val_6050
6051,Matrix Precision Engineering,VoucherNo_val_6051,Amount_val_6051,TaxRate_val_6051,Date_val_6051
6052,Matrix Precision Engineering,VoucherNo_val_6052,Amount_val_6052,TaxRate_val_6052,Date_val_6052
6053,Matrix Precision Engineering,VoucherNo_val_6053,Amount_val_6053,TaxRate_val_6053,Date_val_6053
6054,Matrix Precision Engineering,VoucherNo_val_6054,Amount_val_6054,TaxRate_val_6054,Date_val_6054
6055,Matrix Precision Engineering,VoucherNo_val_6055,Amount_val_6055,TaxRate_val_6055,Date_val_6055
6056,Matrix Precision Engineering,VoucherNo_val_6056,Amount_val_6056,TaxRate_val_6056,Date_val_6056
6057,Matrix Precision Engineering,VoucherNo_val_6057,Amount_val_6057,TaxRate_val_6057,Date_val_6057
6058,Matrix Precision Engineering,VoucherNo_val_6058,Amount_val_6058,TaxRate_val_6058,Date_val_6058
6059,Matrix Precision Engineering,VoucherNo_val_6059,Amount_val_6059,TaxRate_val_6059,Date_val_6059
6060,Matrix Precision Engineering,VoucherNo_val_6060,Amount_val_6060,TaxRate_val_6060,Date_val_6060
6061,Matrix Precision Engineering,VoucherNo_val_6061,Amount_val_6061,TaxRate_val_6061,Date_val_6061
6062,Matrix Precision Engineering,VoucherNo_val_6062,Amount_val_6062,TaxRate_val_6062,Date_val_6062
6063,Matrix Precision Engineering,VoucherNo_val_6063,Amount_val_6063,TaxRate_val_6063,Date_val_6063
6064,Matrix Precision Engineering,VoucherNo_val_6064,Amount_val_6064,TaxRate_val_6064,Date_val_6064
6065,Matrix Precision Engineering,VoucherNo_val_6065,Amount_val_6065,TaxRate_val_6065,Date_val_6065
6066,Matrix Precision Engineering,VoucherNo_val_6066,Amount_val_6066,TaxRate_val_6066,Date_val_6066
6067,Matrix Precision Engineering,VoucherNo_val_6067,Amount_val_6067,TaxRate_val_6067,Date_val_6067
6068,Matrix Precision Engineering,VoucherNo_val_6068,Amount_val_6068,TaxRate_val_6068,Date_val_6068
6069,Matrix Precision Engineering,VoucherNo_val_6069,Amount_val_6069,TaxRate_val_6069,Date_val_6069
6070,Matrix Precision Engineering,VoucherNo_val_6070,Amount_val_6070,TaxRate_val_6070,Date_val_6070
6071,Matrix Precision Engineering,VoucherNo_val_6071,Amount_val_6071,TaxRate_val_6071,Date_val_6071
6072,Matrix Precision Engineering,VoucherNo_val_6072,Amount_val_6072,TaxRate_val_6072,Date_val_6072
6073,Matrix Precision Engineering,VoucherNo_val_6073,Amount_val_6073,TaxRate_val_6073,Date_val_6073
6074,Matrix Precision Engineering,VoucherNo_val_6074,Amount_val_6074,TaxRate_val_6074,Date_val_6074
6075,Matrix Precision Engineering,VoucherNo_val_6075,Amount_val_6075,TaxRate_val_6075,Date_val_6075
6076,Matrix Precision Engineering,VoucherNo_val_6076,Amount_val_6076,TaxRate_val_6076,Date_val_6076
6077,Matrix Precision Engineering,VoucherNo_val_6077,Amount_val_6077,TaxRate_val_6077,Date_val_6077
6078,Matrix Precision Engineering,VoucherNo_val_6078,Amount_val_6078,TaxRate_val_6078,Date_val_6078
6079,Matrix Precision Engineering,VoucherNo_val_6079,Amount_val_6079,TaxRate_val_6079,Date_val_6079
6080,Matrix Precision Engineering,VoucherNo_val_6080,Amount_val_6080,TaxRate_val_6080,Date_val_6080
6081,Matrix Precision Engineering,VoucherNo_val_6081,Amount_val_6081,TaxRate_val_6081,Date_val_6081
6082,Matrix Precision Engineering,VoucherNo_val_6082,Amount_val_6082,TaxRate_val_6082,Date_val_6082
6083,Matrix Precision Engineering,VoucherNo_val_6083,Amount_val_6083,TaxRate_val_6083,Date_val_6083
6084,Matrix Precision Engineering,VoucherNo_val_6084,Amount_val_6084,TaxRate_val_6084,Date_val_6084
6085,Matrix Precision Engineering,VoucherNo_val_6085,Amount_val_6085,TaxRate_val_6085,Date_val_6085
6086,Matrix Precision Engineering,VoucherNo_val_6086,Amount_val_6086,TaxRate_val_6086,Date_val_6086
6087,Matrix Precision Engineering,VoucherNo_val_6087,Amount_val_6087,TaxRate_val_6087,Date_val_6087
6088,Matrix Precision Engineering,VoucherNo_val_6088,Amount_val_6088,TaxRate_val_6088,Date_val_6088
6089,Matrix Precision Engineering,VoucherNo_val_6089,Amount_val_6089,TaxRate_val_6089,Date_val_6089
6090,Matrix Precision Engineering,VoucherNo_val_6090,Amount_val_6090,TaxRate_val_6090,Date_val_6090
6091,Matrix Precision Engineering,VoucherNo_val_6091,Amount_val_6091,TaxRate_val_6091,Date_val_6091
6092,Matrix Precision Engineering,VoucherNo_val_6092,Amount_val_6092,TaxRate_val_6092,Date_val_6092
6093,Matrix Precision Engineering,VoucherNo_val_6093,Amount_val_6093,TaxRate_val_6093,Date_val_6093
6094,Matrix Precision Engineering,VoucherNo_val_6094,Amount_val_6094,TaxRate_val_6094,Date_val_6094
6095,Matrix Precision Engineering,VoucherNo_val_6095,Amount_val_6095,TaxRate_val_6095,Date_val_6095
6096,Matrix Precision Engineering,VoucherNo_val_6096,Amount_val_6096,TaxRate_val_6096,Date_val_6096
6097,Matrix Precision Engineering,VoucherNo_val_6097,Amount_val_6097,TaxRate_val_6097,Date_val_6097
6098,Matrix Precision Engineering,VoucherNo_val_6098,Amount_val_6098,TaxRate_val_6098,Date_val_6098
6099,Matrix Precision Engineering,VoucherNo_val_6099,Amount_val_6099,TaxRate_val_6099,Date_val_6099
6100,Matrix Precision Engineering,VoucherNo_val_6100,Amount_val_6100,TaxRate_val_6100,Date_val_6100
6101,Matrix Precision Engineering,VoucherNo_val_6101,Amount_val_6101,TaxRate_val_6101,Date_val_6101
6102,Matrix Precision Engineering,VoucherNo_val_6102,Amount_val_6102,TaxRate_val_6102,Date_val_6102
6103,Matrix Precision Engineering,VoucherNo_val_6103,Amount_val_6103,TaxRate_val_6103,Date_val_6103
6104,Matrix Precision Engineering,VoucherNo_val_6104,Amount_val_6104,TaxRate_val_6104,Date_val_6104
6105,Matrix Precision Engineering,VoucherNo_val_6105,Amount_val_6105,TaxRate_val_6105,Date_val_6105
6106,Matrix Precision Engineering,VoucherNo_val_6106,Amount_val_6106,TaxRate_val_6106,Date_val_6106
6107,Matrix Precision Engineering,VoucherNo_val_6107,Amount_val_6107,TaxRate_val_6107,Date_val_6107
6108,Matrix Precision Engineering,VoucherNo_val_6108,Amount_val_6108,TaxRate_val_6108,Date_val_6108
6109,Matrix Precision Engineering,VoucherNo_val_6109,Amount_val_6109,TaxRate_val_6109,Date_val_6109
6110,Matrix Precision Engineering,VoucherNo_val_6110,Amount_val_6110,TaxRate_val_6110,Date_val_6110
6111,Matrix Precision Engineering,VoucherNo_val_6111,Amount_val_6111,TaxRate_val_6111,Date_val_6111
6112,Matrix Precision Engineering,VoucherNo_val_6112,Amount_val_6112,TaxRate_val_6112,Date_val_6112
6113,Matrix Precision Engineering,VoucherNo_val_6113,Amount_val_6113,TaxRate_val_6113,Date_val_6113
6114,Matrix Precision Engineering,VoucherNo_val_6114,Amount_val_6114,TaxRate_val_6114,Date_val_6114
6115,Matrix Precision Engineering,VoucherNo_val_6115,Amount_val_6115,TaxRate_val_6115,Date_val_6115
6116,Matrix Precision Engineering,VoucherNo_val_6116,Amount_val_6116,TaxRate_val_6116,Date_val_6116
6117,Matrix Precision Engineering,VoucherNo_val_6117,Amount_val_6117,TaxRate_val_6117,Date_val_6117
6118,Matrix Precision Engineering,VoucherNo_val_6118,Amount_val_6118,TaxRate_val_6118,Date_val_6118
6119,Matrix Precision Engineering,VoucherNo_val_6119,Amount_val_6119,TaxRate_val_6119,Date_val_6119
6120,Matrix Precision Engineering,VoucherNo_val_6120,Amount_val_6120,TaxRate_val_6120,Date_val_6120
6121,Matrix Precision Engineering,VoucherNo_val_6121,Amount_val_6121,TaxRate_val_6121,Date_val_6121
6122,Matrix Precision Engineering,VoucherNo_val_6122,Amount_val_6122,TaxRate_val_6122,Date_val_6122
6123,Matrix Precision Engineering,VoucherNo_val_6123,Amount_val_6123,TaxRate_val_6123,Date_val_6123
6124,Matrix Precision Engineering,VoucherNo_val_6124,Amount_val_6124,TaxRate_val_6124,Date_val_6124
6125,Matrix Precision Engineering,VoucherNo_val_6125,Amount_val_6125,TaxRate_val_6125,Date_val_6125
6126,Matrix Precision Engineering,VoucherNo_val_6126,Amount_val_6126,TaxRate_val_6126,Date_val_6126
6127,Matrix Precision Engineering,VoucherNo_val_6127,Amount_val_6127,TaxRate_val_6127,Date_val_6127
6128,Matrix Precision Engineering,VoucherNo_val_6128,Amount_val_6128,TaxRate_val_6128,Date_val_6128
6129,Matrix Precision Engineering,VoucherNo_val_6129,Amount_val_6129,TaxRate_val_6129,Date_val_6129
6130,Matrix Precision Engineering,VoucherNo_val_6130,Amount_val_6130,TaxRate_val_6130,Date_val_6130
6131,Matrix Precision Engineering,VoucherNo_val_6131,Amount_val_6131,TaxRate_val_6131,Date_val_6131
6132,Matrix Precision Engineering,VoucherNo_val_6132,Amount_val_6132,TaxRate_val_6132,Date_val_6132
6133,Matrix Precision Engineering,VoucherNo_val_6133,Amount_val_6133,TaxRate_val_6133,Date_val_6133
6134,Matrix Precision Engineering,VoucherNo_val_6134,Amount_val_6134,TaxRate_val_6134,Date_val_6134
6135,Matrix Precision Engineering,VoucherNo_val_6135,Amount_val_6135,TaxRate_val_6135,Date_val_6135
6136,Matrix Precision Engineering,VoucherNo_val_6136,Amount_val_6136,TaxRate_val_6136,Date_val_6136
6137,Matrix Precision Engineering,VoucherNo_val_6137,Amount_val_6137,TaxRate_val_6137,Date_val_6137
6138,Matrix Precision Engineering,VoucherNo_val_6138,Amount_val_6138,TaxRate_val_6138,Date_val_6138
6139,Matrix Precision Engineering,VoucherNo_val_6139,Amount_val_6139,TaxRate_val_6139,Date_val_6139
6140,Matrix Precision Engineering,VoucherNo_val_6140,Amount_val_6140,TaxRate_val_6140,Date_val_6140
6141,Matrix Precision Engineering,VoucherNo_val_6141,Amount_val_6141,TaxRate_val_6141,Date_val_6141
6142,Matrix Precision Engineering,VoucherNo_val_6142,Amount_val_6142,TaxRate_val_6142,Date_val_6142
6143,Matrix Precision Engineering,VoucherNo_val_6143,Amount_val_6143,TaxRate_val_6143,Date_val_6143
6144,Matrix Precision Engineering,VoucherNo_val_6144,Amount_val_6144,TaxRate_val_6144,Date_val_6144
6145,Matrix Precision Engineering,VoucherNo_val_6145,Amount_val_6145,TaxRate_val_6145,Date_val_6145
6146,Matrix Precision Engineering,VoucherNo_val_6146,Amount_val_6146,TaxRate_val_6146,Date_val_6146
6147,Matrix Precision Engineering,VoucherNo_val_6147,Amount_val_6147,TaxRate_val_6147,Date_val_6147
6148,Matrix Precision Engineering,VoucherNo_val_6148,Amount_val_6148,TaxRate_val_6148,Date_val_6148
6149,Matrix Precision Engineering,VoucherNo_val_6149,Amount_val_6149,TaxRate_val_6149,Date_val_6149
6150,Matrix Precision Engineering,VoucherNo_val_6150,Amount_val_6150,TaxRate_val_6150,Date_val_6150
6151,Matrix Precision Engineering,VoucherNo_val_6151,Amount_val_6151,TaxRate_val_6151,Date_val_6151
6152,Matrix Precision Engineering,VoucherNo_val_6152,Amount_val_6152,TaxRate_val_6152,Date_val_6152
6153,Matrix Precision Engineering,VoucherNo_val_6153,Amount_val_6153,TaxRate_val_6153,Date_val_6153
6154,Matrix Precision Engineering,VoucherNo_val_6154,Amount_val_6154,TaxRate_val_6154,Date_val_6154
6155,Matrix Precision Engineering,VoucherNo_val_6155,Amount_val_6155,TaxRate_val_6155,Date_val_6155
6156,Matrix Precision Engineering,VoucherNo_val_6156,Amount_val_6156,TaxRate_val_6156,Date_val_6156
6157,Matrix Precision Engineering,VoucherNo_val_6157,Amount_val_6157,TaxRate_val_6157,Date_val_6157
6158,Matrix Precision Engineering,VoucherNo_val_6158,Amount_val_6158,TaxRate_val_6158,Date_val_6158
6159,Matrix Precision Engineering,VoucherNo_val_6159,Amount_val_6159,TaxRate_val_6159,Date_val_6159
6160,Matrix Precision Engineering,VoucherNo_val_6160,Amount_val_6160,TaxRate_val_6160,Date_val_6160
6161,Matrix Precision Engineering,VoucherNo_val_6161,Amount_val_6161,TaxRate_val_6161,Date_val_6161
6162,Matrix Precision Engineering,VoucherNo_val_6162,Amount_val_6162,TaxRate_val_6162,Date_val_6162
6163,Matrix Precision Engineering,VoucherNo_val_6163,Amount_val_6163,TaxRate_val_6163,Date_val_6163
6164,Matrix Precision Engineering,VoucherNo_val_6164,Amount_val_6164,TaxRate_val_6164,Date_val_6164
6165,Matrix Precision Engineering,VoucherNo_val_6165,Amount_val_6165,TaxRate_val_6165,Date_val_6165
6166,Matrix Precision Engineering,VoucherNo_val_6166,Amount_val_6166,TaxRate_val_6166,Date_val_6166
6167,Matrix Precision Engineering,VoucherNo_val_6167,Amount_val_6167,TaxRate_val_6167,Date_val_6167
6168,Matrix Precision Engineering,VoucherNo_val_6168,Amount_val_6168,TaxRate_val_6168,Date_val_6168
6169,Matrix Precision Engineering,VoucherNo_val_6169,Amount_val_6169,TaxRate_val_6169,Date_val_6169
6170,Matrix Precision Engineering,VoucherNo_val_6170,Amount_val_6170,TaxRate_val_6170,Date_val_6170
6171,Matrix Precision Engineering,VoucherNo_val_6171,Amount_val_6171,TaxRate_val_6171,Date_val_6171
6172,Matrix Precision Engineering,VoucherNo_val_6172,Amount_val_6172,TaxRate_val_6172,Date_val_6172
6173,Matrix Precision Engineering,VoucherNo_val_6173,Amount_val_6173,TaxRate_val_6173,Date_val_6173
6174,Matrix Precision Engineering,VoucherNo_val_6174,Amount_val_6174,TaxRate_val_6174,Date_val_6174
6175,Matrix Precision Engineering,VoucherNo_val_6175,Amount_val_6175,TaxRate_val_6175,Date_val_6175
6176,Matrix Precision Engineering,VoucherNo_val_6176,Amount_val_6176,TaxRate_val_6176,Date_val_6176
6177,Matrix Precision Engineering,VoucherNo_val_6177,Amount_val_6177,TaxRate_val_6177,Date_val_6177
6178,Matrix Precision Engineering,VoucherNo_val_6178,Amount_val_6178,TaxRate_val_6178,Date_val_6178
6179,Matrix Precision Engineering,VoucherNo_val_6179,Amount_val_6179,TaxRate_val_6179,Date_val_6179
6180,Matrix Precision Engineering,VoucherNo_val_6180,Amount_val_6180,TaxRate_val_6180,Date_val_6180
6181,Matrix Precision Engineering,VoucherNo_val_6181,Amount_val_6181,TaxRate_val_6181,Date_val_6181
6182,Matrix Precision Engineering,VoucherNo_val_6182,Amount_val_6182,TaxRate_val_6182,Date_val_6182
6183,Matrix Precision Engineering,VoucherNo_val_6183,Amount_val_6183,TaxRate_val_6183,Date_val_6183
6184,Matrix Precision Engineering,VoucherNo_val_6184,Amount_val_6184,TaxRate_val_6184,Date_val_6184
6185,Matrix Precision Engineering,VoucherNo_val_6185,Amount_val_6185,TaxRate_val_6185,Date_val_6185
6186,Matrix Precision Engineering,VoucherNo_val_6186,Amount_val_6186,TaxRate_val_6186,Date_val_6186
6187,Matrix Precision Engineering,VoucherNo_val_6187,Amount_val_6187,TaxRate_val_6187,Date_val_6187
6188,Matrix Precision Engineering,VoucherNo_val_6188,Amount_val_6188,TaxRate_val_6188,Date_val_6188
6189,Matrix Precision Engineering,VoucherNo_val_6189,Amount_val_6189,TaxRate_val_6189,Date_val_6189
6190,Matrix Precision Engineering,VoucherNo_val_6190,Amount_val_6190,TaxRate_val_6190,Date_val_6190
6191,Matrix Precision Engineering,VoucherNo_val_6191,Amount_val_6191,TaxRate_val_6191,Date_val_6191
6192,Matrix Precision Engineering,VoucherNo_val_6192,Amount_val_6192,TaxRate_val_6192,Date_val_6192
6193,Matrix Precision Engineering,VoucherNo_val_6193,Amount_val_6193,TaxRate_val_6193,Date_val_6193
6194,Matrix Precision Engineering,VoucherNo_val_6194,Amount_val_6194,TaxRate_val_6194,Date_val_6194
6195,Matrix Precision Engineering,VoucherNo_val_6195,Amount_val_6195,TaxRate_val_6195,Date_val_6195
6196,Matrix Precision Engineering,VoucherNo_val_6196,Amount_val_6196,TaxRate_val_6196,Date_val_6196
6197,Matrix Precision Engineering,VoucherNo_val_6197,Amount_val_6197,TaxRate_val_6197,Date_val_6197
6198,Matrix Precision Engineering,VoucherNo_val_6198,Amount_val_6198,TaxRate_val_6198,Date_val_6198
6199,Matrix Precision Engineering,VoucherNo_val_6199,Amount_val_6199,TaxRate_val_6199,Date_val_6199
6200,Matrix Precision Engineering,VoucherNo_val_6200,Amount_val_6200,TaxRate_val_6200,Date_val_6200
6201,Matrix Precision Engineering,VoucherNo_val_6201,Amount_val_6201,TaxRate_val_6201,Date_val_6201
6202,Matrix Precision Engineering,VoucherNo_val_6202,Amount_val_6202,TaxRate_val_6202,Date_val_6202
6203,Matrix Precision Engineering,VoucherNo_val_6203,Amount_val_6203,TaxRate_val_6203,Date_val_6203
6204,Matrix Precision Engineering,VoucherNo_val_6204,Amount_val_6204,TaxRate_val_6204,Date_val_6204
6205,Matrix Precision Engineering,VoucherNo_val_6205,Amount_val_6205,TaxRate_val_6205,Date_val_6205
6206,Matrix Precision Engineering,VoucherNo_val_6206,Amount_val_6206,TaxRate_val_6206,Date_val_6206
6207,Matrix Precision Engineering,VoucherNo_val_6207,Amount_val_6207,TaxRate_val_6207,Date_val_6207
6208,Matrix Precision Engineering,VoucherNo_val_6208,Amount_val_6208,TaxRate_val_6208,Date_val_6208
6209,Matrix Precision Engineering,VoucherNo_val_6209,Amount_val_6209,TaxRate_val_6209,Date_val_6209
6210,Matrix Precision Engineering,VoucherNo_val_6210,Amount_val_6210,TaxRate_val_6210,Date_val_6210
6211,Matrix Precision Engineering,VoucherNo_val_6211,Amount_val_6211,TaxRate_val_6211,Date_val_6211
6212,Matrix Precision Engineering,VoucherNo_val_6212,Amount_val_6212,TaxRate_val_6212,Date_val_6212
6213,Matrix Precision Engineering,VoucherNo_val_6213,Amount_val_6213,TaxRate_val_6213,Date_val_6213
6214,Matrix Precision Engineering,VoucherNo_val_6214,Amount_val_6214,TaxRate_val_6214,Date_val_6214
6215,Matrix Precision Engineering,VoucherNo_val_6215,Amount_val_6215,TaxRate_val_6215,Date_val_6215
6216,Matrix Precision Engineering,VoucherNo_val_6216,Amount_val_6216,TaxRate_val_6216,Date_val_6216
6217,Matrix Precision Engineering,VoucherNo_val_6217,Amount_val_6217,TaxRate_val_6217,Date_val_6217
6218,Matrix Precision Engineering,VoucherNo_val_6218,Amount_val_6218,TaxRate_val_6218,Date_val_6218
6219,Matrix Precision Engineering,VoucherNo_val_6219,Amount_val_6219,TaxRate_val_6219,Date_val_6219
6220,Matrix Precision Engineering,VoucherNo_val_6220,Amount_val_6220,TaxRate_val_6220,Date_val_6220
6221,Matrix Precision Engineering,VoucherNo_val_6221,Amount_val_6221,TaxRate_val_6221,Date_val_6221
6222,Matrix Precision Engineering,VoucherNo_val_6222,Amount_val_6222,TaxRate_val_6222,Date_val_6222
6223,Matrix Precision Engineering,VoucherNo_val_6223,Amount_val_6223,TaxRate_val_6223,Date_val_6223
6224,Matrix Precision Engineering,VoucherNo_val_6224,Amount_val_6224,TaxRate_val_6224,Date_val_6224
6225,Matrix Precision Engineering,VoucherNo_val_6225,Amount_val_6225,TaxRate_val_6225,Date_val_6225
6226,Matrix Precision Engineering,VoucherNo_val_6226,Amount_val_6226,TaxRate_val_6226,Date_val_6226
6227,Matrix Precision Engineering,VoucherNo_val_6227,Amount_val_6227,TaxRate_val_6227,Date_val_6227
6228,Matrix Precision Engineering,VoucherNo_val_6228,Amount_val_6228,TaxRate_val_6228,Date_val_6228
6229,Matrix Precision Engineering,VoucherNo_val_6229,Amount_val_6229,TaxRate_val_6229,Date_val_6229
6230,Matrix Precision Engineering,VoucherNo_val_6230,Amount_val_6230,TaxRate_val_6230,Date_val_6230
6231,Matrix Precision Engineering,VoucherNo_val_6231,Amount_val_6231,TaxRate_val_6231,Date_val_6231
6232,Matrix Precision Engineering,VoucherNo_val_6232,Amount_val_6232,TaxRate_val_6232,Date_val_6232
6233,Matrix Precision Engineering,VoucherNo_val_6233,Amount_val_6233,TaxRate_val_6233,Date_val_6233
6234,Matrix Precision Engineering,VoucherNo_val_6234,Amount_val_6234,TaxRate_val_6234,Date_val_6234
6235,Matrix Precision Engineering,VoucherNo_val_6235,Amount_val_6235,TaxRate_val_6235,Date_val_6235
6236,Matrix Precision Engineering,VoucherNo_val_6236,Amount_val_6236,TaxRate_val_6236,Date_val_6236
6237,Matrix Precision Engineering,VoucherNo_val_6237,Amount_val_6237,TaxRate_val_6237,Date_val_6237
6238,Matrix Precision Engineering,VoucherNo_val_6238,Amount_val_6238,TaxRate_val_6238,Date_val_6238
6239,Matrix Precision Engineering,VoucherNo_val_6239,Amount_val_6239,TaxRate_val_6239,Date_val_6239
6240,Matrix Precision Engineering,VoucherNo_val_6240,Amount_val_6240,TaxRate_val_6240,Date_val_6240
6241,Matrix Precision Engineering,VoucherNo_val_6241,Amount_val_6241,TaxRate_val_6241,Date_val_6241
6242,Matrix Precision Engineering,VoucherNo_val_6242,Amount_val_6242,TaxRate_val_6242,Date_val_6242
6243,Matrix Precision Engineering,VoucherNo_val_6243,Amount_val_6243,TaxRate_val_6243,Date_val_6243
6244,Matrix Precision Engineering,VoucherNo_val_6244,Amount_val_6244,TaxRate_val_6244,Date_val_6244
6245,Matrix Precision Engineering,VoucherNo_val_6245,Amount_val_6245,TaxRate_val_6245,Date_val_6245
6246,Matrix Precision Engineering,VoucherNo_val_6246,Amount_val_6246,TaxRate_val_6246,Date_val_6246
6247,Matrix Precision Engineering,VoucherNo_val_6247,Amount_val_6247,TaxRate_val_6247,Date_val_6247
6248,Matrix Precision Engineering,VoucherNo_val_6248,Amount_val_6248,TaxRate_val_6248,Date_val_6248
6249,Matrix Precision Engineering,VoucherNo_val_6249,Amount_val_6249,TaxRate_val_6249,Date_val_6249
6250,Matrix Precision Engineering,VoucherNo_val_6250,Amount_val_6250,TaxRate_val_6250,Date_val_6250
6251,Matrix Precision Engineering,VoucherNo_val_6251,Amount_val_6251,TaxRate_val_6251,Date_val_6251
6252,Matrix Precision Engineering,VoucherNo_val_6252,Amount_val_6252,TaxRate_val_6252,Date_val_6252
6253,Matrix Precision Engineering,VoucherNo_val_6253,Amount_val_6253,TaxRate_val_6253,Date_val_6253
6254,Matrix Precision Engineering,VoucherNo_val_6254,Amount_val_6254,TaxRate_val_6254,Date_val_6254
6255,Matrix Precision Engineering,VoucherNo_val_6255,Amount_val_6255,TaxRate_val_6255,Date_val_6255
6256,Matrix Precision Engineering,VoucherNo_val_6256,Amount_val_6256,TaxRate_val_6256,Date_val_6256
6257,Matrix Precision Engineering,VoucherNo_val_6257,Amount_val_6257,TaxRate_val_6257,Date_val_6257
6258,Matrix Precision Engineering,VoucherNo_val_6258,Amount_val_6258,TaxRate_val_6258,Date_val_6258
6259,Matrix Precision Engineering,VoucherNo_val_6259,Amount_val_6259,TaxRate_val_6259,Date_val_6259
6260,Matrix Precision Engineering,VoucherNo_val_6260,Amount_val_6260,TaxRate_val_6260,Date_val_6260
6261,Matrix Precision Engineering,VoucherNo_val_6261,Amount_val_6261,TaxRate_val_6261,Date_val_6261
6262,Matrix Precision Engineering,VoucherNo_val_6262,Amount_val_6262,TaxRate_val_6262,Date_val_6262
6263,Matrix Precision Engineering,VoucherNo_val_6263,Amount_val_6263,TaxRate_val_6263,Date_val_6263
6264,Matrix Precision Engineering,VoucherNo_val_6264,Amount_val_6264,TaxRate_val_6264,Date_val_6264
6265,Matrix Precision Engineering,VoucherNo_val_6265,Amount_val_6265,TaxRate_val_6265,Date_val_6265
6266,Matrix Precision Engineering,VoucherNo_val_6266,Amount_val_6266,TaxRate_val_6266,Date_val_6266
6267,Matrix Precision Engineering,VoucherNo_val_6267,Amount_val_6267,TaxRate_val_6267,Date_val_6267
6268,Matrix Precision Engineering,VoucherNo_val_6268,Amount_val_6268,TaxRate_val_6268,Date_val_6268
6269,Matrix Precision Engineering,VoucherNo_val_6269,Amount_val_6269,TaxRate_val_6269,Date_val_6269
6270,Matrix Precision Engineering,VoucherNo_val_6270,Amount_val_6270,TaxRate_val_6270,Date_val_6270
6271,Matrix Precision Engineering,VoucherNo_val_6271,Amount_val_6271,TaxRate_val_6271,Date_val_6271
6272,Matrix Precision Engineering,VoucherNo_val_6272,Amount_val_6272,TaxRate_val_6272,Date_val_6272
6273,Matrix Precision Engineering,VoucherNo_val_6273,Amount_val_6273,TaxRate_val_6273,Date_val_6273
6274,Matrix Precision Engineering,VoucherNo_val_6274,Amount_val_6274,TaxRate_val_6274,Date_val_6274
6275,Matrix Precision Engineering,VoucherNo_val_6275,Amount_val_6275,TaxRate_val_6275,Date_val_6275
6276,Matrix Precision Engineering,VoucherNo_val_6276,Amount_val_6276,TaxRate_val_6276,Date_val_6276
6277,Matrix Precision Engineering,VoucherNo_val_6277,Amount_val_6277,TaxRate_val_6277,Date_val_6277
6278,Matrix Precision Engineering,VoucherNo_val_6278,Amount_val_6278,TaxRate_val_6278,Date_val_6278
6279,Matrix Precision Engineering,VoucherNo_val_6279,Amount_val_6279,TaxRate_val_6279,Date_val_6279
6280,Matrix Precision Engineering,VoucherNo_val_6280,Amount_val_6280,TaxRate_val_6280,Date_val_6280
6281,Matrix Precision Engineering,VoucherNo_val_6281,Amount_val_6281,TaxRate_val_6281,Date_val_6281
6282,Matrix Precision Engineering,VoucherNo_val_6282,Amount_val_6282,TaxRate_val_6282,Date_val_6282
6283,Matrix Precision Engineering,VoucherNo_val_6283,Amount_val_6283,TaxRate_val_6283,Date_val_6283
6284,Matrix Precision Engineering,VoucherNo_val_6284,Amount_val_6284,TaxRate_val_6284,Date_val_6284
6285,Matrix Precision Engineering,VoucherNo_val_6285,Amount_val_6285,TaxRate_val_6285,Date_val_6285
6286,Matrix Precision Engineering,VoucherNo_val_6286,Amount_val_6286,TaxRate_val_6286,Date_val_6286
6287,Matrix Precision Engineering,VoucherNo_val_6287,Amount_val_6287,TaxRate_val_6287,Date_val_6287
6288,Matrix Precision Engineering,VoucherNo_val_6288,Amount_val_6288,TaxRate_val_6288,Date_val_6288
6289,Matrix Precision Engineering,VoucherNo_val_6289,Amount_val_6289,TaxRate_val_6289,Date_val_6289
6290,Matrix Precision Engineering,VoucherNo_val_6290,Amount_val_6290,TaxRate_val_6290,Date_val_6290
6291,Matrix Precision Engineering,VoucherNo_val_6291,Amount_val_6291,TaxRate_val_6291,Date_val_6291
6292,Matrix Precision Engineering,VoucherNo_val_6292,Amount_val_6292,TaxRate_val_6292,Date_val_6292
6293,Matrix Precision Engineering,VoucherNo_val_6293,Amount_val_6293,TaxRate_val_6293,Date_val_6293
6294,Matrix Precision Engineering,VoucherNo_val_6294,Amount_val_6294,TaxRate_val_6294,Date_val_6294
6295,Matrix Precision Engineering,VoucherNo_val_6295,Amount_val_6295,TaxRate_val_6295,Date_val_6295
6296,Matrix Precision Engineering,VoucherNo_val_6296,Amount_val_6296,TaxRate_val_6296,Date_val_6296
6297,Matrix Precision Engineering,VoucherNo_val_6297,Amount_val_6297,TaxRate_val_6297,Date_val_6297
6298,Matrix Precision Engineering,VoucherNo_val_6298,Amount_val_6298,TaxRate_val_6298,Date_val_6298
6299,Matrix Precision Engineering,VoucherNo_val_6299,Amount_val_6299,TaxRate_val_6299,Date_val_6299
6300,Matrix Precision Engineering,VoucherNo_val_6300,Amount_val_6300,TaxRate_val_6300,Date_val_6300
6301,Matrix Precision Engineering,VoucherNo_val_6301,Amount_val_6301,TaxRate_val_6301,Date_val_6301
6302,Matrix Precision Engineering,VoucherNo_val_6302,Amount_val_6302,TaxRate_val_6302,Date_val_6302
6303,Matrix Precision Engineering,VoucherNo_val_6303,Amount_val_6303,TaxRate_val_6303,Date_val_6303
6304,Matrix Precision Engineering,VoucherNo_val_6304,Amount_val_6304,TaxRate_val_6304,Date_val_6304
6305,Matrix Precision Engineering,VoucherNo_val_6305,Amount_val_6305,TaxRate_val_6305,Date_val_6305
6306,Matrix Precision Engineering,VoucherNo_val_6306,Amount_val_6306,TaxRate_val_6306,Date_val_6306
6307,Matrix Precision Engineering,VoucherNo_val_6307,Amount_val_6307,TaxRate_val_6307,Date_val_6307
6308,Matrix Precision Engineering,VoucherNo_val_6308,Amount_val_6308,TaxRate_val_6308,Date_val_6308
6309,Matrix Precision Engineering,VoucherNo_val_6309,Amount_val_6309,TaxRate_val_6309,Date_val_6309
6310,Matrix Precision Engineering,VoucherNo_val_6310,Amount_val_6310,TaxRate_val_6310,Date_val_6310
6311,Matrix Precision Engineering,VoucherNo_val_6311,Amount_val_6311,TaxRate_val_6311,Date_val_6311
6312,Matrix Precision Engineering,VoucherNo_val_6312,Amount_val_6312,TaxRate_val_6312,Date_val_6312
6313,Matrix Precision Engineering,VoucherNo_val_6313,Amount_val_6313,TaxRate_val_6313,Date_val_6313
6314,Matrix Precision Engineering,VoucherNo_val_6314,Amount_val_6314,TaxRate_val_6314,Date_val_6314
6315,Matrix Precision Engineering,VoucherNo_val_6315,Amount_val_6315,TaxRate_val_6315,Date_val_6315
6316,Matrix Precision Engineering,VoucherNo_val_6316,Amount_val_6316,TaxRate_val_6316,Date_val_6316
6317,Matrix Precision Engineering,VoucherNo_val_6317,Amount_val_6317,TaxRate_val_6317,Date_val_6317
6318,Matrix Precision Engineering,VoucherNo_val_6318,Amount_val_6318,TaxRate_val_6318,Date_val_6318
6319,Matrix Precision Engineering,VoucherNo_val_6319,Amount_val_6319,TaxRate_val_6319,Date_val_6319
6320,Matrix Precision Engineering,VoucherNo_val_6320,Amount_val_6320,TaxRate_val_6320,Date_val_6320
6321,Matrix Precision Engineering,VoucherNo_val_6321,Amount_val_6321,TaxRate_val_6321,Date_val_6321
6322,Matrix Precision Engineering,VoucherNo_val_6322,Amount_val_6322,TaxRate_val_6322,Date_val_6322
6323,Matrix Precision Engineering,VoucherNo_val_6323,Amount_val_6323,TaxRate_val_6323,Date_val_6323
6324,Matrix Precision Engineering,VoucherNo_val_6324,Amount_val_6324,TaxRate_val_6324,Date_val_6324
6325,Matrix Precision Engineering,VoucherNo_val_6325,Amount_val_6325,TaxRate_val_6325,Date_val_6325
6326,Matrix Precision Engineering,VoucherNo_val_6326,Amount_val_6326,TaxRate_val_6326,Date_val_6326
6327,Matrix Precision Engineering,VoucherNo_val_6327,Amount_val_6327,TaxRate_val_6327,Date_val_6327
6328,Matrix Precision Engineering,VoucherNo_val_6328,Amount_val_6328,TaxRate_val_6328,Date_val_6328
6329,Matrix Precision Engineering,VoucherNo_val_6329,Amount_val_6329,TaxRate_val_6329,Date_val_6329
6330,Matrix Precision Engineering,VoucherNo_val_6330,Amount_val_6330,TaxRate_val_6330,Date_val_6330
6331,Matrix Precision Engineering,VoucherNo_val_6331,Amount_val_6331,TaxRate_val_6331,Date_val_6331
6332,Matrix Precision Engineering,VoucherNo_val_6332,Amount_val_6332,TaxRate_val_6332,Date_val_6332
6333,Matrix Precision Engineering,VoucherNo_val_6333,Amount_val_6333,TaxRate_val_6333,Date_val_6333
6334,Matrix Precision Engineering,VoucherNo_val_6334,Amount_val_6334,TaxRate_val_6334,Date_val_6334
6335,Matrix Precision Engineering,VoucherNo_val_6335,Amount_val_6335,TaxRate_val_6335,Date_val_6335
6336,Matrix Precision Engineering,VoucherNo_val_6336,Amount_val_6336,TaxRate_val_6336,Date_val_6336
6337,Matrix Precision Engineering,VoucherNo_val_6337,Amount_val_6337,TaxRate_val_6337,Date_val_6337
6338,Matrix Precision Engineering,VoucherNo_val_6338,Amount_val_6338,TaxRate_val_6338,Date_val_6338
6339,Matrix Precision Engineering,VoucherNo_val_6339,Amount_val_6339,TaxRate_val_6339,Date_val_6339
6340,Matrix Precision Engineering,VoucherNo_val_6340,Amount_val_6340,TaxRate_val_6340,Date_val_6340
6341,Matrix Precision Engineering,VoucherNo_val_6341,Amount_val_6341,TaxRate_val_6341,Date_val_6341
6342,Matrix Precision Engineering,VoucherNo_val_6342,Amount_val_6342,TaxRate_val_6342,Date_val_6342
6343,Matrix Precision Engineering,VoucherNo_val_6343,Amount_val_6343,TaxRate_val_6343,Date_val_6343
6344,Matrix Precision Engineering,VoucherNo_val_6344,Amount_val_6344,TaxRate_val_6344,Date_val_6344
6345,Matrix Precision Engineering,VoucherNo_val_6345,Amount_val_6345,TaxRate_val_6345,Date_val_6345
6346,Matrix Precision Engineering,VoucherNo_val_6346,Amount_val_6346,TaxRate_val_6346,Date_val_6346
6347,Matrix Precision Engineering,VoucherNo_val_6347,Amount_val_6347,TaxRate_val_6347,Date_val_6347
6348,Matrix Precision Engineering,VoucherNo_val_6348,Amount_val_6348,TaxRate_val_6348,Date_val_6348
6349,Matrix Precision Engineering,VoucherNo_val_6349,Amount_val_6349,TaxRate_val_6349,Date_val_6349
6350,Matrix Precision Engineering,VoucherNo_val_6350,Amount_val_6350,TaxRate_val_6350,Date_val_6350
6351,Matrix Precision Engineering,VoucherNo_val_6351,Amount_val_6351,TaxRate_val_6351,Date_val_6351
6352,Matrix Precision Engineering,VoucherNo_val_6352,Amount_val_6352,TaxRate_val_6352,Date_val_6352
6353,Matrix Precision Engineering,VoucherNo_val_6353,Amount_val_6353,TaxRate_val_6353,Date_val_6353
6354,Matrix Precision Engineering,VoucherNo_val_6354,Amount_val_6354,TaxRate_val_6354,Date_val_6354
6355,Matrix Precision Engineering,VoucherNo_val_6355,Amount_val_6355,TaxRate_val_6355,Date_val_6355
6356,Matrix Precision Engineering,VoucherNo_val_6356,Amount_val_6356,TaxRate_val_6356,Date_val_6356
6357,Matrix Precision Engineering,VoucherNo_val_6357,Amount_val_6357,TaxRate_val_6357,Date_val_6357
6358,Matrix Precision Engineering,VoucherNo_val_6358,Amount_val_6358,TaxRate_val_6358,Date_val_6358
6359,Matrix Precision Engineering,VoucherNo_val_6359,Amount_val_6359,TaxRate_val_6359,Date_val_6359
6360,Matrix Precision Engineering,VoucherNo_val_6360,Amount_val_6360,TaxRate_val_6360,Date_val_6360
6361,Matrix Precision Engineering,VoucherNo_val_6361,Amount_val_6361,TaxRate_val_6361,Date_val_6361
6362,Matrix Precision Engineering,VoucherNo_val_6362,Amount_val_6362,TaxRate_val_6362,Date_val_6362
6363,Matrix Precision Engineering,VoucherNo_val_6363,Amount_val_6363,TaxRate_val_6363,Date_val_6363
6364,Matrix Precision Engineering,VoucherNo_val_6364,Amount_val_6364,TaxRate_val_6364,Date_val_6364
6365,Matrix Precision Engineering,VoucherNo_val_6365,Amount_val_6365,TaxRate_val_6365,Date_val_6365
6366,Matrix Precision Engineering,VoucherNo_val_6366,Amount_val_6366,TaxRate_val_6366,Date_val_6366
6367,Matrix Precision Engineering,VoucherNo_val_6367,Amount_val_6367,TaxRate_val_6367,Date_val_6367
6368,Matrix Precision Engineering,VoucherNo_val_6368,Amount_val_6368,TaxRate_val_6368,Date_val_6368
6369,Matrix Precision Engineering,VoucherNo_val_6369,Amount_val_6369,TaxRate_val_6369,Date_val_6369
6370,Matrix Precision Engineering,VoucherNo_val_6370,Amount_val_6370,TaxRate_val_6370,Date_val_6370
6371,Matrix Precision Engineering,VoucherNo_val_6371,Amount_val_6371,TaxRate_val_6371,Date_val_6371
6372,Matrix Precision Engineering,VoucherNo_val_6372,Amount_val_6372,TaxRate_val_6372,Date_val_6372
6373,Matrix Precision Engineering,VoucherNo_val_6373,Amount_val_6373,TaxRate_val_6373,Date_val_6373
6374,Matrix Precision Engineering,VoucherNo_val_6374,Amount_val_6374,TaxRate_val_6374,Date_val_6374
6375,Matrix Precision Engineering,VoucherNo_val_6375,Amount_val_6375,TaxRate_val_6375,Date_val_6375
6376,Matrix Precision Engineering,VoucherNo_val_6376,Amount_val_6376,TaxRate_val_6376,Date_val_6376
6377,Matrix Precision Engineering,VoucherNo_val_6377,Amount_val_6377,TaxRate_val_6377,Date_val_6377
6378,Matrix Precision Engineering,VoucherNo_val_6378,Amount_val_6378,TaxRate_val_6378,Date_val_6378
6379,Matrix Precision Engineering,VoucherNo_val_6379,Amount_val_6379,TaxRate_val_6379,Date_val_6379
6380,Matrix Precision Engineering,VoucherNo_val_6380,Amount_val_6380,TaxRate_val_6380,Date_val_6380
6381,Matrix Precision Engineering,VoucherNo_val_6381,Amount_val_6381,TaxRate_val_6381,Date_val_6381
6382,Matrix Precision Engineering,VoucherNo_val_6382,Amount_val_6382,TaxRate_val_6382,Date_val_6382
6383,Matrix Precision Engineering,VoucherNo_val_6383,Amount_val_6383,TaxRate_val_6383,Date_val_6383
6384,Matrix Precision Engineering,VoucherNo_val_6384,Amount_val_6384,TaxRate_val_6384,Date_val_6384
6385,Matrix Precision Engineering,VoucherNo_val_6385,Amount_val_6385,TaxRate_val_6385,Date_val_6385
6386,Matrix Precision Engineering,VoucherNo_val_6386,Amount_val_6386,TaxRate_val_6386,Date_val_6386
6387,Matrix Precision Engineering,VoucherNo_val_6387,Amount_val_6387,TaxRate_val_6387,Date_val_6387
6388,Matrix Precision Engineering,VoucherNo_val_6388,Amount_val_6388,TaxRate_val_6388,Date_val_6388
6389,Matrix Precision Engineering,VoucherNo_val_6389,Amount_val_6389,TaxRate_val_6389,Date_val_6389
6390,Matrix Precision Engineering,VoucherNo_val_6390,Amount_val_6390,TaxRate_val_6390,Date_val_6390
6391,Matrix Precision Engineering,VoucherNo_val_6391,Amount_val_6391,TaxRate_val_6391,Date_val_6391
6392,Matrix Precision Engineering,VoucherNo_val_6392,Amount_val_6392,TaxRate_val_6392,Date_val_6392
6393,Matrix Precision Engineering,VoucherNo_val_6393,Amount_val_6393,TaxRate_val_6393,Date_val_6393
6394,Matrix Precision Engineering,VoucherNo_val_6394,Amount_val_6394,TaxRate_val_6394,Date_val_6394
6395,Matrix Precision Engineering,VoucherNo_val_6395,Amount_val_6395,TaxRate_val_6395,Date_val_6395
6396,Matrix Precision Engineering,VoucherNo_val_6396,Amount_val_6396,TaxRate_val_6396,Date_val_6396
6397,Matrix Precision Engineering,VoucherNo_val_6397,Amount_val_6397,TaxRate_val_6397,Date_val_6397
6398,Matrix Precision Engineering,VoucherNo_val_6398,Amount_val_6398,TaxRate_val_6398,Date_val_6398
6399,Matrix Precision Engineering,VoucherNo_val_6399,Amount_val_6399,TaxRate_val_6399,Date_val_6399
6400,Matrix Precision Engineering,VoucherNo_val_6400,Amount_val_6400,TaxRate_val_6400,Date_val_6400
6401,Matrix Precision Engineering,VoucherNo_val_6401,Amount_val_6401,TaxRate_val_6401,Date_val_6401
6402,Matrix Precision Engineering,VoucherNo_val_6402,Amount_val_6402,TaxRate_val_6402,Date_val_6402
6403,Matrix Precision Engineering,VoucherNo_val_6403,Amount_val_6403,TaxRate_val_6403,Date_val_6403
6404,Matrix Precision Engineering,VoucherNo_val_6404,Amount_val_6404,TaxRate_val_6404,Date_val_6404
6405,Matrix Precision Engineering,VoucherNo_val_6405,Amount_val_6405,TaxRate_val_6405,Date_val_6405
6406,Matrix Precision Engineering,VoucherNo_val_6406,Amount_val_6406,TaxRate_val_6406,Date_val_6406
6407,Matrix Precision Engineering,VoucherNo_val_6407,Amount_val_6407,TaxRate_val_6407,Date_val_6407
6408,Matrix Precision Engineering,VoucherNo_val_6408,Amount_val_6408,TaxRate_val_6408,Date_val_6408
6409,Matrix Precision Engineering,VoucherNo_val_6409,Amount_val_6409,TaxRate_val_6409,Date_val_6409
6410,Matrix Precision Engineering,VoucherNo_val_6410,Amount_val_6410,TaxRate_val_6410,Date_val_6410
6411,Matrix Precision Engineering,VoucherNo_val_6411,Amount_val_6411,TaxRate_val_6411,Date_val_6411
6412,Matrix Precision Engineering,VoucherNo_val_6412,Amount_val_6412,TaxRate_val_6412,Date_val_6412
6413,Matrix Precision Engineering,VoucherNo_val_6413,Amount_val_6413,TaxRate_val_6413,Date_val_6413
6414,Matrix Precision Engineering,VoucherNo_val_6414,Amount_val_6414,TaxRate_val_6414,Date_val_6414
6415,Matrix Precision Engineering,VoucherNo_val_6415,Amount_val_6415,TaxRate_val_6415,Date_val_6415
6416,Matrix Precision Engineering,VoucherNo_val_6416,Amount_val_6416,TaxRate_val_6416,Date_val_6416
6417,Matrix Precision Engineering,VoucherNo_val_6417,Amount_val_6417,TaxRate_val_6417,Date_val_6417
6418,Matrix Precision Engineering,VoucherNo_val_6418,Amount_val_6418,TaxRate_val_6418,Date_val_6418
6419,Matrix Precision Engineering,VoucherNo_val_6419,Amount_val_6419,TaxRate_val_6419,Date_val_6419
6420,Matrix Precision Engineering,VoucherNo_val_6420,Amount_val_6420,TaxRate_val_6420,Date_val_6420
6421,Matrix Precision Engineering,VoucherNo_val_6421,Amount_val_6421,TaxRate_val_6421,Date_val_6421
6422,Matrix Precision Engineering,VoucherNo_val_6422,Amount_val_6422,TaxRate_val_6422,Date_val_6422
6423,Matrix Precision Engineering,VoucherNo_val_6423,Amount_val_6423,TaxRate_val_6423,Date_val_6423
6424,Matrix Precision Engineering,VoucherNo_val_6424,Amount_val_6424,TaxRate_val_6424,Date_val_6424
6425,Matrix Precision Engineering,VoucherNo_val_6425,Amount_val_6425,TaxRate_val_6425,Date_val_6425
6426,Matrix Precision Engineering,VoucherNo_val_6426,Amount_val_6426,TaxRate_val_6426,Date_val_6426
6427,Matrix Precision Engineering,VoucherNo_val_6427,Amount_val_6427,TaxRate_val_6427,Date_val_6427
6428,Matrix Precision Engineering,VoucherNo_val_6428,Amount_val_6428,TaxRate_val_6428,Date_val_6428
6429,Matrix Precision Engineering,VoucherNo_val_6429,Amount_val_6429,TaxRate_val_6429,Date_val_6429
6430,Matrix Precision Engineering,VoucherNo_val_6430,Amount_val_6430,TaxRate_val_6430,Date_val_6430
6431,Matrix Precision Engineering,VoucherNo_val_6431,Amount_val_6431,TaxRate_val_6431,Date_val_6431
6432,Matrix Precision Engineering,VoucherNo_val_6432,Amount_val_6432,TaxRate_val_6432,Date_val_6432
6433,Matrix Precision Engineering,VoucherNo_val_6433,Amount_val_6433,TaxRate_val_6433,Date_val_6433
6434,Matrix Precision Engineering,VoucherNo_val_6434,Amount_val_6434,TaxRate_val_6434,Date_val_6434
6435,Matrix Precision Engineering,VoucherNo_val_6435,Amount_val_6435,TaxRate_val_6435,Date_val_6435
6436,Matrix Precision Engineering,VoucherNo_val_6436,Amount_val_6436,TaxRate_val_6436,Date_val_6436
6437,Matrix Precision Engineering,VoucherNo_val_6437,Amount_val_6437,TaxRate_val_6437,Date_val_6437
6438,Matrix Precision Engineering,VoucherNo_val_6438,Amount_val_6438,TaxRate_val_6438,Date_val_6438
6439,Matrix Precision Engineering,VoucherNo_val_6439,Amount_val_6439,TaxRate_val_6439,Date_val_6439
6440,Matrix Precision Engineering,VoucherNo_val_6440,Amount_val_6440,TaxRate_val_6440,Date_val_6440
6441,Matrix Precision Engineering,VoucherNo_val_6441,Amount_val_6441,TaxRate_val_6441,Date_val_6441
6442,Matrix Precision Engineering,VoucherNo_val_6442,Amount_val_6442,TaxRate_val_6442,Date_val_6442
6443,Matrix Precision Engineering,VoucherNo_val_6443,Amount_val_6443,TaxRate_val_6443,Date_val_6443
6444,Matrix Precision Engineering,VoucherNo_val_6444,Amount_val_6444,TaxRate_val_6444,Date_val_6444
6445,Matrix Precision Engineering,VoucherNo_val_6445,Amount_val_6445,TaxRate_val_6445,Date_val_6445
6446,Matrix Precision Engineering,VoucherNo_val_6446,Amount_val_6446,TaxRate_val_6446,Date_val_6446
6447,Matrix Precision Engineering,VoucherNo_val_6447,Amount_val_6447,TaxRate_val_6447,Date_val_6447
6448,Matrix Precision Engineering,VoucherNo_val_6448,Amount_val_6448,TaxRate_val_6448,Date_val_6448
6449,Matrix Precision Engineering,VoucherNo_val_6449,Amount_val_6449,TaxRate_val_6449,Date_val_6449
6450,Matrix Precision Engineering,VoucherNo_val_6450,Amount_val_6450,TaxRate_val_6450,Date_val_6450
6451,Matrix Precision Engineering,VoucherNo_val_6451,Amount_val_6451,TaxRate_val_6451,Date_val_6451
6452,Matrix Precision Engineering,VoucherNo_val_6452,Amount_val_6452,TaxRate_val_6452,Date_val_6452
6453,Matrix Precision Engineering,VoucherNo_val_6453,Amount_val_6453,TaxRate_val_6453,Date_val_6453
6454,Matrix Precision Engineering,VoucherNo_val_6454,Amount_val_6454,TaxRate_val_6454,Date_val_6454
6455,Matrix Precision Engineering,VoucherNo_val_6455,Amount_val_6455,TaxRate_val_6455,Date_val_6455
6456,Matrix Precision Engineering,VoucherNo_val_6456,Amount_val_6456,TaxRate_val_6456,Date_val_6456
6457,Matrix Precision Engineering,VoucherNo_val_6457,Amount_val_6457,TaxRate_val_6457,Date_val_6457
6458,Matrix Precision Engineering,VoucherNo_val_6458,Amount_val_6458,TaxRate_val_6458,Date_val_6458
6459,Matrix Precision Engineering,VoucherNo_val_6459,Amount_val_6459,TaxRate_val_6459,Date_val_6459
6460,Matrix Precision Engineering,VoucherNo_val_6460,Amount_val_6460,TaxRate_val_6460,Date_val_6460
6461,Matrix Precision Engineering,VoucherNo_val_6461,Amount_val_6461,TaxRate_val_6461,Date_val_6461
6462,Matrix Precision Engineering,VoucherNo_val_6462,Amount_val_6462,TaxRate_val_6462,Date_val_6462
6463,Matrix Precision Engineering,VoucherNo_val_6463,Amount_val_6463,TaxRate_val_6463,Date_val_6463
6464,Matrix Precision Engineering,VoucherNo_val_6464,Amount_val_6464,TaxRate_val_6464,Date_val_6464
6465,Matrix Precision Engineering,VoucherNo_val_6465,Amount_val_6465,TaxRate_val_6465,Date_val_6465
6466,Matrix Precision Engineering,VoucherNo_val_6466,Amount_val_6466,TaxRate_val_6466,Date_val_6466
6467,Matrix Precision Engineering,VoucherNo_val_6467,Amount_val_6467,TaxRate_val_6467,Date_val_6467
6468,Matrix Precision Engineering,VoucherNo_val_6468,Amount_val_6468,TaxRate_val_6468,Date_val_6468
6469,Matrix Precision Engineering,VoucherNo_val_6469,Amount_val_6469,TaxRate_val_6469,Date_val_6469
6470,Matrix Precision Engineering,VoucherNo_val_6470,Amount_val_6470,TaxRate_val_6470,Date_val_6470
6471,Matrix Precision Engineering,VoucherNo_val_6471,Amount_val_6471,TaxRate_val_6471,Date_val_6471
6472,Matrix Precision Engineering,VoucherNo_val_6472,Amount_val_6472,TaxRate_val_6472,Date_val_6472
6473,Matrix Precision Engineering,VoucherNo_val_6473,Amount_val_6473,TaxRate_val_6473,Date_val_6473
6474,Matrix Precision Engineering,VoucherNo_val_6474,Amount_val_6474,TaxRate_val_6474,Date_val_6474
6475,Matrix Precision Engineering,VoucherNo_val_6475,Amount_val_6475,TaxRate_val_6475,Date_val_6475
6476,Matrix Precision Engineering,VoucherNo_val_6476,Amount_val_6476,TaxRate_val_6476,Date_val_6476
6477,Matrix Precision Engineering,VoucherNo_val_6477,Amount_val_6477,TaxRate_val_6477,Date_val_6477
6478,Matrix Precision Engineering,VoucherNo_val_6478,Amount_val_6478,TaxRate_val_6478,Date_val_6478
6479,Matrix Precision Engineering,VoucherNo_val_6479,Amount_val_6479,TaxRate_val_6479,Date_val_6479
6480,Matrix Precision Engineering,VoucherNo_val_6480,Amount_val_6480,TaxRate_val_6480,Date_val_6480
6481,Matrix Precision Engineering,VoucherNo_val_6481,Amount_val_6481,TaxRate_val_6481,Date_val_6481
6482,Matrix Precision Engineering,VoucherNo_val_6482,Amount_val_6482,TaxRate_val_6482,Date_val_6482
6483,Matrix Precision Engineering,VoucherNo_val_6483,Amount_val_6483,TaxRate_val_6483,Date_val_6483
6484,Matrix Precision Engineering,VoucherNo_val_6484,Amount_val_6484,TaxRate_val_6484,Date_val_6484
6485,Matrix Precision Engineering,VoucherNo_val_6485,Amount_val_6485,TaxRate_val_6485,Date_val_6485
6486,Matrix Precision Engineering,VoucherNo_val_6486,Amount_val_6486,TaxRate_val_6486,Date_val_6486
6487,Matrix Precision Engineering,VoucherNo_val_6487,Amount_val_6487,TaxRate_val_6487,Date_val_6487
6488,Matrix Precision Engineering,VoucherNo_val_6488,Amount_val_6488,TaxRate_val_6488,Date_val_6488
6489,Matrix Precision Engineering,VoucherNo_val_6489,Amount_val_6489,TaxRate_val_6489,Date_val_6489
6490,Matrix Precision Engineering,VoucherNo_val_6490,Amount_val_6490,TaxRate_val_6490,Date_val_6490
6491,Matrix Precision Engineering,VoucherNo_val_6491,Amount_val_6491,TaxRate_val_6491,Date_val_6491
6492,Matrix Precision Engineering,VoucherNo_val_6492,Amount_val_6492,TaxRate_val_6492,Date_val_6492
6493,Matrix Precision Engineering,VoucherNo_val_6493,Amount_val_6493,TaxRate_val_6493,Date_val_6493
6494,Matrix Precision Engineering,VoucherNo_val_6494,Amount_val_6494,TaxRate_val_6494,Date_val_6494
6495,Matrix Precision Engineering,VoucherNo_val_6495,Amount_val_6495,TaxRate_val_6495,Date_val_6495
6496,Matrix Precision Engineering,VoucherNo_val_6496,Amount_val_6496,TaxRate_val_6496,Date_val_6496
6497,Matrix Precision Engineering,VoucherNo_val_6497,Amount_val_6497,TaxRate_val_6497,Date_val_6497
6498,Matrix Precision Engineering,VoucherNo_val_6498,Amount_val_6498,TaxRate_val_6498,Date_val_6498
6499,Matrix Precision Engineering,VoucherNo_val_6499,Amount_val_6499,TaxRate_val_6499,Date_val_6499
6500,Matrix Precision Engineering,VoucherNo_val_6500,Amount_val_6500,TaxRate_val_6500,Date_val_6500
6501,Matrix Precision Engineering,VoucherNo_val_6501,Amount_val_6501,TaxRate_val_6501,Date_val_6501
6502,Matrix Precision Engineering,VoucherNo_val_6502,Amount_val_6502,TaxRate_val_6502,Date_val_6502
6503,Matrix Precision Engineering,VoucherNo_val_6503,Amount_val_6503,TaxRate_val_6503,Date_val_6503
6504,Matrix Precision Engineering,VoucherNo_val_6504,Amount_val_6504,TaxRate_val_6504,Date_val_6504
6505,Matrix Precision Engineering,VoucherNo_val_6505,Amount_val_6505,TaxRate_val_6505,Date_val_6505
6506,Matrix Precision Engineering,VoucherNo_val_6506,Amount_val_6506,TaxRate_val_6506,Date_val_6506
6507,Matrix Precision Engineering,VoucherNo_val_6507,Amount_val_6507,TaxRate_val_6507,Date_val_6507
6508,Matrix Precision Engineering,VoucherNo_val_6508,Amount_val_6508,TaxRate_val_6508,Date_val_6508
6509,Matrix Precision Engineering,VoucherNo_val_6509,Amount_val_6509,TaxRate_val_6509,Date_val_6509
6510,Matrix Precision Engineering,VoucherNo_val_6510,Amount_val_6510,TaxRate_val_6510,Date_val_6510
6511,Matrix Precision Engineering,VoucherNo_val_6511,Amount_val_6511,TaxRate_val_6511,Date_val_6511
6512,Matrix Precision Engineering,VoucherNo_val_6512,Amount_val_6512,TaxRate_val_6512,Date_val_6512
6513,Matrix Precision Engineering,VoucherNo_val_6513,Amount_val_6513,TaxRate_val_6513,Date_val_6513
6514,Matrix Precision Engineering,VoucherNo_val_6514,Amount_val_6514,TaxRate_val_6514,Date_val_6514
6515,Matrix Precision Engineering,VoucherNo_val_6515,Amount_val_6515,TaxRate_val_6515,Date_val_6515
6516,Matrix Precision Engineering,VoucherNo_val_6516,Amount_val_6516,TaxRate_val_6516,Date_val_6516
6517,Matrix Precision Engineering,VoucherNo_val_6517,Amount_val_6517,TaxRate_val_6517,Date_val_6517
6518,Matrix Precision Engineering,VoucherNo_val_6518,Amount_val_6518,TaxRate_val_6518,Date_val_6518
6519,Matrix Precision Engineering,VoucherNo_val_6519,Amount_val_6519,TaxRate_val_6519,Date_val_6519
6520,Matrix Precision Engineering,VoucherNo_val_6520,Amount_val_6520,TaxRate_val_6520,Date_val_6520
6521,Matrix Precision Engineering,VoucherNo_val_6521,Amount_val_6521,TaxRate_val_6521,Date_val_6521
6522,Matrix Precision Engineering,VoucherNo_val_6522,Amount_val_6522,TaxRate_val_6522,Date_val_6522
6523,Matrix Precision Engineering,VoucherNo_val_6523,Amount_val_6523,TaxRate_val_6523,Date_val_6523
6524,Matrix Precision Engineering,VoucherNo_val_6524,Amount_val_6524,TaxRate_val_6524,Date_val_6524
6525,Matrix Precision Engineering,VoucherNo_val_6525,Amount_val_6525,TaxRate_val_6525,Date_val_6525
6526,Matrix Precision Engineering,VoucherNo_val_6526,Amount_val_6526,TaxRate_val_6526,Date_val_6526
6527,Matrix Precision Engineering,VoucherNo_val_6527,Amount_val_6527,TaxRate_val_6527,Date_val_6527
6528,Matrix Precision Engineering,VoucherNo_val_6528,Amount_val_6528,TaxRate_val_6528,Date_val_6528
6529,Matrix Precision Engineering,VoucherNo_val_6529,Amount_val_6529,TaxRate_val_6529,Date_val_6529
6530,Matrix Precision Engineering,VoucherNo_val_6530,Amount_val_6530,TaxRate_val_6530,Date_val_6530
6531,Matrix Precision Engineering,VoucherNo_val_6531,Amount_val_6531,TaxRate_val_6531,Date_val_6531
6532,Matrix Precision Engineering,VoucherNo_val_6532,Amount_val_6532,TaxRate_val_6532,Date_val_6532
6533,Matrix Precision Engineering,VoucherNo_val_6533,Amount_val_6533,TaxRate_val_6533,Date_val_6533
6534,Matrix Precision Engineering,VoucherNo_val_6534,Amount_val_6534,TaxRate_val_6534,Date_val_6534
6535,Matrix Precision Engineering,VoucherNo_val_6535,Amount_val_6535,TaxRate_val_6535,Date_val_6535
6536,Matrix Precision Engineering,VoucherNo_val_6536,Amount_val_6536,TaxRate_val_6536,Date_val_6536
6537,Matrix Precision Engineering,VoucherNo_val_6537,Amount_val_6537,TaxRate_val_6537,Date_val_6537
6538,Matrix Precision Engineering,VoucherNo_val_6538,Amount_val_6538,TaxRate_val_6538,Date_val_6538
6539,Matrix Precision Engineering,VoucherNo_val_6539,Amount_val_6539,TaxRate_val_6539,Date_val_6539
6540,Matrix Precision Engineering,VoucherNo_val_6540,Amount_val_6540,TaxRate_val_6540,Date_val_6540
6541,Matrix Precision Engineering,VoucherNo_val_6541,Amount_val_6541,TaxRate_val_6541,Date_val_6541
6542,Matrix Precision Engineering,VoucherNo_val_6542,Amount_val_6542,TaxRate_val_6542,Date_val_6542
6543,Matrix Precision Engineering,VoucherNo_val_6543,Amount_val_6543,TaxRate_val_6543,Date_val_6543
6544,Matrix Precision Engineering,VoucherNo_val_6544,Amount_val_6544,TaxRate_val_6544,Date_val_6544
6545,Matrix Precision Engineering,VoucherNo_val_6545,Amount_val_6545,TaxRate_val_6545,Date_val_6545
6546,Matrix Precision Engineering,VoucherNo_val_6546,Amount_val_6546,TaxRate_val_6546,Date_val_6546
6547,Matrix Precision Engineering,VoucherNo_val_6547,Amount_val_6547,TaxRate_val_6547,Date_val_6547
6548,Matrix Precision Engineering,VoucherNo_val_6548,Amount_val_6548,TaxRate_val_6548,Date_val_6548
6549,Matrix Precision Engineering,VoucherNo_val_6549,Amount_val_6549,TaxRate_val_6549,Date_val_6549
6550,Matrix Precision Engineering,VoucherNo_val_6550,Amount_val_6550,TaxRate_val_6550,Date_val_6550
6551,Matrix Precision Engineering,VoucherNo_val_6551,Amount_val_6551,TaxRate_val_6551,Date_val_6551
6552,Matrix Precision Engineering,VoucherNo_val_6552,Amount_val_6552,TaxRate_val_6552,Date_val_6552
6553,Matrix Precision Engineering,VoucherNo_val_6553,Amount_val_6553,TaxRate_val_6553,Date_val_6553
6554,Matrix Precision Engineering,VoucherNo_val_6554,Amount_val_6554,TaxRate_val_6554,Date_val_6554
6555,Matrix Precision Engineering,VoucherNo_val_6555,Amount_val_6555,TaxRate_val_6555,Date_val_6555
6556,Matrix Precision Engineering,VoucherNo_val_6556,Amount_val_6556,TaxRate_val_6556,Date_val_6556
6557,Matrix Precision Engineering,VoucherNo_val_6557,Amount_val_6557,TaxRate_val_6557,Date_val_6557
6558,Matrix Precision Engineering,VoucherNo_val_6558,Amount_val_6558,TaxRate_val_6558,Date_val_6558
6559,Matrix Precision Engineering,VoucherNo_val_6559,Amount_val_6559,TaxRate_val_6559,Date_val_6559
6560,Matrix Precision Engineering,VoucherNo_val_6560,Amount_val_6560,TaxRate_val_6560,Date_val_6560
6561,Matrix Precision Engineering,VoucherNo_val_6561,Amount_val_6561,TaxRate_val_6561,Date_val_6561
6562,Matrix Precision Engineering,VoucherNo_val_6562,Amount_val_6562,TaxRate_val_6562,Date_val_6562
6563,Matrix Precision Engineering,VoucherNo_val_6563,Amount_val_6563,TaxRate_val_6563,Date_val_6563
6564,Matrix Precision Engineering,VoucherNo_val_6564,Amount_val_6564,TaxRate_val_6564,Date_val_6564
6565,Matrix Precision Engineering,VoucherNo_val_6565,Amount_val_6565,TaxRate_val_6565,Date_val_6565
6566,Matrix Precision Engineering,VoucherNo_val_6566,Amount_val_6566,TaxRate_val_6566,Date_val_6566
6567,Matrix Precision Engineering,VoucherNo_val_6567,Amount_val_6567,TaxRate_val_6567,Date_val_6567
6568,Matrix Precision Engineering,VoucherNo_val_6568,Amount_val_6568,TaxRate_val_6568,Date_val_6568
6569,Matrix Precision Engineering,VoucherNo_val_6569,Amount_val_6569,TaxRate_val_6569,Date_val_6569
6570,Matrix Precision Engineering,VoucherNo_val_6570,Amount_val_6570,TaxRate_val_6570,Date_val_6570
6571,Matrix Precision Engineering,VoucherNo_val_6571,Amount_val_6571,TaxRate_val_6571,Date_val_6571
6572,Matrix Precision Engineering,VoucherNo_val_6572,Amount_val_6572,TaxRate_val_6572,Date_val_6572
6573,Matrix Precision Engineering,VoucherNo_val_6573,Amount_val_6573,TaxRate_val_6573,Date_val_6573
6574,Matrix Precision Engineering,VoucherNo_val_6574,Amount_val_6574,TaxRate_val_6574,Date_val_6574
6575,Matrix Precision Engineering,VoucherNo_val_6575,Amount_val_6575,TaxRate_val_6575,Date_val_6575
6576,Matrix Precision Engineering,VoucherNo_val_6576,Amount_val_6576,TaxRate_val_6576,Date_val_6576
6577,Matrix Precision Engineering,VoucherNo_val_6577,Amount_val_6577,TaxRate_val_6577,Date_val_6577
6578,Matrix Precision Engineering,VoucherNo_val_6578,Amount_val_6578,TaxRate_val_6578,Date_val_6578
6579,Matrix Precision Engineering,VoucherNo_val_6579,Amount_val_6579,TaxRate_val_6579,Date_val_6579
6580,Matrix Precision Engineering,VoucherNo_val_6580,Amount_val_6580,TaxRate_val_6580,Date_val_6580
6581,Matrix Precision Engineering,VoucherNo_val_6581,Amount_val_6581,TaxRate_val_6581,Date_val_6581
6582,Matrix Precision Engineering,VoucherNo_val_6582,Amount_val_6582,TaxRate_val_6582,Date_val_6582
6583,Matrix Precision Engineering,VoucherNo_val_6583,Amount_val_6583,TaxRate_val_6583,Date_val_6583
6584,Matrix Precision Engineering,VoucherNo_val_6584,Amount_val_6584,TaxRate_val_6584,Date_val_6584
6585,Matrix Precision Engineering,VoucherNo_val_6585,Amount_val_6585,TaxRate_val_6585,Date_val_6585
6586,Matrix Precision Engineering,VoucherNo_val_6586,Amount_val_6586,TaxRate_val_6586,Date_val_6586
6587,Matrix Precision Engineering,VoucherNo_val_6587,Amount_val_6587,TaxRate_val_6587,Date_val_6587
6588,Matrix Precision Engineering,VoucherNo_val_6588,Amount_val_6588,TaxRate_val_6588,Date_val_6588
6589,Matrix Precision Engineering,VoucherNo_val_6589,Amount_val_6589,TaxRate_val_6589,Date_val_6589
6590,Matrix Precision Engineering,VoucherNo_val_6590,Amount_val_6590,TaxRate_val_6590,Date_val_6590
6591,Matrix Precision Engineering,VoucherNo_val_6591,Amount_val_6591,TaxRate_val_6591,Date_val_6591
6592,Matrix Precision Engineering,VoucherNo_val_6592,Amount_val_6592,TaxRate_val_6592,Date_val_6592
6593,Matrix Precision Engineering,VoucherNo_val_6593,Amount_val_6593,TaxRate_val_6593,Date_val_6593
6594,Matrix Precision Engineering,VoucherNo_val_6594,Amount_val_6594,TaxRate_val_6594,Date_val_6594
6595,Matrix Precision Engineering,VoucherNo_val_6595,Amount_val_6595,TaxRate_val_6595,Date_val_6595
6596,Matrix Precision Engineering,VoucherNo_val_6596,Amount_val_6596,TaxRate_val_6596,Date_val_6596
6597,Matrix Precision Engineering,VoucherNo_val_6597,Amount_val_6597,TaxRate_val_6597,Date_val_6597
6598,Matrix Precision Engineering,VoucherNo_val_6598,Amount_val_6598,TaxRate_val_6598,Date_val_6598
6599,Matrix Precision Engineering,VoucherNo_val_6599,Amount_val_6599,TaxRate_val_6599,Date_val_6599
6600,Matrix Precision Engineering,VoucherNo_val_6600,Amount_val_6600,TaxRate_val_6600,Date_val_6600
6601,Matrix Precision Engineering,VoucherNo_val_6601,Amount_val_6601,TaxRate_val_6601,Date_val_6601
6602,Matrix Precision Engineering,VoucherNo_val_6602,Amount_val_6602,TaxRate_val_6602,Date_val_6602
6603,Matrix Precision Engineering,VoucherNo_val_6603,Amount_val_6603,TaxRate_val_6603,Date_val_6603
6604,Matrix Precision Engineering,VoucherNo_val_6604,Amount_val_6604,TaxRate_val_6604,Date_val_6604
6605,Matrix Precision Engineering,VoucherNo_val_6605,Amount_val_6605,TaxRate_val_6605,Date_val_6605
6606,Matrix Precision Engineering,VoucherNo_val_6606,Amount_val_6606,TaxRate_val_6606,Date_val_6606
6607,Matrix Precision Engineering,VoucherNo_val_6607,Amount_val_6607,TaxRate_val_6607,Date_val_6607
6608,Matrix Precision Engineering,VoucherNo_val_6608,Amount_val_6608,TaxRate_val_6608,Date_val_6608
6609,Matrix Precision Engineering,VoucherNo_val_6609,Amount_val_6609,TaxRate_val_6609,Date_val_6609
6610,Matrix Precision Engineering,VoucherNo_val_6610,Amount_val_6610,TaxRate_val_6610,Date_val_6610
6611,Matrix Precision Engineering,VoucherNo_val_6611,Amount_val_6611,TaxRate_val_6611,Date_val_6611
6612,Matrix Precision Engineering,VoucherNo_val_6612,Amount_val_6612,TaxRate_val_6612,Date_val_6612
6613,Matrix Precision Engineering,VoucherNo_val_6613,Amount_val_6613,TaxRate_val_6613,Date_val_6613
6614,Matrix Precision Engineering,VoucherNo_val_6614,Amount_val_6614,TaxRate_val_6614,Date_val_6614
6615,Matrix Precision Engineering,VoucherNo_val_6615,Amount_val_6615,TaxRate_val_6615,Date_val_6615
6616,Matrix Precision Engineering,VoucherNo_val_6616,Amount_val_6616,TaxRate_val_6616,Date_val_6616
6617,Matrix Precision Engineering,VoucherNo_val_6617,Amount_val_6617,TaxRate_val_6617,Date_val_6617
6618,Matrix Precision Engineering,VoucherNo_val_6618,Amount_val_6618,TaxRate_val_6618,Date_val_6618
6619,Matrix Precision Engineering,VoucherNo_val_6619,Amount_val_6619,TaxRate_val_6619,Date_val_6619
6620,Matrix Precision Engineering,VoucherNo_val_6620,Amount_val_6620,TaxRate_val_6620,Date_val_6620
6621,Matrix Precision Engineering,VoucherNo_val_6621,Amount_val_6621,TaxRate_val_6621,Date_val_6621
6622,Matrix Precision Engineering,VoucherNo_val_6622,Amount_val_6622,TaxRate_val_6622,Date_val_6622
6623,Matrix Precision Engineering,VoucherNo_val_6623,Amount_val_6623,TaxRate_val_6623,Date_val_6623
6624,Matrix Precision Engineering,VoucherNo_val_6624,Amount_val_6624,TaxRate_val_6624,Date_val_6624
6625,Matrix Precision Engineering,VoucherNo_val_6625,Amount_val_6625,TaxRate_val_6625,Date_val_6625
6626,Matrix Precision Engineering,VoucherNo_val_6626,Amount_val_6626,TaxRate_val_6626,Date_val_6626
6627,Matrix Precision Engineering,VoucherNo_val_6627,Amount_val_6627,TaxRate_val_6627,Date_val_6627
6628,Matrix Precision Engineering,VoucherNo_val_6628,Amount_val_6628,TaxRate_val_6628,Date_val_6628
6629,Matrix Precision Engineering,VoucherNo_val_6629,Amount_val_6629,TaxRate_val_6629,Date_val_6629
6630,Matrix Precision Engineering,VoucherNo_val_6630,Amount_val_6630,TaxRate_val_6630,Date_val_6630
6631,Matrix Precision Engineering,VoucherNo_val_6631,Amount_val_6631,TaxRate_val_6631,Date_val_6631
6632,Matrix Precision Engineering,VoucherNo_val_6632,Amount_val_6632,TaxRate_val_6632,Date_val_6632
6633,Matrix Precision Engineering,VoucherNo_val_6633,Amount_val_6633,TaxRate_val_6633,Date_val_6633
6634,Matrix Precision Engineering,VoucherNo_val_6634,Amount_val_6634,TaxRate_val_6634,Date_val_6634
6635,Matrix Precision Engineering,VoucherNo_val_6635,Amount_val_6635,TaxRate_val_6635,Date_val_6635
6636,Matrix Precision Engineering,VoucherNo_val_6636,Amount_val_6636,TaxRate_val_6636,Date_val_6636
6637,Matrix Precision Engineering,VoucherNo_val_6637,Amount_val_6637,TaxRate_val_6637,Date_val_6637
6638,Matrix Precision Engineering,VoucherNo_val_6638,Amount_val_6638,TaxRate_val_6638,Date_val_6638
6639,Matrix Precision Engineering,VoucherNo_val_6639,Amount_val_6639,TaxRate_val_6639,Date_val_6639
6640,Matrix Precision Engineering,VoucherNo_val_6640,Amount_val_6640,TaxRate_val_6640,Date_val_6640
6641,Matrix Precision Engineering,VoucherNo_val_6641,Amount_val_6641,TaxRate_val_6641,Date_val_6641
6642,Matrix Precision Engineering,VoucherNo_val_6642,Amount_val_6642,TaxRate_val_6642,Date_val_6642
6643,Matrix Precision Engineering,VoucherNo_val_6643,Amount_val_6643,TaxRate_val_6643,Date_val_6643
6644,Matrix Precision Engineering,VoucherNo_val_6644,Amount_val_6644,TaxRate_val_6644,Date_val_6644
6645,Matrix Precision Engineering,VoucherNo_val_6645,Amount_val_6645,TaxRate_val_6645,Date_val_6645
6646,Matrix Precision Engineering,VoucherNo_val_6646,Amount_val_6646,TaxRate_val_6646,Date_val_6646
6647,Matrix Precision Engineering,VoucherNo_val_6647,Amount_val_6647,TaxRate_val_6647,Date_val_6647
6648,Matrix Precision Engineering,VoucherNo_val_6648,Amount_val_6648,TaxRate_val_6648,Date_val_6648
6649,Matrix Precision Engineering,VoucherNo_val_6649,Amount_val_6649,TaxRate_val_6649,Date_val_6649
6650,Matrix Precision Engineering,VoucherNo_val_6650,Amount_val_6650,TaxRate_val_6650,Date_val_6650
6651,Matrix Precision Engineering,VoucherNo_val_6651,Amount_val_6651,TaxRate_val_6651,Date_val_6651
6652,Matrix Precision Engineering,VoucherNo_val_6652,Amount_val_6652,TaxRate_val_6652,Date_val_6652
6653,Matrix Precision Engineering,VoucherNo_val_6653,Amount_val_6653,TaxRate_val_6653,Date_val_6653
6654,Matrix Precision Engineering,VoucherNo_val_6654,Amount_val_6654,TaxRate_val_6654,Date_val_6654
6655,Matrix Precision Engineering,VoucherNo_val_6655,Amount_val_6655,TaxRate_val_6655,Date_val_6655
6656,Matrix Precision Engineering,VoucherNo_val_6656,Amount_val_6656,TaxRate_val_6656,Date_val_6656
6657,Matrix Precision Engineering,VoucherNo_val_6657,Amount_val_6657,TaxRate_val_6657,Date_val_6657
6658,Matrix Precision Engineering,VoucherNo_val_6658,Amount_val_6658,TaxRate_val_6658,Date_val_6658
6659,Matrix Precision Engineering,VoucherNo_val_6659,Amount_val_6659,TaxRate_val_6659,Date_val_6659
6660,Matrix Precision Engineering,VoucherNo_val_6660,Amount_val_6660,TaxRate_val_6660,Date_val_6660
6661,Matrix Precision Engineering,VoucherNo_val_6661,Amount_val_6661,TaxRate_val_6661,Date_val_6661
6662,Matrix Precision Engineering,VoucherNo_val_6662,Amount_val_6662,TaxRate_val_6662,Date_val_6662
6663,Matrix Precision Engineering,VoucherNo_val_6663,Amount_val_6663,TaxRate_val_6663,Date_val_6663
6664,Matrix Precision Engineering,VoucherNo_val_6664,Amount_val_6664,TaxRate_val_6664,Date_val_6664
6665,Matrix Precision Engineering,VoucherNo_val_6665,Amount_val_6665,TaxRate_val_6665,Date_val_6665
6666,Matrix Precision Engineering,VoucherNo_val_6666,Amount_val_6666,TaxRate_val_6666,Date_val_6666
6667,Matrix Precision Engineering,VoucherNo_val_6667,Amount_val_6667,TaxRate_val_6667,Date_val_6667
6668,Matrix Precision Engineering,VoucherNo_val_6668,Amount_val_6668,TaxRate_val_6668,Date_val_6668
6669,Matrix Precision Engineering,VoucherNo_val_6669,Amount_val_6669,TaxRate_val_6669,Date_val_6669
6670,Matrix Precision Engineering,VoucherNo_val_6670,Amount_val_6670,TaxRate_val_6670,Date_val_6670
6671,Matrix Precision Engineering,VoucherNo_val_6671,Amount_val_6671,TaxRate_val_6671,Date_val_6671
6672,Matrix Precision Engineering,VoucherNo_val_6672,Amount_val_6672,TaxRate_val_6672,Date_val_6672
6673,Matrix Precision Engineering,VoucherNo_val_6673,Amount_val_6673,TaxRate_val_6673,Date_val_6673
6674,Matrix Precision Engineering,VoucherNo_val_6674,Amount_val_6674,TaxRate_val_6674,Date_val_6674
6675,Matrix Precision Engineering,VoucherNo_val_6675,Amount_val_6675,TaxRate_val_6675,Date_val_6675
6676,Matrix Precision Engineering,VoucherNo_val_6676,Amount_val_6676,TaxRate_val_6676,Date_val_6676
6677,Matrix Precision Engineering,VoucherNo_val_6677,Amount_val_6677,TaxRate_val_6677,Date_val_6677
6678,Matrix Precision Engineering,VoucherNo_val_6678,Amount_val_6678,TaxRate_val_6678,Date_val_6678
6679,Matrix Precision Engineering,VoucherNo_val_6679,Amount_val_6679,TaxRate_val_6679,Date_val_6679
6680,Matrix Precision Engineering,VoucherNo_val_6680,Amount_val_6680,TaxRate_val_6680,Date_val_6680
6681,Matrix Precision Engineering,VoucherNo_val_6681,Amount_val_6681,TaxRate_val_6681,Date_val_6681
6682,Matrix Precision Engineering,VoucherNo_val_6682,Amount_val_6682,TaxRate_val_6682,Date_val_6682
6683,Matrix Precision Engineering,VoucherNo_val_6683,Amount_val_6683,TaxRate_val_6683,Date_val_6683
6684,Matrix Precision Engineering,VoucherNo_val_6684,Amount_val_6684,TaxRate_val_6684,Date_val_6684
6685,Matrix Precision Engineering,VoucherNo_val_6685,Amount_val_6685,TaxRate_val_6685,Date_val_6685
6686,Matrix Precision Engineering,VoucherNo_val_6686,Amount_val_6686,TaxRate_val_6686,Date_val_6686
6687,Matrix Precision Engineering,VoucherNo_val_6687,Amount_val_6687,TaxRate_val_6687,Date_val_6687
6688,Matrix Precision Engineering,VoucherNo_val_6688,Amount_val_6688,TaxRate_val_6688,Date_val_6688
6689,Matrix Precision Engineering,VoucherNo_val_6689,Amount_val_6689,TaxRate_val_6689,Date_val_6689
6690,Matrix Precision Engineering,VoucherNo_val_6690,Amount_val_6690,TaxRate_val_6690,Date_val_6690
6691,Matrix Precision Engineering,VoucherNo_val_6691,Amount_val_6691,TaxRate_val_6691,Date_val_6691
6692,Matrix Precision Engineering,VoucherNo_val_6692,Amount_val_6692,TaxRate_val_6692,Date_val_6692
6693,Matrix Precision Engineering,VoucherNo_val_6693,Amount_val_6693,TaxRate_val_6693,Date_val_6693
6694,Matrix Precision Engineering,VoucherNo_val_6694,Amount_val_6694,TaxRate_val_6694,Date_val_6694
6695,Matrix Precision Engineering,VoucherNo_val_6695,Amount_val_6695,TaxRate_val_6695,Date_val_6695
6696,Matrix Precision Engineering,VoucherNo_val_6696,Amount_val_6696,TaxRate_val_6696,Date_val_6696
6697,Matrix Precision Engineering,VoucherNo_val_6697,Amount_val_6697,TaxRate_val_6697,Date_val_6697
6698,Matrix Precision Engineering,VoucherNo_val_6698,Amount_val_6698,TaxRate_val_6698,Date_val_6698
6699,Matrix Precision Engineering,VoucherNo_val_6699,Amount_val_6699,TaxRate_val_6699,Date_val_6699
6700,Matrix Precision Engineering,VoucherNo_val_6700,Amount_val_6700,TaxRate_val_6700,Date_val_6700
6701,Matrix Precision Engineering,VoucherNo_val_6701,Amount_val_6701,TaxRate_val_6701,Date_val_6701
6702,Matrix Precision Engineering,VoucherNo_val_6702,Amount_val_6702,TaxRate_val_6702,Date_val_6702
6703,Matrix Precision Engineering,VoucherNo_val_6703,Amount_val_6703,TaxRate_val_6703,Date_val_6703
6704,Matrix Precision Engineering,VoucherNo_val_6704,Amount_val_6704,TaxRate_val_6704,Date_val_6704
6705,Matrix Precision Engineering,VoucherNo_val_6705,Amount_val_6705,TaxRate_val_6705,Date_val_6705
6706,Matrix Precision Engineering,VoucherNo_val_6706,Amount_val_6706,TaxRate_val_6706,Date_val_6706
6707,Matrix Precision Engineering,VoucherNo_val_6707,Amount_val_6707,TaxRate_val_6707,Date_val_6707
6708,Matrix Precision Engineering,VoucherNo_val_6708,Amount_val_6708,TaxRate_val_6708,Date_val_6708
6709,Matrix Precision Engineering,VoucherNo_val_6709,Amount_val_6709,TaxRate_val_6709,Date_val_6709
6710,Matrix Precision Engineering,VoucherNo_val_6710,Amount_val_6710,TaxRate_val_6710,Date_val_6710
6711,Matrix Precision Engineering,VoucherNo_val_6711,Amount_val_6711,TaxRate_val_6711,Date_val_6711
6712,Matrix Precision Engineering,VoucherNo_val_6712,Amount_val_6712,TaxRate_val_6712,Date_val_6712
6713,Matrix Precision Engineering,VoucherNo_val_6713,Amount_val_6713,TaxRate_val_6713,Date_val_6713
6714,Matrix Precision Engineering,VoucherNo_val_6714,Amount_val_6714,TaxRate_val_6714,Date_val_6714
6715,Matrix Precision Engineering,VoucherNo_val_6715,Amount_val_6715,TaxRate_val_6715,Date_val_6715
6716,Matrix Precision Engineering,VoucherNo_val_6716,Amount_val_6716,TaxRate_val_6716,Date_val_6716
6717,Matrix Precision Engineering,VoucherNo_val_6717,Amount_val_6717,TaxRate_val_6717,Date_val_6717
6718,Matrix Precision Engineering,VoucherNo_val_6718,Amount_val_6718,TaxRate_val_6718,Date_val_6718
6719,Matrix Precision Engineering,VoucherNo_val_6719,Amount_val_6719,TaxRate_val_6719,Date_val_6719
6720,Matrix Precision Engineering,VoucherNo_val_6720,Amount_val_6720,TaxRate_val_6720,Date_val_6720
6721,Matrix Precision Engineering,VoucherNo_val_6721,Amount_val_6721,TaxRate_val_6721,Date_val_6721
6722,Matrix Precision Engineering,VoucherNo_val_6722,Amount_val_6722,TaxRate_val_6722,Date_val_6722
6723,Matrix Precision Engineering,VoucherNo_val_6723,Amount_val_6723,TaxRate_val_6723,Date_val_6723
6724,Matrix Precision Engineering,VoucherNo_val_6724,Amount_val_6724,TaxRate_val_6724,Date_val_6724
6725,Matrix Precision Engineering,VoucherNo_val_6725,Amount_val_6725,TaxRate_val_6725,Date_val_6725
6726,Matrix Precision Engineering,VoucherNo_val_6726,Amount_val_6726,TaxRate_val_6726,Date_val_6726
6727,Matrix Precision Engineering,VoucherNo_val_6727,Amount_val_6727,TaxRate_val_6727,Date_val_6727
6728,Matrix Precision Engineering,VoucherNo_val_6728,Amount_val_6728,TaxRate_val_6728,Date_val_6728
6729,Matrix Precision Engineering,VoucherNo_val_6729,Amount_val_6729,TaxRate_val_6729,Date_val_6729
6730,Matrix Precision Engineering,VoucherNo_val_6730,Amount_val_6730,TaxRate_val_6730,Date_val_6730
6731,Matrix Precision Engineering,VoucherNo_val_6731,Amount_val_6731,TaxRate_val_6731,Date_val_6731
6732,Matrix Precision Engineering,VoucherNo_val_6732,Amount_val_6732,TaxRate_val_6732,Date_val_6732
6733,Matrix Precision Engineering,VoucherNo_val_6733,Amount_val_6733,TaxRate_val_6733,Date_val_6733
6734,Matrix Precision Engineering,VoucherNo_val_6734,Amount_val_6734,TaxRate_val_6734,Date_val_6734
6735,Matrix Precision Engineering,VoucherNo_val_6735,Amount_val_6735,TaxRate_val_6735,Date_val_6735
6736,Matrix Precision Engineering,VoucherNo_val_6736,Amount_val_6736,TaxRate_val_6736,Date_val_6736
6737,Matrix Precision Engineering,VoucherNo_val_6737,Amount_val_6737,TaxRate_val_6737,Date_val_6737
6738,Matrix Precision Engineering,VoucherNo_val_6738,Amount_val_6738,TaxRate_val_6738,Date_val_6738
6739,Matrix Precision Engineering,VoucherNo_val_6739,Amount_val_6739,TaxRate_val_6739,Date_val_6739
6740,Matrix Precision Engineering,VoucherNo_val_6740,Amount_val_6740,TaxRate_val_6740,Date_val_6740
6741,Matrix Precision Engineering,VoucherNo_val_6741,Amount_val_6741,TaxRate_val_6741,Date_val_6741
6742,Matrix Precision Engineering,VoucherNo_val_6742,Amount_val_6742,TaxRate_val_6742,Date_val_6742
6743,Matrix Precision Engineering,VoucherNo_val_6743,Amount_val_6743,TaxRate_val_6743,Date_val_6743
6744,Matrix Precision Engineering,VoucherNo_val_6744,Amount_val_6744,TaxRate_val_6744,Date_val_6744
6745,Matrix Precision Engineering,VoucherNo_val_6745,Amount_val_6745,TaxRate_val_6745,Date_val_6745
6746,Matrix Precision Engineering,VoucherNo_val_6746,Amount_val_6746,TaxRate_val_6746,Date_val_6746
6747,Matrix Precision Engineering,VoucherNo_val_6747,Amount_val_6747,TaxRate_val_6747,Date_val_6747
6748,Matrix Precision Engineering,VoucherNo_val_6748,Amount_val_6748,TaxRate_val_6748,Date_val_6748
6749,Matrix Precision Engineering,VoucherNo_val_6749,Amount_val_6749,TaxRate_val_6749,Date_val_6749
6750,Matrix Precision Engineering,VoucherNo_val_6750,Amount_val_6750,TaxRate_val_6750,Date_val_6750
6751,Matrix Precision Engineering,VoucherNo_val_6751,Amount_val_6751,TaxRate_val_6751,Date_val_6751
6752,Matrix Precision Engineering,VoucherNo_val_6752,Amount_val_6752,TaxRate_val_6752,Date_val_6752
6753,Matrix Precision Engineering,VoucherNo_val_6753,Amount_val_6753,TaxRate_val_6753,Date_val_6753
6754,Matrix Precision Engineering,VoucherNo_val_6754,Amount_val_6754,TaxRate_val_6754,Date_val_6754
6755,Matrix Precision Engineering,VoucherNo_val_6755,Amount_val_6755,TaxRate_val_6755,Date_val_6755
6756,Matrix Precision Engineering,VoucherNo_val_6756,Amount_val_6756,TaxRate_val_6756,Date_val_6756
6757,Matrix Precision Engineering,VoucherNo_val_6757,Amount_val_6757,TaxRate_val_6757,Date_val_6757
6758,Matrix Precision Engineering,VoucherNo_val_6758,Amount_val_6758,TaxRate_val_6758,Date_val_6758
6759,Matrix Precision Engineering,VoucherNo_val_6759,Amount_val_6759,TaxRate_val_6759,Date_val_6759
6760,Matrix Precision Engineering,VoucherNo_val_6760,Amount_val_6760,TaxRate_val_6760,Date_val_6760
6761,Matrix Precision Engineering,VoucherNo_val_6761,Amount_val_6761,TaxRate_val_6761,Date_val_6761
6762,Matrix Precision Engineering,VoucherNo_val_6762,Amount_val_6762,TaxRate_val_6762,Date_val_6762
6763,Matrix Precision Engineering,VoucherNo_val_6763,Amount_val_6763,TaxRate_val_6763,Date_val_6763
6764,Matrix Precision Engineering,VoucherNo_val_6764,Amount_val_6764,TaxRate_val_6764,Date_val_6764
6765,Matrix Precision Engineering,VoucherNo_val_6765,Amount_val_6765,TaxRate_val_6765,Date_val_6765
6766,Matrix Precision Engineering,VoucherNo_val_6766,Amount_val_6766,TaxRate_val_6766,Date_val_6766
6767,Matrix Precision Engineering,VoucherNo_val_6767,Amount_val_6767,TaxRate_val_6767,Date_val_6767
6768,Matrix Precision Engineering,VoucherNo_val_6768,Amount_val_6768,TaxRate_val_6768,Date_val_6768
6769,Matrix Precision Engineering,VoucherNo_val_6769,Amount_val_6769,TaxRate_val_6769,Date_val_6769
6770,Matrix Precision Engineering,VoucherNo_val_6770,Amount_val_6770,TaxRate_val_6770,Date_val_6770
6771,Matrix Precision Engineering,VoucherNo_val_6771,Amount_val_6771,TaxRate_val_6771,Date_val_6771
6772,Matrix Precision Engineering,VoucherNo_val_6772,Amount_val_6772,TaxRate_val_6772,Date_val_6772
6773,Matrix Precision Engineering,VoucherNo_val_6773,Amount_val_6773,TaxRate_val_6773,Date_val_6773
6774,Matrix Precision Engineering,VoucherNo_val_6774,Amount_val_6774,TaxRate_val_6774,Date_val_6774
6775,Matrix Precision Engineering,VoucherNo_val_6775,Amount_val_6775,TaxRate_val_6775,Date_val_6775
6776,Matrix Precision Engineering,VoucherNo_val_6776,Amount_val_6776,TaxRate_val_6776,Date_val_6776
6777,Matrix Precision Engineering,VoucherNo_val_6777,Amount_val_6777,TaxRate_val_6777,Date_val_6777
6778,Matrix Precision Engineering,VoucherNo_val_6778,Amount_val_6778,TaxRate_val_6778,Date_val_6778
6779,Matrix Precision Engineering,VoucherNo_val_6779,Amount_val_6779,TaxRate_val_6779,Date_val_6779
6780,Matrix Precision Engineering,VoucherNo_val_6780,Amount_val_6780,TaxRate_val_6780,Date_val_6780
6781,Matrix Precision Engineering,VoucherNo_val_6781,Amount_val_6781,TaxRate_val_6781,Date_val_6781
6782,Matrix Precision Engineering,VoucherNo_val_6782,Amount_val_6782,TaxRate_val_6782,Date_val_6782
6783,Matrix Precision Engineering,VoucherNo_val_6783,Amount_val_6783,TaxRate_val_6783,Date_val_6783
6784,Matrix Precision Engineering,VoucherNo_val_6784,Amount_val_6784,TaxRate_val_6784,Date_val_6784
6785,Matrix Precision Engineering,VoucherNo_val_6785,Amount_val_6785,TaxRate_val_6785,Date_val_6785
6786,Matrix Precision Engineering,VoucherNo_val_6786,Amount_val_6786,TaxRate_val_6786,Date_val_6786
6787,Matrix Precision Engineering,VoucherNo_val_6787,Amount_val_6787,TaxRate_val_6787,Date_val_6787
6788,Matrix Precision Engineering,VoucherNo_val_6788,Amount_val_6788,TaxRate_val_6788,Date_val_6788
6789,Matrix Precision Engineering,VoucherNo_val_6789,Amount_val_6789,TaxRate_val_6789,Date_val_6789
6790,Matrix Precision Engineering,VoucherNo_val_6790,Amount_val_6790,TaxRate_val_6790,Date_val_6790
6791,Matrix Precision Engineering,VoucherNo_val_6791,Amount_val_6791,TaxRate_val_6791,Date_val_6791
6792,Matrix Precision Engineering,VoucherNo_val_6792,Amount_val_6792,TaxRate_val_6792,Date_val_6792
6793,Matrix Precision Engineering,VoucherNo_val_6793,Amount_val_6793,TaxRate_val_6793,Date_val_6793
6794,Matrix Precision Engineering,VoucherNo_val_6794,Amount_val_6794,TaxRate_val_6794,Date_val_6794
6795,Matrix Precision Engineering,VoucherNo_val_6795,Amount_val_6795,TaxRate_val_6795,Date_val_6795
6796,Matrix Precision Engineering,VoucherNo_val_6796,Amount_val_6796,TaxRate_val_6796,Date_val_6796
6797,Matrix Precision Engineering,VoucherNo_val_6797,Amount_val_6797,TaxRate_val_6797,Date_val_6797
6798,Matrix Precision Engineering,VoucherNo_val_6798,Amount_val_6798,TaxRate_val_6798,Date_val_6798
6799,Matrix Precision Engineering,VoucherNo_val_6799,Amount_val_6799,TaxRate_val_6799,Date_val_6799
6800,Matrix Precision Engineering,VoucherNo_val_6800,Amount_val_6800,TaxRate_val_6800,Date_val_6800
6801,Matrix Precision Engineering,VoucherNo_val_6801,Amount_val_6801,TaxRate_val_6801,Date_val_6801
6802,Matrix Precision Engineering,VoucherNo_val_6802,Amount_val_6802,TaxRate_val_6802,Date_val_6802
6803,Matrix Precision Engineering,VoucherNo_val_6803,Amount_val_6803,TaxRate_val_6803,Date_val_6803
6804,Matrix Precision Engineering,VoucherNo_val_6804,Amount_val_6804,TaxRate_val_6804,Date_val_6804
6805,Matrix Precision Engineering,VoucherNo_val_6805,Amount_val_6805,TaxRate_val_6805,Date_val_6805
6806,Matrix Precision Engineering,VoucherNo_val_6806,Amount_val_6806,TaxRate_val_6806,Date_val_6806
6807,Matrix Precision Engineering,VoucherNo_val_6807,Amount_val_6807,TaxRate_val_6807,Date_val_6807
6808,Matrix Precision Engineering,VoucherNo_val_6808,Amount_val_6808,TaxRate_val_6808,Date_val_6808
6809,Matrix Precision Engineering,VoucherNo_val_6809,Amount_val_6809,TaxRate_val_6809,Date_val_6809
6810,Matrix Precision Engineering,VoucherNo_val_6810,Amount_val_6810,TaxRate_val_6810,Date_val_6810
6811,Matrix Precision Engineering,VoucherNo_val_6811,Amount_val_6811,TaxRate_val_6811,Date_val_6811
6812,Matrix Precision Engineering,VoucherNo_val_6812,Amount_val_6812,TaxRate_val_6812,Date_val_6812
6813,Matrix Precision Engineering,VoucherNo_val_6813,Amount_val_6813,TaxRate_val_6813,Date_val_6813
6814,Matrix Precision Engineering,VoucherNo_val_6814,Amount_val_6814,TaxRate_val_6814,Date_val_6814
6815,Matrix Precision Engineering,VoucherNo_val_6815,Amount_val_6815,TaxRate_val_6815,Date_val_6815
6816,Matrix Precision Engineering,VoucherNo_val_6816,Amount_val_6816,TaxRate_val_6816,Date_val_6816
6817,Matrix Precision Engineering,VoucherNo_val_6817,Amount_val_6817,TaxRate_val_6817,Date_val_6817
6818,Matrix Precision Engineering,VoucherNo_val_6818,Amount_val_6818,TaxRate_val_6818,Date_val_6818
6819,Matrix Precision Engineering,VoucherNo_val_6819,Amount_val_6819,TaxRate_val_6819,Date_val_6819
6820,Matrix Precision Engineering,VoucherNo_val_6820,Amount_val_6820,TaxRate_val_6820,Date_val_6820
6821,Matrix Precision Engineering,VoucherNo_val_6821,Amount_val_6821,TaxRate_val_6821,Date_val_6821
6822,Matrix Precision Engineering,VoucherNo_val_6822,Amount_val_6822,TaxRate_val_6822,Date_val_6822
6823,Matrix Precision Engineering,VoucherNo_val_6823,Amount_val_6823,TaxRate_val_6823,Date_val_6823
6824,Matrix Precision Engineering,VoucherNo_val_6824,Amount_val_6824,TaxRate_val_6824,Date_val_6824
6825,Matrix Precision Engineering,VoucherNo_val_6825,Amount_val_6825,TaxRate_val_6825,Date_val_6825
6826,Matrix Precision Engineering,VoucherNo_val_6826,Amount_val_6826,TaxRate_val_6826,Date_val_6826
6827,Matrix Precision Engineering,VoucherNo_val_6827,Amount_val_6827,TaxRate_val_6827,Date_val_6827
6828,Matrix Precision Engineering,VoucherNo_val_6828,Amount_val_6828,TaxRate_val_6828,Date_val_6828
6829,Matrix Precision Engineering,VoucherNo_val_6829,Amount_val_6829,TaxRate_val_6829,Date_val_6829
6830,Matrix Precision Engineering,VoucherNo_val_6830,Amount_val_6830,TaxRate_val_6830,Date_val_6830
6831,Matrix Precision Engineering,VoucherNo_val_6831,Amount_val_6831,TaxRate_val_6831,Date_val_6831
6832,Matrix Precision Engineering,VoucherNo_val_6832,Amount_val_6832,TaxRate_val_6832,Date_val_6832
6833,Matrix Precision Engineering,VoucherNo_val_6833,Amount_val_6833,TaxRate_val_6833,Date_val_6833
6834,Matrix Precision Engineering,VoucherNo_val_6834,Amount_val_6834,TaxRate_val_6834,Date_val_6834
6835,Matrix Precision Engineering,VoucherNo_val_6835,Amount_val_6835,TaxRate_val_6835,Date_val_6835
6836,Matrix Precision Engineering,VoucherNo_val_6836,Amount_val_6836,TaxRate_val_6836,Date_val_6836
6837,Matrix Precision Engineering,VoucherNo_val_6837,Amount_val_6837,TaxRate_val_6837,Date_val_6837
6838,Matrix Precision Engineering,VoucherNo_val_6838,Amount_val_6838,TaxRate_val_6838,Date_val_6838
6839,Matrix Precision Engineering,VoucherNo_val_6839,Amount_val_6839,TaxRate_val_6839,Date_val_6839
6840,Matrix Precision Engineering,VoucherNo_val_6840,Amount_val_6840,TaxRate_val_6840,Date_val_6840
6841,Matrix Precision Engineering,VoucherNo_val_6841,Amount_val_6841,TaxRate_val_6841,Date_val_6841
6842,Matrix Precision Engineering,VoucherNo_val_6842,Amount_val_6842,TaxRate_val_6842,Date_val_6842
6843,Matrix Precision Engineering,VoucherNo_val_6843,Amount_val_6843,TaxRate_val_6843,Date_val_6843
6844,Matrix Precision Engineering,VoucherNo_val_6844,Amount_val_6844,TaxRate_val_6844,Date_val_6844
6845,Matrix Precision Engineering,VoucherNo_val_6845,Amount_val_6845,TaxRate_val_6845,Date_val_6845
6846,Matrix Precision Engineering,VoucherNo_val_6846,Amount_val_6846,TaxRate_val_6846,Date_val_6846
6847,Matrix Precision Engineering,VoucherNo_val_6847,Amount_val_6847,TaxRate_val_6847,Date_val_6847
6848,Matrix Precision Engineering,VoucherNo_val_6848,Amount_val_6848,TaxRate_val_6848,Date_val_6848
6849,Matrix Precision Engineering,VoucherNo_val_6849,Amount_val_6849,TaxRate_val_6849,Date_val_6849
6850,Matrix Precision Engineering,VoucherNo_val_6850,Amount_val_6850,TaxRate_val_6850,Date_val_6850
6851,Matrix Precision Engineering,VoucherNo_val_6851,Amount_val_6851,TaxRate_val_6851,Date_val_6851
6852,Matrix Precision Engineering,VoucherNo_val_6852,Amount_val_6852,TaxRate_val_6852,Date_val_6852
6853,Matrix Precision Engineering,VoucherNo_val_6853,Amount_val_6853,TaxRate_val_6853,Date_val_6853
6854,Matrix Precision Engineering,VoucherNo_val_6854,Amount_val_6854,TaxRate_val_6854,Date_val_6854
6855,Matrix Precision Engineering,VoucherNo_val_6855,Amount_val_6855,TaxRate_val_6855,Date_val_6855
6856,Matrix Precision Engineering,VoucherNo_val_6856,Amount_val_6856,TaxRate_val_6856,Date_val_6856
6857,Matrix Precision Engineering,VoucherNo_val_6857,Amount_val_6857,TaxRate_val_6857,Date_val_6857
6858,Matrix Precision Engineering,VoucherNo_val_6858,Amount_val_6858,TaxRate_val_6858,Date_val_6858
6859,Matrix Precision Engineering,VoucherNo_val_6859,Amount_val_6859,TaxRate_val_6859,Date_val_6859
6860,Matrix Precision Engineering,VoucherNo_val_6860,Amount_val_6860,TaxRate_val_6860,Date_val_6860
6861,Matrix Precision Engineering,VoucherNo_val_6861,Amount_val_6861,TaxRate_val_6861,Date_val_6861
6862,Matrix Precision Engineering,VoucherNo_val_6862,Amount_val_6862,TaxRate_val_6862,Date_val_6862
6863,Matrix Precision Engineering,VoucherNo_val_6863,Amount_val_6863,TaxRate_val_6863,Date_val_6863
6864,Matrix Precision Engineering,VoucherNo_val_6864,Amount_val_6864,TaxRate_val_6864,Date_val_6864
6865,Matrix Precision Engineering,VoucherNo_val_6865,Amount_val_6865,TaxRate_val_6865,Date_val_6865
6866,Matrix Precision Engineering,VoucherNo_val_6866,Amount_val_6866,TaxRate_val_6866,Date_val_6866
6867,Matrix Precision Engineering,VoucherNo_val_6867,Amount_val_6867,TaxRate_val_6867,Date_val_6867
6868,Matrix Precision Engineering,VoucherNo_val_6868,Amount_val_6868,TaxRate_val_6868,Date_val_6868
6869,Matrix Precision Engineering,VoucherNo_val_6869,Amount_val_6869,TaxRate_val_6869,Date_val_6869
6870,Matrix Precision Engineering,VoucherNo_val_6870,Amount_val_6870,TaxRate_val_6870,Date_val_6870
6871,Matrix Precision Engineering,VoucherNo_val_6871,Amount_val_6871,TaxRate_val_6871,Date_val_6871
6872,Matrix Precision Engineering,VoucherNo_val_6872,Amount_val_6872,TaxRate_val_6872,Date_val_6872
6873,Matrix Precision Engineering,VoucherNo_val_6873,Amount_val_6873,TaxRate_val_6873,Date_val_6873
6874,Matrix Precision Engineering,VoucherNo_val_6874,Amount_val_6874,TaxRate_val_6874,Date_val_6874
6875,Matrix Precision Engineering,VoucherNo_val_6875,Amount_val_6875,TaxRate_val_6875,Date_val_6875
6876,Matrix Precision Engineering,VoucherNo_val_6876,Amount_val_6876,TaxRate_val_6876,Date_val_6876
6877,Matrix Precision Engineering,VoucherNo_val_6877,Amount_val_6877,TaxRate_val_6877,Date_val_6877
6878,Matrix Precision Engineering,VoucherNo_val_6878,Amount_val_6878,TaxRate_val_6878,Date_val_6878
6879,Matrix Precision Engineering,VoucherNo_val_6879,Amount_val_6879,TaxRate_val_6879,Date_val_6879
6880,Matrix Precision Engineering,VoucherNo_val_6880,Amount_val_6880,TaxRate_val_6880,Date_val_6880
6881,Matrix Precision Engineering,VoucherNo_val_6881,Amount_val_6881,TaxRate_val_6881,Date_val_6881
6882,Matrix Precision Engineering,VoucherNo_val_6882,Amount_val_6882,TaxRate_val_6882,Date_val_6882
6883,Matrix Precision Engineering,VoucherNo_val_6883,Amount_val_6883,TaxRate_val_6883,Date_val_6883
6884,Matrix Precision Engineering,VoucherNo_val_6884,Amount_val_6884,TaxRate_val_6884,Date_val_6884
6885,Matrix Precision Engineering,VoucherNo_val_6885,Amount_val_6885,TaxRate_val_6885,Date_val_6885
6886,Matrix Precision Engineering,VoucherNo_val_6886,Amount_val_6886,TaxRate_val_6886,Date_val_6886
6887,Matrix Precision Engineering,VoucherNo_val_6887,Amount_val_6887,TaxRate_val_6887,Date_val_6887
6888,Matrix Precision Engineering,VoucherNo_val_6888,Amount_val_6888,TaxRate_val_6888,Date_val_6888
6889,Matrix Precision Engineering,VoucherNo_val_6889,Amount_val_6889,TaxRate_val_6889,Date_val_6889
6890,Matrix Precision Engineering,VoucherNo_val_6890,Amount_val_6890,TaxRate_val_6890,Date_val_6890
6891,Matrix Precision Engineering,VoucherNo_val_6891,Amount_val_6891,TaxRate_val_6891,Date_val_6891
6892,Matrix Precision Engineering,VoucherNo_val_6892,Amount_val_6892,TaxRate_val_6892,Date_val_6892
6893,Matrix Precision Engineering,VoucherNo_val_6893,Amount_val_6893,TaxRate_val_6893,Date_val_6893
6894,Matrix Precision Engineering,VoucherNo_val_6894,Amount_val_6894,TaxRate_val_6894,Date_val_6894
6895,Matrix Precision Engineering,VoucherNo_val_6895,Amount_val_6895,TaxRate_val_6895,Date_val_6895
6896,Matrix Precision Engineering,VoucherNo_val_6896,Amount_val_6896,TaxRate_val_6896,Date_val_6896
6897,Matrix Precision Engineering,VoucherNo_val_6897,Amount_val_6897,TaxRate_val_6897,Date_val_6897
6898,Matrix Precision Engineering,VoucherNo_val_6898,Amount_val_6898,TaxRate_val_6898,Date_val_6898
6899,Matrix Precision Engineering,VoucherNo_val_6899,Amount_val_6899,TaxRate_val_6899,Date_val_6899
6900,Matrix Precision Engineering,VoucherNo_val_6900,Amount_val_6900,TaxRate_val_6900,Date_val_6900
6901,Matrix Precision Engineering,VoucherNo_val_6901,Amount_val_6901,TaxRate_val_6901,Date_val_6901
6902,Matrix Precision Engineering,VoucherNo_val_6902,Amount_val_6902,TaxRate_val_6902,Date_val_6902
6903,Matrix Precision Engineering,VoucherNo_val_6903,Amount_val_6903,TaxRate_val_6903,Date_val_6903
6904,Matrix Precision Engineering,VoucherNo_val_6904,Amount_val_6904,TaxRate_val_6904,Date_val_6904
6905,Matrix Precision Engineering,VoucherNo_val_6905,Amount_val_6905,TaxRate_val_6905,Date_val_6905
6906,Matrix Precision Engineering,VoucherNo_val_6906,Amount_val_6906,TaxRate_val_6906,Date_val_6906
6907,Matrix Precision Engineering,VoucherNo_val_6907,Amount_val_6907,TaxRate_val_6907,Date_val_6907
6908,Matrix Precision Engineering,VoucherNo_val_6908,Amount_val_6908,TaxRate_val_6908,Date_val_6908
6909,Matrix Precision Engineering,VoucherNo_val_6909,Amount_val_6909,TaxRate_val_6909,Date_val_6909
6910,Matrix Precision Engineering,VoucherNo_val_6910,Amount_val_6910,TaxRate_val_6910,Date_val_6910
6911,Matrix Precision Engineering,VoucherNo_val_6911,Amount_val_6911,TaxRate_val_6911,Date_val_6911
6912,Matrix Precision Engineering,VoucherNo_val_6912,Amount_val_6912,TaxRate_val_6912,Date_val_6912
6913,Matrix Precision Engineering,VoucherNo_val_6913,Amount_val_6913,TaxRate_val_6913,Date_val_6913
6914,Matrix Precision Engineering,VoucherNo_val_6914,Amount_val_6914,TaxRate_val_6914,Date_val_6914
6915,Matrix Precision Engineering,VoucherNo_val_6915,Amount_val_6915,TaxRate_val_6915,Date_val_6915
6916,Matrix Precision Engineering,VoucherNo_val_6916,Amount_val_6916,TaxRate_val_6916,Date_val_6916
6917,Matrix Precision Engineering,VoucherNo_val_6917,Amount_val_6917,TaxRate_val_6917,Date_val_6917
6918,Matrix Precision Engineering,VoucherNo_val_6918,Amount_val_6918,TaxRate_val_6918,Date_val_6918
6919,Matrix Precision Engineering,VoucherNo_val_6919,Amount_val_6919,TaxRate_val_6919,Date_val_6919
6920,Matrix Precision Engineering,VoucherNo_val_6920,Amount_val_6920,TaxRate_val_6920,Date_val_6920
6921,Matrix Precision Engineering,VoucherNo_val_6921,Amount_val_6921,TaxRate_val_6921,Date_val_6921
6922,Matrix Precision Engineering,VoucherNo_val_6922,Amount_val_6922,TaxRate_val_6922,Date_val_6922
6923,Matrix Precision Engineering,VoucherNo_val_6923,Amount_val_6923,TaxRate_val_6923,Date_val_6923
6924,Matrix Precision Engineering,VoucherNo_val_6924,Amount_val_6924,TaxRate_val_6924,Date_val_6924
6925,Matrix Precision Engineering,VoucherNo_val_6925,Amount_val_6925,TaxRate_val_6925,Date_val_6925
6926,Matrix Precision Engineering,VoucherNo_val_6926,Amount_val_6926,TaxRate_val_6926,Date_val_6926
6927,Matrix Precision Engineering,VoucherNo_val_6927,Amount_val_6927,TaxRate_val_6927,Date_val_6927
6928,Matrix Precision Engineering,VoucherNo_val_6928,Amount_val_6928,TaxRate_val_6928,Date_val_6928
6929,Matrix Precision Engineering,VoucherNo_val_6929,Amount_val_6929,TaxRate_val_6929,Date_val_6929
6930,Matrix Precision Engineering,VoucherNo_val_6930,Amount_val_6930,TaxRate_val_6930,Date_val_6930
6931,Matrix Precision Engineering,VoucherNo_val_6931,Amount_val_6931,TaxRate_val_6931,Date_val_6931
6932,Matrix Precision Engineering,VoucherNo_val_6932,Amount_val_6932,TaxRate_val_6932,Date_val_6932
6933,Matrix Precision Engineering,VoucherNo_val_6933,Amount_val_6933,TaxRate_val_6933,Date_val_6933
6934,Matrix Precision Engineering,VoucherNo_val_6934,Amount_val_6934,TaxRate_val_6934,Date_val_6934
6935,Matrix Precision Engineering,VoucherNo_val_6935,Amount_val_6935,TaxRate_val_6935,Date_val_6935
6936,Matrix Precision Engineering,VoucherNo_val_6936,Amount_val_6936,TaxRate_val_6936,Date_val_6936
6937,Matrix Precision Engineering,VoucherNo_val_6937,Amount_val_6937,TaxRate_val_6937,Date_val_6937
6938,Matrix Precision Engineering,VoucherNo_val_6938,Amount_val_6938,TaxRate_val_6938,Date_val_6938
6939,Matrix Precision Engineering,VoucherNo_val_6939,Amount_val_6939,TaxRate_val_6939,Date_val_6939
6940,Matrix Precision Engineering,VoucherNo_val_6940,Amount_val_6940,TaxRate_val_6940,Date_val_6940
6941,Matrix Precision Engineering,VoucherNo_val_6941,Amount_val_6941,TaxRate_val_6941,Date_val_6941
6942,Matrix Precision Engineering,VoucherNo_val_6942,Amount_val_6942,TaxRate_val_6942,Date_val_6942
6943,Matrix Precision Engineering,VoucherNo_val_6943,Amount_val_6943,TaxRate_val_6943,Date_val_6943
6944,Matrix Precision Engineering,VoucherNo_val_6944,Amount_val_6944,TaxRate_val_6944,Date_val_6944
6945,Matrix Precision Engineering,VoucherNo_val_6945,Amount_val_6945,TaxRate_val_6945,Date_val_6945
6946,Matrix Precision Engineering,VoucherNo_val_6946,Amount_val_6946,TaxRate_val_6946,Date_val_6946
6947,Matrix Precision Engineering,VoucherNo_val_6947,Amount_val_6947,TaxRate_val_6947,Date_val_6947
6948,Matrix Precision Engineering,VoucherNo_val_6948,Amount_val_6948,TaxRate_val_6948,Date_val_6948
6949,Matrix Precision Engineering,VoucherNo_val_6949,Amount_val_6949,TaxRate_val_6949,Date_val_6949
6950,Matrix Precision Engineering,VoucherNo_val_6950,Amount_val_6950,TaxRate_val_6950,Date_val_6950
6951,Matrix Precision Engineering,VoucherNo_val_6951,Amount_val_6951,TaxRate_val_6951,Date_val_6951
6952,Matrix Precision Engineering,VoucherNo_val_6952,Amount_val_6952,TaxRate_val_6952,Date_val_6952
6953,Matrix Precision Engineering,VoucherNo_val_6953,Amount_val_6953,TaxRate_val_6953,Date_val_6953
6954,Matrix Precision Engineering,VoucherNo_val_6954,Amount_val_6954,TaxRate_val_6954,Date_val_6954
6955,Matrix Precision Engineering,VoucherNo_val_6955,Amount_val_6955,TaxRate_val_6955,Date_val_6955
6956,Matrix Precision Engineering,VoucherNo_val_6956,Amount_val_6956,TaxRate_val_6956,Date_val_6956
6957,Matrix Precision Engineering,VoucherNo_val_6957,Amount_val_6957,TaxRate_val_6957,Date_val_6957
6958,Matrix Precision Engineering,VoucherNo_val_6958,Amount_val_6958,TaxRate_val_6958,Date_val_6958
6959,Matrix Precision Engineering,VoucherNo_val_6959,Amount_val_6959,TaxRate_val_6959,Date_val_6959
6960,Matrix Precision Engineering,VoucherNo_val_6960,Amount_val_6960,TaxRate_val_6960,Date_val_6960
6961,Matrix Precision Engineering,VoucherNo_val_6961,Amount_val_6961,TaxRate_val_6961,Date_val_6961
6962,Matrix Precision Engineering,VoucherNo_val_6962,Amount_val_6962,TaxRate_val_6962,Date_val_6962
6963,Matrix Precision Engineering,VoucherNo_val_6963,Amount_val_6963,TaxRate_val_6963,Date_val_6963
6964,Matrix Precision Engineering,VoucherNo_val_6964,Amount_val_6964,TaxRate_val_6964,Date_val_6964
6965,Matrix Precision Engineering,VoucherNo_val_6965,Amount_val_6965,TaxRate_val_6965,Date_val_6965
6966,Matrix Precision Engineering,VoucherNo_val_6966,Amount_val_6966,TaxRate_val_6966,Date_val_6966
6967,Matrix Precision Engineering,VoucherNo_val_6967,Amount_val_6967,TaxRate_val_6967,Date_val_6967
6968,Matrix Precision Engineering,VoucherNo_val_6968,Amount_val_6968,TaxRate_val_6968,Date_val_6968
6969,Matrix Precision Engineering,VoucherNo_val_6969,Amount_val_6969,TaxRate_val_6969,Date_val_6969
6970,Matrix Precision Engineering,VoucherNo_val_6970,Amount_val_6970,TaxRate_val_6970,Date_val_6970
6971,Matrix Precision Engineering,VoucherNo_val_6971,Amount_val_6971,TaxRate_val_6971,Date_val_6971
6972,Matrix Precision Engineering,VoucherNo_val_6972,Amount_val_6972,TaxRate_val_6972,Date_val_6972
6973,Matrix Precision Engineering,VoucherNo_val_6973,Amount_val_6973,TaxRate_val_6973,Date_val_6973
6974,Matrix Precision Engineering,VoucherNo_val_6974,Amount_val_6974,TaxRate_val_6974,Date_val_6974
6975,Matrix Precision Engineering,VoucherNo_val_6975,Amount_val_6975,TaxRate_val_6975,Date_val_6975
6976,Matrix Precision Engineering,VoucherNo_val_6976,Amount_val_6976,TaxRate_val_6976,Date_val_6976
6977,Matrix Precision Engineering,VoucherNo_val_6977,Amount_val_6977,TaxRate_val_6977,Date_val_6977
6978,Matrix Precision Engineering,VoucherNo_val_6978,Amount_val_6978,TaxRate_val_6978,Date_val_6978
6979,Matrix Precision Engineering,VoucherNo_val_6979,Amount_val_6979,TaxRate_val_6979,Date_val_6979
6980,Matrix Precision Engineering,VoucherNo_val_6980,Amount_val_6980,TaxRate_val_6980,Date_val_6980
6981,Matrix Precision Engineering,VoucherNo_val_6981,Amount_val_6981,TaxRate_val_6981,Date_val_6981
6982,Matrix Precision Engineering,VoucherNo_val_6982,Amount_val_6982,TaxRate_val_6982,Date_val_6982
6983,Matrix Precision Engineering,VoucherNo_val_6983,Amount_val_6983,TaxRate_val_6983,Date_val_6983
6984,Matrix Precision Engineering,VoucherNo_val_6984,Amount_val_6984,TaxRate_val_6984,Date_val_6984
6985,Matrix Precision Engineering,VoucherNo_val_6985,Amount_val_6985,TaxRate_val_6985,Date_val_6985
6986,Matrix Precision Engineering,VoucherNo_val_6986,Amount_val_6986,TaxRate_val_6986,Date_val_6986
6987,Matrix Precision Engineering,VoucherNo_val_6987,Amount_val_6987,TaxRate_val_6987,Date_val_6987
6988,Matrix Precision Engineering,VoucherNo_val_6988,Amount_val_6988,TaxRate_val_6988,Date_val_6988
6989,Matrix Precision Engineering,VoucherNo_val_6989,Amount_val_6989,TaxRate_val_6989,Date_val_6989
6990,Matrix Precision Engineering,VoucherNo_val_6990,Amount_val_6990,TaxRate_val_6990,Date_val_6990
6991,Matrix Precision Engineering,VoucherNo_val_6991,Amount_val_6991,TaxRate_val_6991,Date_val_6991
6992,Matrix Precision Engineering,VoucherNo_val_6992,Amount_val_6992,TaxRate_val_6992,Date_val_6992
6993,Matrix Precision Engineering,VoucherNo_val_6993,Amount_val_6993,TaxRate_val_6993,Date_val_6993
6994,Matrix Precision Engineering,VoucherNo_val_6994,Amount_val_6994,TaxRate_val_6994,Date_val_6994
6995,Matrix Precision Engineering,VoucherNo_val_6995,Amount_val_6995,TaxRate_val_6995,Date_val_6995
6996,Matrix Precision Engineering,VoucherNo_val_6996,Amount_val_6996,TaxRate_val_6996,Date_val_6996
6997,Matrix Precision Engineering,VoucherNo_val_6997,Amount_val_6997,TaxRate_val_6997,Date_val_6997
6998,Matrix Precision Engineering,VoucherNo_val_6998,Amount_val_6998,TaxRate_val_6998,Date_val_6998
6999,Matrix Precision Engineering,VoucherNo_val_6999,Amount_val_6999,TaxRate_val_6999,Date_val_6999
7000,Matrix Precision Engineering,VoucherNo_val_7000,Amount_val_7000,TaxRate_val_7000,Date_val_7000
7001,Matrix Precision Engineering,VoucherNo_val_7001,Amount_val_7001,TaxRate_val_7001,Date_val_7001
7002,Matrix Precision Engineering,VoucherNo_val_7002,Amount_val_7002,TaxRate_val_7002,Date_val_7002
7003,Matrix Precision Engineering,VoucherNo_val_7003,Amount_val_7003,TaxRate_val_7003,Date_val_7003
7004,Matrix Precision Engineering,VoucherNo_val_7004,Amount_val_7004,TaxRate_val_7004,Date_val_7004
7005,Matrix Precision Engineering,VoucherNo_val_7005,Amount_val_7005,TaxRate_val_7005,Date_val_7005
7006,Matrix Precision Engineering,VoucherNo_val_7006,Amount_val_7006,TaxRate_val_7006,Date_val_7006
7007,Matrix Precision Engineering,VoucherNo_val_7007,Amount_val_7007,TaxRate_val_7007,Date_val_7007
7008,Matrix Precision Engineering,VoucherNo_val_7008,Amount_val_7008,TaxRate_val_7008,Date_val_7008
7009,Matrix Precision Engineering,VoucherNo_val_7009,Amount_val_7009,TaxRate_val_7009,Date_val_7009
7010,Matrix Precision Engineering,VoucherNo_val_7010,Amount_val_7010,TaxRate_val_7010,Date_val_7010
7011,Matrix Precision Engineering,VoucherNo_val_7011,Amount_val_7011,TaxRate_val_7011,Date_val_7011
7012,Matrix Precision Engineering,VoucherNo_val_7012,Amount_val_7012,TaxRate_val_7012,Date_val_7012
7013,Matrix Precision Engineering,VoucherNo_val_7013,Amount_val_7013,TaxRate_val_7013,Date_val_7013
7014,Matrix Precision Engineering,VoucherNo_val_7014,Amount_val_7014,TaxRate_val_7014,Date_val_7014
7015,Matrix Precision Engineering,VoucherNo_val_7015,Amount_val_7015,TaxRate_val_7015,Date_val_7015
7016,Matrix Precision Engineering,VoucherNo_val_7016,Amount_val_7016,TaxRate_val_7016,Date_val_7016
7017,Matrix Precision Engineering,VoucherNo_val_7017,Amount_val_7017,TaxRate_val_7017,Date_val_7017
7018,Matrix Precision Engineering,VoucherNo_val_7018,Amount_val_7018,TaxRate_val_7018,Date_val_7018
7019,Matrix Precision Engineering,VoucherNo_val_7019,Amount_val_7019,TaxRate_val_7019,Date_val_7019
7020,Matrix Precision Engineering,VoucherNo_val_7020,Amount_val_7020,TaxRate_val_7020,Date_val_7020
7021,Matrix Precision Engineering,VoucherNo_val_7021,Amount_val_7021,TaxRate_val_7021,Date_val_7021
7022,Matrix Precision Engineering,VoucherNo_val_7022,Amount_val_7022,TaxRate_val_7022,Date_val_7022
7023,Matrix Precision Engineering,VoucherNo_val_7023,Amount_val_7023,TaxRate_val_7023,Date_val_7023
7024,Matrix Precision Engineering,VoucherNo_val_7024,Amount_val_7024,TaxRate_val_7024,Date_val_7024
7025,Matrix Precision Engineering,VoucherNo_val_7025,Amount_val_7025,TaxRate_val_7025,Date_val_7025
7026,Matrix Precision Engineering,VoucherNo_val_7026,Amount_val_7026,TaxRate_val_7026,Date_val_7026
7027,Matrix Precision Engineering,VoucherNo_val_7027,Amount_val_7027,TaxRate_val_7027,Date_val_7027
7028,Matrix Precision Engineering,VoucherNo_val_7028,Amount_val_7028,TaxRate_val_7028,Date_val_7028
7029,Matrix Precision Engineering,VoucherNo_val_7029,Amount_val_7029,TaxRate_val_7029,Date_val_7029
7030,Matrix Precision Engineering,VoucherNo_val_7030,Amount_val_7030,TaxRate_val_7030,Date_val_7030
7031,Matrix Precision Engineering,VoucherNo_val_7031,Amount_val_7031,TaxRate_val_7031,Date_val_7031
7032,Matrix Precision Engineering,VoucherNo_val_7032,Amount_val_7032,TaxRate_val_7032,Date_val_7032
7033,Matrix Precision Engineering,VoucherNo_val_7033,Amount_val_7033,TaxRate_val_7033,Date_val_7033
7034,Matrix Precision Engineering,VoucherNo_val_7034,Amount_val_7034,TaxRate_val_7034,Date_val_7034
7035,Matrix Precision Engineering,VoucherNo_val_7035,Amount_val_7035,TaxRate_val_7035,Date_val_7035
7036,Matrix Precision Engineering,VoucherNo_val_7036,Amount_val_7036,TaxRate_val_7036,Date_val_7036
7037,Matrix Precision Engineering,VoucherNo_val_7037,Amount_val_7037,TaxRate_val_7037,Date_val_7037
7038,Matrix Precision Engineering,VoucherNo_val_7038,Amount_val_7038,TaxRate_val_7038,Date_val_7038
7039,Matrix Precision Engineering,VoucherNo_val_7039,Amount_val_7039,TaxRate_val_7039,Date_val_7039
7040,Matrix Precision Engineering,VoucherNo_val_7040,Amount_val_7040,TaxRate_val_7040,Date_val_7040
7041,Matrix Precision Engineering,VoucherNo_val_7041,Amount_val_7041,TaxRate_val_7041,Date_val_7041
7042,Matrix Precision Engineering,VoucherNo_val_7042,Amount_val_7042,TaxRate_val_7042,Date_val_7042
7043,Matrix Precision Engineering,VoucherNo_val_7043,Amount_val_7043,TaxRate_val_7043,Date_val_7043
7044,Matrix Precision Engineering,VoucherNo_val_7044,Amount_val_7044,TaxRate_val_7044,Date_val_7044
7045,Matrix Precision Engineering,VoucherNo_val_7045,Amount_val_7045,TaxRate_val_7045,Date_val_7045
7046,Matrix Precision Engineering,VoucherNo_val_7046,Amount_val_7046,TaxRate_val_7046,Date_val_7046
7047,Matrix Precision Engineering,VoucherNo_val_7047,Amount_val_7047,TaxRate_val_7047,Date_val_7047
7048,Matrix Precision Engineering,VoucherNo_val_7048,Amount_val_7048,TaxRate_val_7048,Date_val_7048
7049,Matrix Precision Engineering,VoucherNo_val_7049,Amount_val_7049,TaxRate_val_7049,Date_val_7049
7050,Matrix Precision Engineering,VoucherNo_val_7050,Amount_val_7050,TaxRate_val_7050,Date_val_7050
7051,Matrix Precision Engineering,VoucherNo_val_7051,Amount_val_7051,TaxRate_val_7051,Date_val_7051
7052,Matrix Precision Engineering,VoucherNo_val_7052,Amount_val_7052,TaxRate_val_7052,Date_val_7052
7053,Matrix Precision Engineering,VoucherNo_val_7053,Amount_val_7053,TaxRate_val_7053,Date_val_7053
7054,Matrix Precision Engineering,VoucherNo_val_7054,Amount_val_7054,TaxRate_val_7054,Date_val_7054
7055,Matrix Precision Engineering,VoucherNo_val_7055,Amount_val_7055,TaxRate_val_7055,Date_val_7055
7056,Matrix Precision Engineering,VoucherNo_val_7056,Amount_val_7056,TaxRate_val_7056,Date_val_7056
7057,Matrix Precision Engineering,VoucherNo_val_7057,Amount_val_7057,TaxRate_val_7057,Date_val_7057
7058,Matrix Precision Engineering,VoucherNo_val_7058,Amount_val_7058,TaxRate_val_7058,Date_val_7058
7059,Matrix Precision Engineering,VoucherNo_val_7059,Amount_val_7059,TaxRate_val_7059,Date_val_7059
7060,Matrix Precision Engineering,VoucherNo_val_7060,Amount_val_7060,TaxRate_val_7060,Date_val_7060
7061,Matrix Precision Engineering,VoucherNo_val_7061,Amount_val_7061,TaxRate_val_7061,Date_val_7061
7062,Matrix Precision Engineering,VoucherNo_val_7062,Amount_val_7062,TaxRate_val_7062,Date_val_7062
7063,Matrix Precision Engineering,VoucherNo_val_7063,Amount_val_7063,TaxRate_val_7063,Date_val_7063
7064,Matrix Precision Engineering,VoucherNo_val_7064,Amount_val_7064,TaxRate_val_7064,Date_val_7064
7065,Matrix Precision Engineering,VoucherNo_val_7065,Amount_val_7065,TaxRate_val_7065,Date_val_7065
7066,Matrix Precision Engineering,VoucherNo_val_7066,Amount_val_7066,TaxRate_val_7066,Date_val_7066
7067,Matrix Precision Engineering,VoucherNo_val_7067,Amount_val_7067,TaxRate_val_7067,Date_val_7067
7068,Matrix Precision Engineering,VoucherNo_val_7068,Amount_val_7068,TaxRate_val_7068,Date_val_7068
7069,Matrix Precision Engineering,VoucherNo_val_7069,Amount_val_7069,TaxRate_val_7069,Date_val_7069
7070,Matrix Precision Engineering,VoucherNo_val_7070,Amount_val_7070,TaxRate_val_7070,Date_val_7070
7071,Matrix Precision Engineering,VoucherNo_val_7071,Amount_val_7071,TaxRate_val_7071,Date_val_7071
7072,Matrix Precision Engineering,VoucherNo_val_7072,Amount_val_7072,TaxRate_val_7072,Date_val_7072
7073,Matrix Precision Engineering,VoucherNo_val_7073,Amount_val_7073,TaxRate_val_7073,Date_val_7073
7074,Matrix Precision Engineering,VoucherNo_val_7074,Amount_val_7074,TaxRate_val_7074,Date_val_7074
7075,Matrix Precision Engineering,VoucherNo_val_7075,Amount_val_7075,TaxRate_val_7075,Date_val_7075
7076,Matrix Precision Engineering,VoucherNo_val_7076,Amount_val_7076,TaxRate_val_7076,Date_val_7076
7077,Matrix Precision Engineering,VoucherNo_val_7077,Amount_val_7077,TaxRate_val_7077,Date_val_7077
7078,Matrix Precision Engineering,VoucherNo_val_7078,Amount_val_7078,TaxRate_val_7078,Date_val_7078
7079,Matrix Precision Engineering,VoucherNo_val_7079,Amount_val_7079,TaxRate_val_7079,Date_val_7079
7080,Matrix Precision Engineering,VoucherNo_val_7080,Amount_val_7080,TaxRate_val_7080,Date_val_7080
7081,Matrix Precision Engineering,VoucherNo_val_7081,Amount_val_7081,TaxRate_val_7081,Date_val_7081
7082,Matrix Precision Engineering,VoucherNo_val_7082,Amount_val_7082,TaxRate_val_7082,Date_val_7082
7083,Matrix Precision Engineering,VoucherNo_val_7083,Amount_val_7083,TaxRate_val_7083,Date_val_7083
7084,Matrix Precision Engineering,VoucherNo_val_7084,Amount_val_7084,TaxRate_val_7084,Date_val_7084
7085,Matrix Precision Engineering,VoucherNo_val_7085,Amount_val_7085,TaxRate_val_7085,Date_val_7085
7086,Matrix Precision Engineering,VoucherNo_val_7086,Amount_val_7086,TaxRate_val_7086,Date_val_7086
7087,Matrix Precision Engineering,VoucherNo_val_7087,Amount_val_7087,TaxRate_val_7087,Date_val_7087
7088,Matrix Precision Engineering,VoucherNo_val_7088,Amount_val_7088,TaxRate_val_7088,Date_val_7088
7089,Matrix Precision Engineering,VoucherNo_val_7089,Amount_val_7089,TaxRate_val_7089,Date_val_7089
7090,Matrix Precision Engineering,VoucherNo_val_7090,Amount_val_7090,TaxRate_val_7090,Date_val_7090
7091,Matrix Precision Engineering,VoucherNo_val_7091,Amount_val_7091,TaxRate_val_7091,Date_val_7091
7092,Matrix Precision Engineering,VoucherNo_val_7092,Amount_val_7092,TaxRate_val_7092,Date_val_7092
7093,Matrix Precision Engineering,VoucherNo_val_7093,Amount_val_7093,TaxRate_val_7093,Date_val_7093
7094,Matrix Precision Engineering,VoucherNo_val_7094,Amount_val_7094,TaxRate_val_7094,Date_val_7094
7095,Matrix Precision Engineering,VoucherNo_val_7095,Amount_val_7095,TaxRate_val_7095,Date_val_7095
7096,Matrix Precision Engineering,VoucherNo_val_7096,Amount_val_7096,TaxRate_val_7096,Date_val_7096
7097,Matrix Precision Engineering,VoucherNo_val_7097,Amount_val_7097,TaxRate_val_7097,Date_val_7097
7098,Matrix Precision Engineering,VoucherNo_val_7098,Amount_val_7098,TaxRate_val_7098,Date_val_7098
7099,Matrix Precision Engineering,VoucherNo_val_7099,Amount_val_7099,TaxRate_val_7099,Date_val_7099
7100,Matrix Precision Engineering,VoucherNo_val_7100,Amount_val_7100,TaxRate_val_7100,Date_val_7100
7101,Matrix Precision Engineering,VoucherNo_val_7101,Amount_val_7101,TaxRate_val_7101,Date_val_7101
7102,Matrix Precision Engineering,VoucherNo_val_7102,Amount_val_7102,TaxRate_val_7102,Date_val_7102
7103,Matrix Precision Engineering,VoucherNo_val_7103,Amount_val_7103,TaxRate_val_7103,Date_val_7103
7104,Matrix Precision Engineering,VoucherNo_val_7104,Amount_val_7104,TaxRate_val_7104,Date_val_7104
7105,Matrix Precision Engineering,VoucherNo_val_7105,Amount_val_7105,TaxRate_val_7105,Date_val_7105
7106,Matrix Precision Engineering,VoucherNo_val_7106,Amount_val_7106,TaxRate_val_7106,Date_val_7106
7107,Matrix Precision Engineering,VoucherNo_val_7107,Amount_val_7107,TaxRate_val_7107,Date_val_7107
7108,Matrix Precision Engineering,VoucherNo_val_7108,Amount_val_7108,TaxRate_val_7108,Date_val_7108
7109,Matrix Precision Engineering,VoucherNo_val_7109,Amount_val_7109,TaxRate_val_7109,Date_val_7109
7110,Matrix Precision Engineering,VoucherNo_val_7110,Amount_val_7110,TaxRate_val_7110,Date_val_7110
7111,Matrix Precision Engineering,VoucherNo_val_7111,Amount_val_7111,TaxRate_val_7111,Date_val_7111
7112,Matrix Precision Engineering,VoucherNo_val_7112,Amount_val_7112,TaxRate_val_7112,Date_val_7112
7113,Matrix Precision Engineering,VoucherNo_val_7113,Amount_val_7113,TaxRate_val_7113,Date_val_7113
7114,Matrix Precision Engineering,VoucherNo_val_7114,Amount_val_7114,TaxRate_val_7114,Date_val_7114
7115,Matrix Precision Engineering,VoucherNo_val_7115,Amount_val_7115,TaxRate_val_7115,Date_val_7115
7116,Matrix Precision Engineering,VoucherNo_val_7116,Amount_val_7116,TaxRate_val_7116,Date_val_7116
7117,Matrix Precision Engineering,VoucherNo_val_7117,Amount_val_7117,TaxRate_val_7117,Date_val_7117
7118,Matrix Precision Engineering,VoucherNo_val_7118,Amount_val_7118,TaxRate_val_7118,Date_val_7118
7119,Matrix Precision Engineering,VoucherNo_val_7119,Amount_val_7119,TaxRate_val_7119,Date_val_7119
7120,Matrix Precision Engineering,VoucherNo_val_7120,Amount_val_7120,TaxRate_val_7120,Date_val_7120
7121,Matrix Precision Engineering,VoucherNo_val_7121,Amount_val_7121,TaxRate_val_7121,Date_val_7121
7122,Matrix Precision Engineering,VoucherNo_val_7122,Amount_val_7122,TaxRate_val_7122,Date_val_7122
7123,Matrix Precision Engineering,VoucherNo_val_7123,Amount_val_7123,TaxRate_val_7123,Date_val_7123
7124,Matrix Precision Engineering,VoucherNo_val_7124,Amount_val_7124,TaxRate_val_7124,Date_val_7124
7125,Matrix Precision Engineering,VoucherNo_val_7125,Amount_val_7125,TaxRate_val_7125,Date_val_7125
7126,Matrix Precision Engineering,VoucherNo_val_7126,Amount_val_7126,TaxRate_val_7126,Date_val_7126
7127,Matrix Precision Engineering,VoucherNo_val_7127,Amount_val_7127,TaxRate_val_7127,Date_val_7127
7128,Matrix Precision Engineering,VoucherNo_val_7128,Amount_val_7128,TaxRate_val_7128,Date_val_7128
7129,Matrix Precision Engineering,VoucherNo_val_7129,Amount_val_7129,TaxRate_val_7129,Date_val_7129
7130,Matrix Precision Engineering,VoucherNo_val_7130,Amount_val_7130,TaxRate_val_7130,Date_val_7130
7131,Matrix Precision Engineering,VoucherNo_val_7131,Amount_val_7131,TaxRate_val_7131,Date_val_7131
7132,Matrix Precision Engineering,VoucherNo_val_7132,Amount_val_7132,TaxRate_val_7132,Date_val_7132
7133,Matrix Precision Engineering,VoucherNo_val_7133,Amount_val_7133,TaxRate_val_7133,Date_val_7133
7134,Matrix Precision Engineering,VoucherNo_val_7134,Amount_val_7134,TaxRate_val_7134,Date_val_7134
7135,Matrix Precision Engineering,VoucherNo_val_7135,Amount_val_7135,TaxRate_val_7135,Date_val_7135
7136,Matrix Precision Engineering,VoucherNo_val_7136,Amount_val_7136,TaxRate_val_7136,Date_val_7136
7137,Matrix Precision Engineering,VoucherNo_val_7137,Amount_val_7137,TaxRate_val_7137,Date_val_7137
7138,Matrix Precision Engineering,VoucherNo_val_7138,Amount_val_7138,TaxRate_val_7138,Date_val_7138
7139,Matrix Precision Engineering,VoucherNo_val_7139,Amount_val_7139,TaxRate_val_7139,Date_val_7139
7140,Matrix Precision Engineering,VoucherNo_val_7140,Amount_val_7140,TaxRate_val_7140,Date_val_7140
7141,Matrix Precision Engineering,VoucherNo_val_7141,Amount_val_7141,TaxRate_val_7141,Date_val_7141
7142,Matrix Precision Engineering,VoucherNo_val_7142,Amount_val_7142,TaxRate_val_7142,Date_val_7142
7143,Matrix Precision Engineering,VoucherNo_val_7143,Amount_val_7143,TaxRate_val_7143,Date_val_7143
7144,Matrix Precision Engineering,VoucherNo_val_7144,Amount_val_7144,TaxRate_val_7144,Date_val_7144
7145,Matrix Precision Engineering,VoucherNo_val_7145,Amount_val_7145,TaxRate_val_7145,Date_val_7145
7146,Matrix Precision Engineering,VoucherNo_val_7146,Amount_val_7146,TaxRate_val_7146,Date_val_7146
7147,Matrix Precision Engineering,VoucherNo_val_7147,Amount_val_7147,TaxRate_val_7147,Date_val_7147
7148,Matrix Precision Engineering,VoucherNo_val_7148,Amount_val_7148,TaxRate_val_7148,Date_val_7148
7149,Matrix Precision Engineering,VoucherNo_val_7149,Amount_val_7149,TaxRate_val_7149,Date_val_7149
7150,Matrix Precision Engineering,VoucherNo_val_7150,Amount_val_7150,TaxRate_val_7150,Date_val_7150
7151,Matrix Precision Engineering,VoucherNo_val_7151,Amount_val_7151,TaxRate_val_7151,Date_val_7151
7152,Matrix Precision Engineering,VoucherNo_val_7152,Amount_val_7152,TaxRate_val_7152,Date_val_7152
7153,Matrix Precision Engineering,VoucherNo_val_7153,Amount_val_7153,TaxRate_val_7153,Date_val_7153
7154,Matrix Precision Engineering,VoucherNo_val_7154,Amount_val_7154,TaxRate_val_7154,Date_val_7154
7155,Matrix Precision Engineering,VoucherNo_val_7155,Amount_val_7155,TaxRate_val_7155,Date_val_7155
7156,Matrix Precision Engineering,VoucherNo_val_7156,Amount_val_7156,TaxRate_val_7156,Date_val_7156
7157,Matrix Precision Engineering,VoucherNo_val_7157,Amount_val_7157,TaxRate_val_7157,Date_val_7157
7158,Matrix Precision Engineering,VoucherNo_val_7158,Amount_val_7158,TaxRate_val_7158,Date_val_7158
7159,Matrix Precision Engineering,VoucherNo_val_7159,Amount_val_7159,TaxRate_val_7159,Date_val_7159
7160,Matrix Precision Engineering,VoucherNo_val_7160,Amount_val_7160,TaxRate_val_7160,Date_val_7160
7161,Matrix Precision Engineering,VoucherNo_val_7161,Amount_val_7161,TaxRate_val_7161,Date_val_7161
7162,Matrix Precision Engineering,VoucherNo_val_7162,Amount_val_7162,TaxRate_val_7162,Date_val_7162
7163,Matrix Precision Engineering,VoucherNo_val_7163,Amount_val_7163,TaxRate_val_7163,Date_val_7163
7164,Matrix Precision Engineering,VoucherNo_val_7164,Amount_val_7164,TaxRate_val_7164,Date_val_7164
7165,Matrix Precision Engineering,VoucherNo_val_7165,Amount_val_7165,TaxRate_val_7165,Date_val_7165
7166,Matrix Precision Engineering,VoucherNo_val_7166,Amount_val_7166,TaxRate_val_7166,Date_val_7166
7167,Matrix Precision Engineering,VoucherNo_val_7167,Amount_val_7167,TaxRate_val_7167,Date_val_7167
7168,Matrix Precision Engineering,VoucherNo_val_7168,Amount_val_7168,TaxRate_val_7168,Date_val_7168
7169,Matrix Precision Engineering,VoucherNo_val_7169,Amount_val_7169,TaxRate_val_7169,Date_val_7169
7170,Matrix Precision Engineering,VoucherNo_val_7170,Amount_val_7170,TaxRate_val_7170,Date_val_7170
7171,Matrix Precision Engineering,VoucherNo_val_7171,Amount_val_7171,TaxRate_val_7171,Date_val_7171
7172,Matrix Precision Engineering,VoucherNo_val_7172,Amount_val_7172,TaxRate_val_7172,Date_val_7172
7173,Matrix Precision Engineering,VoucherNo_val_7173,Amount_val_7173,TaxRate_val_7173,Date_val_7173
7174,Matrix Precision Engineering,VoucherNo_val_7174,Amount_val_7174,TaxRate_val_7174,Date_val_7174
7175,Matrix Precision Engineering,VoucherNo_val_7175,Amount_val_7175,TaxRate_val_7175,Date_val_7175
7176,Matrix Precision Engineering,VoucherNo_val_7176,Amount_val_7176,TaxRate_val_7176,Date_val_7176
7177,Matrix Precision Engineering,VoucherNo_val_7177,Amount_val_7177,TaxRate_val_7177,Date_val_7177
7178,Matrix Precision Engineering,VoucherNo_val_7178,Amount_val_7178,TaxRate_val_7178,Date_val_7178
7179,Matrix Precision Engineering,VoucherNo_val_7179,Amount_val_7179,TaxRate_val_7179,Date_val_7179
7180,Matrix Precision Engineering,VoucherNo_val_7180,Amount_val_7180,TaxRate_val_7180,Date_val_7180
7181,Matrix Precision Engineering,VoucherNo_val_7181,Amount_val_7181,TaxRate_val_7181,Date_val_7181
7182,Matrix Precision Engineering,VoucherNo_val_7182,Amount_val_7182,TaxRate_val_7182,Date_val_7182
7183,Matrix Precision Engineering,VoucherNo_val_7183,Amount_val_7183,TaxRate_val_7183,Date_val_7183
7184,Matrix Precision Engineering,VoucherNo_val_7184,Amount_val_7184,TaxRate_val_7184,Date_val_7184
7185,Matrix Precision Engineering,VoucherNo_val_7185,Amount_val_7185,TaxRate_val_7185,Date_val_7185
7186,Matrix Precision Engineering,VoucherNo_val_7186,Amount_val_7186,TaxRate_val_7186,Date_val_7186
7187,Matrix Precision Engineering,VoucherNo_val_7187,Amount_val_7187,TaxRate_val_7187,Date_val_7187
7188,Matrix Precision Engineering,VoucherNo_val_7188,Amount_val_7188,TaxRate_val_7188,Date_val_7188
7189,Matrix Precision Engineering,VoucherNo_val_7189,Amount_val_7189,TaxRate_val_7189,Date_val_7189
7190,Matrix Precision Engineering,VoucherNo_val_7190,Amount_val_7190,TaxRate_val_7190,Date_val_7190
7191,Matrix Precision Engineering,VoucherNo_val_7191,Amount_val_7191,TaxRate_val_7191,Date_val_7191
7192,Matrix Precision Engineering,VoucherNo_val_7192,Amount_val_7192,TaxRate_val_7192,Date_val_7192
7193,Matrix Precision Engineering,VoucherNo_val_7193,Amount_val_7193,TaxRate_val_7193,Date_val_7193
7194,Matrix Precision Engineering,VoucherNo_val_7194,Amount_val_7194,TaxRate_val_7194,Date_val_7194
7195,Matrix Precision Engineering,VoucherNo_val_7195,Amount_val_7195,TaxRate_val_7195,Date_val_7195
7196,Matrix Precision Engineering,VoucherNo_val_7196,Amount_val_7196,TaxRate_val_7196,Date_val_7196
7197,Matrix Precision Engineering,VoucherNo_val_7197,Amount_val_7197,TaxRate_val_7197,Date_val_7197
7198,Matrix Precision Engineering,VoucherNo_val_7198,Amount_val_7198,TaxRate_val_7198,Date_val_7198
7199,Matrix Precision Engineering,VoucherNo_val_7199,Amount_val_7199,TaxRate_val_7199,Date_val_7199
7200,Matrix Precision Engineering,VoucherNo_val_7200,Amount_val_7200,TaxRate_val_7200,Date_val_7200
7201,Matrix Precision Engineering,VoucherNo_val_7201,Amount_val_7201,TaxRate_val_7201,Date_val_7201
7202,Matrix Precision Engineering,VoucherNo_val_7202,Amount_val_7202,TaxRate_val_7202,Date_val_7202
7203,Matrix Precision Engineering,VoucherNo_val_7203,Amount_val_7203,TaxRate_val_7203,Date_val_7203
7204,Matrix Precision Engineering,VoucherNo_val_7204,Amount_val_7204,TaxRate_val_7204,Date_val_7204
7205,Matrix Precision Engineering,VoucherNo_val_7205,Amount_val_7205,TaxRate_val_7205,Date_val_7205
7206,Matrix Precision Engineering,VoucherNo_val_7206,Amount_val_7206,TaxRate_val_7206,Date_val_7206
7207,Matrix Precision Engineering,VoucherNo_val_7207,Amount_val_7207,TaxRate_val_7207,Date_val_7207
7208,Matrix Precision Engineering,VoucherNo_val_7208,Amount_val_7208,TaxRate_val_7208,Date_val_7208
7209,Matrix Precision Engineering,VoucherNo_val_7209,Amount_val_7209,TaxRate_val_7209,Date_val_7209
7210,Matrix Precision Engineering,VoucherNo_val_7210,Amount_val_7210,TaxRate_val_7210,Date_val_7210
7211,Matrix Precision Engineering,VoucherNo_val_7211,Amount_val_7211,TaxRate_val_7211,Date_val_7211
7212,Matrix Precision Engineering,VoucherNo_val_7212,Amount_val_7212,TaxRate_val_7212,Date_val_7212
7213,Matrix Precision Engineering,VoucherNo_val_7213,Amount_val_7213,TaxRate_val_7213,Date_val_7213
7214,Matrix Precision Engineering,VoucherNo_val_7214,Amount_val_7214,TaxRate_val_7214,Date_val_7214
7215,Matrix Precision Engineering,VoucherNo_val_7215,Amount_val_7215,TaxRate_val_7215,Date_val_7215
7216,Matrix Precision Engineering,VoucherNo_val_7216,Amount_val_7216,TaxRate_val_7216,Date_val_7216
7217,Matrix Precision Engineering,VoucherNo_val_7217,Amount_val_7217,TaxRate_val_7217,Date_val_7217
7218,Matrix Precision Engineering,VoucherNo_val_7218,Amount_val_7218,TaxRate_val_7218,Date_val_7218
7219,Matrix Precision Engineering,VoucherNo_val_7219,Amount_val_7219,TaxRate_val_7219,Date_val_7219
7220,Matrix Precision Engineering,VoucherNo_val_7220,Amount_val_7220,TaxRate_val_7220,Date_val_7220
7221,Matrix Precision Engineering,VoucherNo_val_7221,Amount_val_7221,TaxRate_val_7221,Date_val_7221
7222,Matrix Precision Engineering,VoucherNo_val_7222,Amount_val_7222,TaxRate_val_7222,Date_val_7222
7223,Matrix Precision Engineering,VoucherNo_val_7223,Amount_val_7223,TaxRate_val_7223,Date_val_7223
7224,Matrix Precision Engineering,VoucherNo_val_7224,Amount_val_7224,TaxRate_val_7224,Date_val_7224
7225,Matrix Precision Engineering,VoucherNo_val_7225,Amount_val_7225,TaxRate_val_7225,Date_val_7225
7226,Matrix Precision Engineering,VoucherNo_val_7226,Amount_val_7226,TaxRate_val_7226,Date_val_7226
7227,Matrix Precision Engineering,VoucherNo_val_7227,Amount_val_7227,TaxRate_val_7227,Date_val_7227
7228,Matrix Precision Engineering,VoucherNo_val_7228,Amount_val_7228,TaxRate_val_7228,Date_val_7228
7229,Matrix Precision Engineering,VoucherNo_val_7229,Amount_val_7229,TaxRate_val_7229,Date_val_7229
7230,Matrix Precision Engineering,VoucherNo_val_7230,Amount_val_7230,TaxRate_val_7230,Date_val_7230
7231,Matrix Precision Engineering,VoucherNo_val_7231,Amount_val_7231,TaxRate_val_7231,Date_val_7231
7232,Matrix Precision Engineering,VoucherNo_val_7232,Amount_val_7232,TaxRate_val_7232,Date_val_7232
7233,Matrix Precision Engineering,VoucherNo_val_7233,Amount_val_7233,TaxRate_val_7233,Date_val_7233
7234,Matrix Precision Engineering,VoucherNo_val_7234,Amount_val_7234,TaxRate_val_7234,Date_val_7234
7235,Matrix Precision Engineering,VoucherNo_val_7235,Amount_val_7235,TaxRate_val_7235,Date_val_7235
7236,Matrix Precision Engineering,VoucherNo_val_7236,Amount_val_7236,TaxRate_val_7236,Date_val_7236
7237,Matrix Precision Engineering,VoucherNo_val_7237,Amount_val_7237,TaxRate_val_7237,Date_val_7237
7238,Matrix Precision Engineering,VoucherNo_val_7238,Amount_val_7238,TaxRate_val_7238,Date_val_7238
7239,Matrix Precision Engineering,VoucherNo_val_7239,Amount_val_7239,TaxRate_val_7239,Date_val_7239
7240,Matrix Precision Engineering,VoucherNo_val_7240,Amount_val_7240,TaxRate_val_7240,Date_val_7240
7241,Matrix Precision Engineering,VoucherNo_val_7241,Amount_val_7241,TaxRate_val_7241,Date_val_7241
7242,Matrix Precision Engineering,VoucherNo_val_7242,Amount_val_7242,TaxRate_val_7242,Date_val_7242
7243,Matrix Precision Engineering,VoucherNo_val_7243,Amount_val_7243,TaxRate_val_7243,Date_val_7243
7244,Matrix Precision Engineering,VoucherNo_val_7244,Amount_val_7244,TaxRate_val_7244,Date_val_7244
7245,Matrix Precision Engineering,VoucherNo_val_7245,Amount_val_7245,TaxRate_val_7245,Date_val_7245
7246,Matrix Precision Engineering,VoucherNo_val_7246,Amount_val_7246,TaxRate_val_7246,Date_val_7246
7247,Matrix Precision Engineering,VoucherNo_val_7247,Amount_val_7247,TaxRate_val_7247,Date_val_7247
7248,Matrix Precision Engineering,VoucherNo_val_7248,Amount_val_7248,TaxRate_val_7248,Date_val_7248
7249,Matrix Precision Engineering,VoucherNo_val_7249,Amount_val_7249,TaxRate_val_7249,Date_val_7249
7250,Matrix Precision Engineering,VoucherNo_val_7250,Amount_val_7250,TaxRate_val_7250,Date_val_7250
7251,Matrix Precision Engineering,VoucherNo_val_7251,Amount_val_7251,TaxRate_val_7251,Date_val_7251
7252,Matrix Precision Engineering,VoucherNo_val_7252,Amount_val_7252,TaxRate_val_7252,Date_val_7252
7253,Matrix Precision Engineering,VoucherNo_val_7253,Amount_val_7253,TaxRate_val_7253,Date_val_7253
7254,Matrix Precision Engineering,VoucherNo_val_7254,Amount_val_7254,TaxRate_val_7254,Date_val_7254
7255,Matrix Precision Engineering,VoucherNo_val_7255,Amount_val_7255,TaxRate_val_7255,Date_val_7255
7256,Matrix Precision Engineering,VoucherNo_val_7256,Amount_val_7256,TaxRate_val_7256,Date_val_7256
7257,Matrix Precision Engineering,VoucherNo_val_7257,Amount_val_7257,TaxRate_val_7257,Date_val_7257
7258,Matrix Precision Engineering,VoucherNo_val_7258,Amount_val_7258,TaxRate_val_7258,Date_val_7258
7259,Matrix Precision Engineering,VoucherNo_val_7259,Amount_val_7259,TaxRate_val_7259,Date_val_7259
7260,Matrix Precision Engineering,VoucherNo_val_7260,Amount_val_7260,TaxRate_val_7260,Date_val_7260
7261,Matrix Precision Engineering,VoucherNo_val_7261,Amount_val_7261,TaxRate_val_7261,Date_val_7261
7262,Matrix Precision Engineering,VoucherNo_val_7262,Amount_val_7262,TaxRate_val_7262,Date_val_7262
7263,Matrix Precision Engineering,VoucherNo_val_7263,Amount_val_7263,TaxRate_val_7263,Date_val_7263
7264,Matrix Precision Engineering,VoucherNo_val_7264,Amount_val_7264,TaxRate_val_7264,Date_val_7264
7265,Matrix Precision Engineering,VoucherNo_val_7265,Amount_val_7265,TaxRate_val_7265,Date_val_7265
7266,Matrix Precision Engineering,VoucherNo_val_7266,Amount_val_7266,TaxRate_val_7266,Date_val_7266
7267,Matrix Precision Engineering,VoucherNo_val_7267,Amount_val_7267,TaxRate_val_7267,Date_val_7267
7268,Matrix Precision Engineering,VoucherNo_val_7268,Amount_val_7268,TaxRate_val_7268,Date_val_7268
7269,Matrix Precision Engineering,VoucherNo_val_7269,Amount_val_7269,TaxRate_val_7269,Date_val_7269
7270,Matrix Precision Engineering,VoucherNo_val_7270,Amount_val_7270,TaxRate_val_7270,Date_val_7270
7271,Matrix Precision Engineering,VoucherNo_val_7271,Amount_val_7271,TaxRate_val_7271,Date_val_7271
7272,Matrix Precision Engineering,VoucherNo_val_7272,Amount_val_7272,TaxRate_val_7272,Date_val_7272
7273,Matrix Precision Engineering,VoucherNo_val_7273,Amount_val_7273,TaxRate_val_7273,Date_val_7273
7274,Matrix Precision Engineering,VoucherNo_val_7274,Amount_val_7274,TaxRate_val_7274,Date_val_7274
7275,Matrix Precision Engineering,VoucherNo_val_7275,Amount_val_7275,TaxRate_val_7275,Date_val_7275
7276,Matrix Precision Engineering,VoucherNo_val_7276,Amount_val_7276,TaxRate_val_7276,Date_val_7276
7277,Matrix Precision Engineering,VoucherNo_val_7277,Amount_val_7277,TaxRate_val_7277,Date_val_7277
7278,Matrix Precision Engineering,VoucherNo_val_7278,Amount_val_7278,TaxRate_val_7278,Date_val_7278
7279,Matrix Precision Engineering,VoucherNo_val_7279,Amount_val_7279,TaxRate_val_7279,Date_val_7279
7280,Matrix Precision Engineering,VoucherNo_val_7280,Amount_val_7280,TaxRate_val_7280,Date_val_7280
7281,Matrix Precision Engineering,VoucherNo_val_7281,Amount_val_7281,TaxRate_val_7281,Date_val_7281
7282,Matrix Precision Engineering,VoucherNo_val_7282,Amount_val_7282,TaxRate_val_7282,Date_val_7282
7283,Matrix Precision Engineering,VoucherNo_val_7283,Amount_val_7283,TaxRate_val_7283,Date_val_7283
7284,Matrix Precision Engineering,VoucherNo_val_7284,Amount_val_7284,TaxRate_val_7284,Date_val_7284
7285,Matrix Precision Engineering,VoucherNo_val_7285,Amount_val_7285,TaxRate_val_7285,Date_val_7285
7286,Matrix Precision Engineering,VoucherNo_val_7286,Amount_val_7286,TaxRate_val_7286,Date_val_7286
7287,Matrix Precision Engineering,VoucherNo_val_7287,Amount_val_7287,TaxRate_val_7287,Date_val_7287
7288,Matrix Precision Engineering,VoucherNo_val_7288,Amount_val_7288,TaxRate_val_7288,Date_val_7288
7289,Matrix Precision Engineering,VoucherNo_val_7289,Amount_val_7289,TaxRate_val_7289,Date_val_7289
7290,Matrix Precision Engineering,VoucherNo_val_7290,Amount_val_7290,TaxRate_val_7290,Date_val_7290
7291,Matrix Precision Engineering,VoucherNo_val_7291,Amount_val_7291,TaxRate_val_7291,Date_val_7291
7292,Matrix Precision Engineering,VoucherNo_val_7292,Amount_val_7292,TaxRate_val_7292,Date_val_7292
7293,Matrix Precision Engineering,VoucherNo_val_7293,Amount_val_7293,TaxRate_val_7293,Date_val_7293
7294,Matrix Precision Engineering,VoucherNo_val_7294,Amount_val_7294,TaxRate_val_7294,Date_val_7294
7295,Matrix Precision Engineering,VoucherNo_val_7295,Amount_val_7295,TaxRate_val_7295,Date_val_7295
7296,Matrix Precision Engineering,VoucherNo_val_7296,Amount_val_7296,TaxRate_val_7296,Date_val_7296
7297,Matrix Precision Engineering,VoucherNo_val_7297,Amount_val_7297,TaxRate_val_7297,Date_val_7297
7298,Matrix Precision Engineering,VoucherNo_val_7298,Amount_val_7298,TaxRate_val_7298,Date_val_7298
7299,Matrix Precision Engineering,VoucherNo_val_7299,Amount_val_7299,TaxRate_val_7299,Date_val_7299
7300,Matrix Precision Engineering,VoucherNo_val_7300,Amount_val_7300,TaxRate_val_7300,Date_val_7300
7301,Matrix Precision Engineering,VoucherNo_val_7301,Amount_val_7301,TaxRate_val_7301,Date_val_7301
7302,Matrix Precision Engineering,VoucherNo_val_7302,Amount_val_7302,TaxRate_val_7302,Date_val_7302
7303,Matrix Precision Engineering,VoucherNo_val_7303,Amount_val_7303,TaxRate_val_7303,Date_val_7303
7304,Matrix Precision Engineering,VoucherNo_val_7304,Amount_val_7304,TaxRate_val_7304,Date_val_7304
7305,Matrix Precision Engineering,VoucherNo_val_7305,Amount_val_7305,TaxRate_val_7305,Date_val_7305
7306,Matrix Precision Engineering,VoucherNo_val_7306,Amount_val_7306,TaxRate_val_7306,Date_val_7306
7307,Matrix Precision Engineering,VoucherNo_val_7307,Amount_val_7307,TaxRate_val_7307,Date_val_7307
7308,Matrix Precision Engineering,VoucherNo_val_7308,Amount_val_7308,TaxRate_val_7308,Date_val_7308
7309,Matrix Precision Engineering,VoucherNo_val_7309,Amount_val_7309,TaxRate_val_7309,Date_val_7309
7310,Matrix Precision Engineering,VoucherNo_val_7310,Amount_val_7310,TaxRate_val_7310,Date_val_7310
7311,Matrix Precision Engineering,VoucherNo_val_7311,Amount_val_7311,TaxRate_val_7311,Date_val_7311
7312,Matrix Precision Engineering,VoucherNo_val_7312,Amount_val_7312,TaxRate_val_7312,Date_val_7312
7313,Matrix Precision Engineering,VoucherNo_val_7313,Amount_val_7313,TaxRate_val_7313,Date_val_7313
7314,Matrix Precision Engineering,VoucherNo_val_7314,Amount_val_7314,TaxRate_val_7314,Date_val_7314
7315,Matrix Precision Engineering,VoucherNo_val_7315,Amount_val_7315,TaxRate_val_7315,Date_val_7315
7316,Matrix Precision Engineering,VoucherNo_val_7316,Amount_val_7316,TaxRate_val_7316,Date_val_7316
7317,Matrix Precision Engineering,VoucherNo_val_7317,Amount_val_7317,TaxRate_val_7317,Date_val_7317
7318,Matrix Precision Engineering,VoucherNo_val_7318,Amount_val_7318,TaxRate_val_7318,Date_val_7318
7319,Matrix Precision Engineering,VoucherNo_val_7319,Amount_val_7319,TaxRate_val_7319,Date_val_7319
7320,Matrix Precision Engineering,VoucherNo_val_7320,Amount_val_7320,TaxRate_val_7320,Date_val_7320
7321,Matrix Precision Engineering,VoucherNo_val_7321,Amount_val_7321,TaxRate_val_7321,Date_val_7321
7322,Matrix Precision Engineering,VoucherNo_val_7322,Amount_val_7322,TaxRate_val_7322,Date_val_7322
7323,Matrix Precision Engineering,VoucherNo_val_7323,Amount_val_7323,TaxRate_val_7323,Date_val_7323
7324,Matrix Precision Engineering,VoucherNo_val_7324,Amount_val_7324,TaxRate_val_7324,Date_val_7324
7325,Matrix Precision Engineering,VoucherNo_val_7325,Amount_val_7325,TaxRate_val_7325,Date_val_7325
7326,Matrix Precision Engineering,VoucherNo_val_7326,Amount_val_7326,TaxRate_val_7326,Date_val_7326
7327,Matrix Precision Engineering,VoucherNo_val_7327,Amount_val_7327,TaxRate_val_7327,Date_val_7327
7328,Matrix Precision Engineering,VoucherNo_val_7328,Amount_val_7328,TaxRate_val_7328,Date_val_7328
7329,Matrix Precision Engineering,VoucherNo_val_7329,Amount_val_7329,TaxRate_val_7329,Date_val_7329
7330,Matrix Precision Engineering,VoucherNo_val_7330,Amount_val_7330,TaxRate_val_7330,Date_val_7330
7331,Matrix Precision Engineering,VoucherNo_val_7331,Amount_val_7331,TaxRate_val_7331,Date_val_7331
7332,Matrix Precision Engineering,VoucherNo_val_7332,Amount_val_7332,TaxRate_val_7332,Date_val_7332
7333,Matrix Precision Engineering,VoucherNo_val_7333,Amount_val_7333,TaxRate_val_7333,Date_val_7333
7334,Matrix Precision Engineering,VoucherNo_val_7334,Amount_val_7334,TaxRate_val_7334,Date_val_7334
7335,Matrix Precision Engineering,VoucherNo_val_7335,Amount_val_7335,TaxRate_val_7335,Date_val_7335
7336,Matrix Precision Engineering,VoucherNo_val_7336,Amount_val_7336,TaxRate_val_7336,Date_val_7336
7337,Matrix Precision Engineering,VoucherNo_val_7337,Amount_val_7337,TaxRate_val_7337,Date_val_7337
7338,Matrix Precision Engineering,VoucherNo_val_7338,Amount_val_7338,TaxRate_val_7338,Date_val_7338
7339,Matrix Precision Engineering,VoucherNo_val_7339,Amount_val_7339,TaxRate_val_7339,Date_val_7339
7340,Matrix Precision Engineering,VoucherNo_val_7340,Amount_val_7340,TaxRate_val_7340,Date_val_7340
7341,Matrix Precision Engineering,VoucherNo_val_7341,Amount_val_7341,TaxRate_val_7341,Date_val_7341
7342,Matrix Precision Engineering,VoucherNo_val_7342,Amount_val_7342,TaxRate_val_7342,Date_val_7342
7343,Matrix Precision Engineering,VoucherNo_val_7343,Amount_val_7343,TaxRate_val_7343,Date_val_7343
7344,Matrix Precision Engineering,VoucherNo_val_7344,Amount_val_7344,TaxRate_val_7344,Date_val_7344
7345,Matrix Precision Engineering,VoucherNo_val_7345,Amount_val_7345,TaxRate_val_7345,Date_val_7345
7346,Matrix Precision Engineering,VoucherNo_val_7346,Amount_val_7346,TaxRate_val_7346,Date_val_7346
7347,Matrix Precision Engineering,VoucherNo_val_7347,Amount_val_7347,TaxRate_val_7347,Date_val_7347
7348,Matrix Precision Engineering,VoucherNo_val_7348,Amount_val_7348,TaxRate_val_7348,Date_val_7348
7349,Matrix Precision Engineering,VoucherNo_val_7349,Amount_val_7349,TaxRate_val_7349,Date_val_7349
7350,Matrix Precision Engineering,VoucherNo_val_7350,Amount_val_7350,TaxRate_val_7350,Date_val_7350
7351,Matrix Precision Engineering,VoucherNo_val_7351,Amount_val_7351,TaxRate_val_7351,Date_val_7351
7352,Matrix Precision Engineering,VoucherNo_val_7352,Amount_val_7352,TaxRate_val_7352,Date_val_7352
7353,Matrix Precision Engineering,VoucherNo_val_7353,Amount_val_7353,TaxRate_val_7353,Date_val_7353
7354,Matrix Precision Engineering,VoucherNo_val_7354,Amount_val_7354,TaxRate_val_7354,Date_val_7354
7355,Matrix Precision Engineering,VoucherNo_val_7355,Amount_val_7355,TaxRate_val_7355,Date_val_7355
7356,Matrix Precision Engineering,VoucherNo_val_7356,Amount_val_7356,TaxRate_val_7356,Date_val_7356
7357,Matrix Precision Engineering,VoucherNo_val_7357,Amount_val_7357,TaxRate_val_7357,Date_val_7357
7358,Matrix Precision Engineering,VoucherNo_val_7358,Amount_val_7358,TaxRate_val_7358,Date_val_7358
7359,Matrix Precision Engineering,VoucherNo_val_7359,Amount_val_7359,TaxRate_val_7359,Date_val_7359
7360,Matrix Precision Engineering,VoucherNo_val_7360,Amount_val_7360,TaxRate_val_7360,Date_val_7360
7361,Matrix Precision Engineering,VoucherNo_val_7361,Amount_val_7361,TaxRate_val_7361,Date_val_7361
7362,Matrix Precision Engineering,VoucherNo_val_7362,Amount_val_7362,TaxRate_val_7362,Date_val_7362
7363,Matrix Precision Engineering,VoucherNo_val_7363,Amount_val_7363,TaxRate_val_7363,Date_val_7363
7364,Matrix Precision Engineering,VoucherNo_val_7364,Amount_val_7364,TaxRate_val_7364,Date_val_7364
7365,Matrix Precision Engineering,VoucherNo_val_7365,Amount_val_7365,TaxRate_val_7365,Date_val_7365
7366,Matrix Precision Engineering,VoucherNo_val_7366,Amount_val_7366,TaxRate_val_7366,Date_val_7366
7367,Matrix Precision Engineering,VoucherNo_val_7367,Amount_val_7367,TaxRate_val_7367,Date_val_7367
7368,Matrix Precision Engineering,VoucherNo_val_7368,Amount_val_7368,TaxRate_val_7368,Date_val_7368
7369,Matrix Precision Engineering,VoucherNo_val_7369,Amount_val_7369,TaxRate_val_7369,Date_val_7369
7370,Matrix Precision Engineering,VoucherNo_val_7370,Amount_val_7370,TaxRate_val_7370,Date_val_7370
7371,Matrix Precision Engineering,VoucherNo_val_7371,Amount_val_7371,TaxRate_val_7371,Date_val_7371
7372,Matrix Precision Engineering,VoucherNo_val_7372,Amount_val_7372,TaxRate_val_7372,Date_val_7372
7373,Matrix Precision Engineering,VoucherNo_val_7373,Amount_val_7373,TaxRate_val_7373,Date_val_7373
7374,Matrix Precision Engineering,VoucherNo_val_7374,Amount_val_7374,TaxRate_val_7374,Date_val_7374
7375,Matrix Precision Engineering,VoucherNo_val_7375,Amount_val_7375,TaxRate_val_7375,Date_val_7375
7376,Matrix Precision Engineering,VoucherNo_val_7376,Amount_val_7376,TaxRate_val_7376,Date_val_7376
7377,Matrix Precision Engineering,VoucherNo_val_7377,Amount_val_7377,TaxRate_val_7377,Date_val_7377
7378,Matrix Precision Engineering,VoucherNo_val_7378,Amount_val_7378,TaxRate_val_7378,Date_val_7378
7379,Matrix Precision Engineering,VoucherNo_val_7379,Amount_val_7379,TaxRate_val_7379,Date_val_7379
7380,Matrix Precision Engineering,VoucherNo_val_7380,Amount_val_7380,TaxRate_val_7380,Date_val_7380
7381,Matrix Precision Engineering,VoucherNo_val_7381,Amount_val_7381,TaxRate_val_7381,Date_val_7381
7382,Matrix Precision Engineering,VoucherNo_val_7382,Amount_val_7382,TaxRate_val_7382,Date_val_7382
7383,Matrix Precision Engineering,VoucherNo_val_7383,Amount_val_7383,TaxRate_val_7383,Date_val_7383
7384,Matrix Precision Engineering,VoucherNo_val_7384,Amount_val_7384,TaxRate_val_7384,Date_val_7384
7385,Matrix Precision Engineering,VoucherNo_val_7385,Amount_val_7385,TaxRate_val_7385,Date_val_7385
7386,Matrix Precision Engineering,VoucherNo_val_7386,Amount_val_7386,TaxRate_val_7386,Date_val_7386
7387,Matrix Precision Engineering,VoucherNo_val_7387,Amount_val_7387,TaxRate_val_7387,Date_val_7387
7388,Matrix Precision Engineering,VoucherNo_val_7388,Amount_val_7388,TaxRate_val_7388,Date_val_7388
7389,Matrix Precision Engineering,VoucherNo_val_7389,Amount_val_7389,TaxRate_val_7389,Date_val_7389
7390,Matrix Precision Engineering,VoucherNo_val_7390,Amount_val_7390,TaxRate_val_7390,Date_val_7390
7391,Matrix Precision Engineering,VoucherNo_val_7391,Amount_val_7391,TaxRate_val_7391,Date_val_7391
7392,Matrix Precision Engineering,VoucherNo_val_7392,Amount_val_7392,TaxRate_val_7392,Date_val_7392
7393,Matrix Precision Engineering,VoucherNo_val_7393,Amount_val_7393,TaxRate_val_7393,Date_val_7393
7394,Matrix Precision Engineering,VoucherNo_val_7394,Amount_val_7394,TaxRate_val_7394,Date_val_7394
7395,Matrix Precision Engineering,VoucherNo_val_7395,Amount_val_7395,TaxRate_val_7395,Date_val_7395
7396,Matrix Precision Engineering,VoucherNo_val_7396,Amount_val_7396,TaxRate_val_7396,Date_val_7396
7397,Matrix Precision Engineering,VoucherNo_val_7397,Amount_val_7397,TaxRate_val_7397,Date_val_7397
7398,Matrix Precision Engineering,VoucherNo_val_7398,Amount_val_7398,TaxRate_val_7398,Date_val_7398
7399,Matrix Precision Engineering,VoucherNo_val_7399,Amount_val_7399,TaxRate_val_7399,Date_val_7399
7400,Matrix Precision Engineering,VoucherNo_val_7400,Amount_val_7400,TaxRate_val_7400,Date_val_7400
7401,Matrix Precision Engineering,VoucherNo_val_7401,Amount_val_7401,TaxRate_val_7401,Date_val_7401
7402,Matrix Precision Engineering,VoucherNo_val_7402,Amount_val_7402,TaxRate_val_7402,Date_val_7402
7403,Matrix Precision Engineering,VoucherNo_val_7403,Amount_val_7403,TaxRate_val_7403,Date_val_7403
7404,Matrix Precision Engineering,VoucherNo_val_7404,Amount_val_7404,TaxRate_val_7404,Date_val_7404
7405,Matrix Precision Engineering,VoucherNo_val_7405,Amount_val_7405,TaxRate_val_7405,Date_val_7405
7406,Matrix Precision Engineering,VoucherNo_val_7406,Amount_val_7406,TaxRate_val_7406,Date_val_7406
7407,Matrix Precision Engineering,VoucherNo_val_7407,Amount_val_7407,TaxRate_val_7407,Date_val_7407
7408,Matrix Precision Engineering,VoucherNo_val_7408,Amount_val_7408,TaxRate_val_7408,Date_val_7408
7409,Matrix Precision Engineering,VoucherNo_val_7409,Amount_val_7409,TaxRate_val_7409,Date_val_7409
7410,Matrix Precision Engineering,VoucherNo_val_7410,Amount_val_7410,TaxRate_val_7410,Date_val_7410
7411,Matrix Precision Engineering,VoucherNo_val_7411,Amount_val_7411,TaxRate_val_7411,Date_val_7411
7412,Matrix Precision Engineering,VoucherNo_val_7412,Amount_val_7412,TaxRate_val_7412,Date_val_7412
7413,Matrix Precision Engineering,VoucherNo_val_7413,Amount_val_7413,TaxRate_val_7413,Date_val_7413
7414,Matrix Precision Engineering,VoucherNo_val_7414,Amount_val_7414,TaxRate_val_7414,Date_val_7414
7415,Matrix Precision Engineering,VoucherNo_val_7415,Amount_val_7415,TaxRate_val_7415,Date_val_7415
7416,Matrix Precision Engineering,VoucherNo_val_7416,Amount_val_7416,TaxRate_val_7416,Date_val_7416
7417,Matrix Precision Engineering,VoucherNo_val_7417,Amount_val_7417,TaxRate_val_7417,Date_val_7417
7418,Matrix Precision Engineering,VoucherNo_val_7418,Amount_val_7418,TaxRate_val_7418,Date_val_7418
7419,Matrix Precision Engineering,VoucherNo_val_7419,Amount_val_7419,TaxRate_val_7419,Date_val_7419
7420,Matrix Precision Engineering,VoucherNo_val_7420,Amount_val_7420,TaxRate_val_7420,Date_val_7420
7421,Matrix Precision Engineering,VoucherNo_val_7421,Amount_val_7421,TaxRate_val_7421,Date_val_7421
7422,Matrix Precision Engineering,VoucherNo_val_7422,Amount_val_7422,TaxRate_val_7422,Date_val_7422
7423,Matrix Precision Engineering,VoucherNo_val_7423,Amount_val_7423,TaxRate_val_7423,Date_val_7423
7424,Matrix Precision Engineering,VoucherNo_val_7424,Amount_val_7424,TaxRate_val_7424,Date_val_7424
7425,Matrix Precision Engineering,VoucherNo_val_7425,Amount_val_7425,TaxRate_val_7425,Date_val_7425
7426,Matrix Precision Engineering,VoucherNo_val_7426,Amount_val_7426,TaxRate_val_7426,Date_val_7426
7427,Matrix Precision Engineering,VoucherNo_val_7427,Amount_val_7427,TaxRate_val_7427,Date_val_7427
7428,Matrix Precision Engineering,VoucherNo_val_7428,Amount_val_7428,TaxRate_val_7428,Date_val_7428
7429,Matrix Precision Engineering,VoucherNo_val_7429,Amount_val_7429,TaxRate_val_7429,Date_val_7429
7430,Matrix Precision Engineering,VoucherNo_val_7430,Amount_val_7430,TaxRate_val_7430,Date_val_7430
7431,Matrix Precision Engineering,VoucherNo_val_7431,Amount_val_7431,TaxRate_val_7431,Date_val_7431
7432,Matrix Precision Engineering,VoucherNo_val_7432,Amount_val_7432,TaxRate_val_7432,Date_val_7432
7433,Matrix Precision Engineering,VoucherNo_val_7433,Amount_val_7433,TaxRate_val_7433,Date_val_7433
7434,Matrix Precision Engineering,VoucherNo_val_7434,Amount_val_7434,TaxRate_val_7434,Date_val_7434
7435,Matrix Precision Engineering,VoucherNo_val_7435,Amount_val_7435,TaxRate_val_7435,Date_val_7435
7436,Matrix Precision Engineering,VoucherNo_val_7436,Amount_val_7436,TaxRate_val_7436,Date_val_7436
7437,Matrix Precision Engineering,VoucherNo_val_7437,Amount_val_7437,TaxRate_val_7437,Date_val_7437
7438,Matrix Precision Engineering,VoucherNo_val_7438,Amount_val_7438,TaxRate_val_7438,Date_val_7438
7439,Matrix Precision Engineering,VoucherNo_val_7439,Amount_val_7439,TaxRate_val_7439,Date_val_7439
7440,Matrix Precision Engineering,VoucherNo_val_7440,Amount_val_7440,TaxRate_val_7440,Date_val_7440
7441,Matrix Precision Engineering,VoucherNo_val_7441,Amount_val_7441,TaxRate_val_7441,Date_val_7441
7442,Matrix Precision Engineering,VoucherNo_val_7442,Amount_val_7442,TaxRate_val_7442,Date_val_7442
7443,Matrix Precision Engineering,VoucherNo_val_7443,Amount_val_7443,TaxRate_val_7443,Date_val_7443
7444,Matrix Precision Engineering,VoucherNo_val_7444,Amount_val_7444,TaxRate_val_7444,Date_val_7444
7445,Matrix Precision Engineering,VoucherNo_val_7445,Amount_val_7445,TaxRate_val_7445,Date_val_7445
7446,Matrix Precision Engineering,VoucherNo_val_7446,Amount_val_7446,TaxRate_val_7446,Date_val_7446
7447,Matrix Precision Engineering,VoucherNo_val_7447,Amount_val_7447,TaxRate_val_7447,Date_val_7447
7448,Matrix Precision Engineering,VoucherNo_val_7448,Amount_val_7448,TaxRate_val_7448,Date_val_7448
7449,Matrix Precision Engineering,VoucherNo_val_7449,Amount_val_7449,TaxRate_val_7449,Date_val_7449
7450,Matrix Precision Engineering,VoucherNo_val_7450,Amount_val_7450,TaxRate_val_7450,Date_val_7450
7451,Matrix Precision Engineering,VoucherNo_val_7451,Amount_val_7451,TaxRate_val_7451,Date_val_7451
7452,Matrix Precision Engineering,VoucherNo_val_7452,Amount_val_7452,TaxRate_val_7452,Date_val_7452
7453,Matrix Precision Engineering,VoucherNo_val_7453,Amount_val_7453,TaxRate_val_7453,Date_val_7453
7454,Matrix Precision Engineering,VoucherNo_val_7454,Amount_val_7454,TaxRate_val_7454,Date_val_7454
7455,Matrix Precision Engineering,VoucherNo_val_7455,Amount_val_7455,TaxRate_val_7455,Date_val_7455
7456,Matrix Precision Engineering,VoucherNo_val_7456,Amount_val_7456,TaxRate_val_7456,Date_val_7456
7457,Matrix Precision Engineering,VoucherNo_val_7457,Amount_val_7457,TaxRate_val_7457,Date_val_7457
7458,Matrix Precision Engineering,VoucherNo_val_7458,Amount_val_7458,TaxRate_val_7458,Date_val_7458
7459,Matrix Precision Engineering,VoucherNo_val_7459,Amount_val_7459,TaxRate_val_7459,Date_val_7459
7460,Matrix Precision Engineering,VoucherNo_val_7460,Amount_val_7460,TaxRate_val_7460,Date_val_7460
7461,Matrix Precision Engineering,VoucherNo_val_7461,Amount_val_7461,TaxRate_val_7461,Date_val_7461
7462,Matrix Precision Engineering,VoucherNo_val_7462,Amount_val_7462,TaxRate_val_7462,Date_val_7462
7463,Matrix Precision Engineering,VoucherNo_val_7463,Amount_val_7463,TaxRate_val_7463,Date_val_7463
7464,Matrix Precision Engineering,VoucherNo_val_7464,Amount_val_7464,TaxRate_val_7464,Date_val_7464
7465,Matrix Precision Engineering,VoucherNo_val_7465,Amount_val_7465,TaxRate_val_7465,Date_val_7465
7466,Matrix Precision Engineering,VoucherNo_val_7466,Amount_val_7466,TaxRate_val_7466,Date_val_7466
7467,Matrix Precision Engineering,VoucherNo_val_7467,Amount_val_7467,TaxRate_val_7467,Date_val_7467
7468,Matrix Precision Engineering,VoucherNo_val_7468,Amount_val_7468,TaxRate_val_7468,Date_val_7468
7469,Matrix Precision Engineering,VoucherNo_val_7469,Amount_val_7469,TaxRate_val_7469,Date_val_7469
7470,Matrix Precision Engineering,VoucherNo_val_7470,Amount_val_7470,TaxRate_val_7470,Date_val_7470
7471,Matrix Precision Engineering,VoucherNo_val_7471,Amount_val_7471,TaxRate_val_7471,Date_val_7471
7472,Matrix Precision Engineering,VoucherNo_val_7472,Amount_val_7472,TaxRate_val_7472,Date_val_7472
7473,Matrix Precision Engineering,VoucherNo_val_7473,Amount_val_7473,TaxRate_val_7473,Date_val_7473
7474,Matrix Precision Engineering,VoucherNo_val_7474,Amount_val_7474,TaxRate_val_7474,Date_val_7474
7475,Matrix Precision Engineering,VoucherNo_val_7475,Amount_val_7475,TaxRate_val_7475,Date_val_7475
7476,Matrix Precision Engineering,VoucherNo_val_7476,Amount_val_7476,TaxRate_val_7476,Date_val_7476
7477,Matrix Precision Engineering,VoucherNo_val_7477,Amount_val_7477,TaxRate_val_7477,Date_val_7477
7478,Matrix Precision Engineering,VoucherNo_val_7478,Amount_val_7478,TaxRate_val_7478,Date_val_7478
7479,Matrix Precision Engineering,VoucherNo_val_7479,Amount_val_7479,TaxRate_val_7479,Date_val_7479
7480,Matrix Precision Engineering,VoucherNo_val_7480,Amount_val_7480,TaxRate_val_7480,Date_val_7480
7481,Matrix Precision Engineering,VoucherNo_val_7481,Amount_val_7481,TaxRate_val_7481,Date_val_7481
7482,Matrix Precision Engineering,VoucherNo_val_7482,Amount_val_7482,TaxRate_val_7482,Date_val_7482
7483,Matrix Precision Engineering,VoucherNo_val_7483,Amount_val_7483,TaxRate_val_7483,Date_val_7483
7484,Matrix Precision Engineering,VoucherNo_val_7484,Amount_val_7484,TaxRate_val_7484,Date_val_7484
7485,Matrix Precision Engineering,VoucherNo_val_7485,Amount_val_7485,TaxRate_val_7485,Date_val_7485
7486,Matrix Precision Engineering,VoucherNo_val_7486,Amount_val_7486,TaxRate_val_7486,Date_val_7486
7487,Matrix Precision Engineering,VoucherNo_val_7487,Amount_val_7487,TaxRate_val_7487,Date_val_7487
7488,Matrix Precision Engineering,VoucherNo_val_7488,Amount_val_7488,TaxRate_val_7488,Date_val_7488
7489,Matrix Precision Engineering,VoucherNo_val_7489,Amount_val_7489,TaxRate_val_7489,Date_val_7489
7490,Matrix Precision Engineering,VoucherNo_val_7490,Amount_val_7490,TaxRate_val_7490,Date_val_7490
7491,Matrix Precision Engineering,VoucherNo_val_7491,Amount_val_7491,TaxRate_val_7491,Date_val_7491
7492,Matrix Precision Engineering,VoucherNo_val_7492,Amount_val_7492,TaxRate_val_7492,Date_val_7492
7493,Matrix Precision Engineering,VoucherNo_val_7493,Amount_val_7493,TaxRate_val_7493,Date_val_7493
7494,Matrix Precision Engineering,VoucherNo_val_7494,Amount_val_7494,TaxRate_val_7494,Date_val_7494
7495,Matrix Precision Engineering,VoucherNo_val_7495,Amount_val_7495,TaxRate_val_7495,Date_val_7495
7496,Matrix Precision Engineering,VoucherNo_val_7496,Amount_val_7496,TaxRate_val_7496,Date_val_7496
7497,Matrix Precision Engineering,VoucherNo_val_7497,Amount_val_7497,TaxRate_val_7497,Date_val_7497
7498,Matrix Precision Engineering,VoucherNo_val_7498,Amount_val_7498,TaxRate_val_7498,Date_val_7498
7499,Matrix Precision Engineering,VoucherNo_val_7499,Amount_val_7499,TaxRate_val_7499,Date_val_7499
7500,Matrix Precision Engineering,VoucherNo_val_7500,Amount_val_7500,TaxRate_val_7500,Date_val_7500
7501,Matrix Precision Engineering,VoucherNo_val_7501,Amount_val_7501,TaxRate_val_7501,Date_val_7501
7502,Matrix Precision Engineering,VoucherNo_val_7502,Amount_val_7502,TaxRate_val_7502,Date_val_7502
7503,Matrix Precision Engineering,VoucherNo_val_7503,Amount_val_7503,TaxRate_val_7503,Date_val_7503
7504,Matrix Precision Engineering,VoucherNo_val_7504,Amount_val_7504,TaxRate_val_7504,Date_val_7504
7505,Matrix Precision Engineering,VoucherNo_val_7505,Amount_val_7505,TaxRate_val_7505,Date_val_7505
7506,Matrix Precision Engineering,VoucherNo_val_7506,Amount_val_7506,TaxRate_val_7506,Date_val_7506
7507,Matrix Precision Engineering,VoucherNo_val_7507,Amount_val_7507,TaxRate_val_7507,Date_val_7507
7508,Matrix Precision Engineering,VoucherNo_val_7508,Amount_val_7508,TaxRate_val_7508,Date_val_7508
7509,Matrix Precision Engineering,VoucherNo_val_7509,Amount_val_7509,TaxRate_val_7509,Date_val_7509
7510,Matrix Precision Engineering,VoucherNo_val_7510,Amount_val_7510,TaxRate_val_7510,Date_val_7510
7511,Matrix Precision Engineering,VoucherNo_val_7511,Amount_val_7511,TaxRate_val_7511,Date_val_7511
7512,Matrix Precision Engineering,VoucherNo_val_7512,Amount_val_7512,TaxRate_val_7512,Date_val_7512
7513,Matrix Precision Engineering,VoucherNo_val_7513,Amount_val_7513,TaxRate_val_7513,Date_val_7513
7514,Matrix Precision Engineering,VoucherNo_val_7514,Amount_val_7514,TaxRate_val_7514,Date_val_7514
7515,Matrix Precision Engineering,VoucherNo_val_7515,Amount_val_7515,TaxRate_val_7515,Date_val_7515
7516,Matrix Precision Engineering,VoucherNo_val_7516,Amount_val_7516,TaxRate_val_7516,Date_val_7516
7517,Matrix Precision Engineering,VoucherNo_val_7517,Amount_val_7517,TaxRate_val_7517,Date_val_7517
7518,Matrix Precision Engineering,VoucherNo_val_7518,Amount_val_7518,TaxRate_val_7518,Date_val_7518
7519,Matrix Precision Engineering,VoucherNo_val_7519,Amount_val_7519,TaxRate_val_7519,Date_val_7519
7520,Matrix Precision Engineering,VoucherNo_val_7520,Amount_val_7520,TaxRate_val_7520,Date_val_7520
7521,Matrix Precision Engineering,VoucherNo_val_7521,Amount_val_7521,TaxRate_val_7521,Date_val_7521
7522,Matrix Precision Engineering,VoucherNo_val_7522,Amount_val_7522,TaxRate_val_7522,Date_val_7522
7523,Matrix Precision Engineering,VoucherNo_val_7523,Amount_val_7523,TaxRate_val_7523,Date_val_7523
7524,Matrix Precision Engineering,VoucherNo_val_7524,Amount_val_7524,TaxRate_val_7524,Date_val_7524
7525,Matrix Precision Engineering,VoucherNo_val_7525,Amount_val_7525,TaxRate_val_7525,Date_val_7525
7526,Matrix Precision Engineering,VoucherNo_val_7526,Amount_val_7526,TaxRate_val_7526,Date_val_7526
7527,Matrix Precision Engineering,VoucherNo_val_7527,Amount_val_7527,TaxRate_val_7527,Date_val_7527
7528,Matrix Precision Engineering,VoucherNo_val_7528,Amount_val_7528,TaxRate_val_7528,Date_val_7528
7529,Matrix Precision Engineering,VoucherNo_val_7529,Amount_val_7529,TaxRate_val_7529,Date_val_7529
7530,Matrix Precision Engineering,VoucherNo_val_7530,Amount_val_7530,TaxRate_val_7530,Date_val_7530
7531,Matrix Precision Engineering,VoucherNo_val_7531,Amount_val_7531,TaxRate_val_7531,Date_val_7531
7532,Matrix Precision Engineering,VoucherNo_val_7532,Amount_val_7532,TaxRate_val_7532,Date_val_7532
7533,Matrix Precision Engineering,VoucherNo_val_7533,Amount_val_7533,TaxRate_val_7533,Date_val_7533
7534,Matrix Precision Engineering,VoucherNo_val_7534,Amount_val_7534,TaxRate_val_7534,Date_val_7534
7535,Matrix Precision Engineering,VoucherNo_val_7535,Amount_val_7535,TaxRate_val_7535,Date_val_7535
7536,Matrix Precision Engineering,VoucherNo_val_7536,Amount_val_7536,TaxRate_val_7536,Date_val_7536
7537,Matrix Precision Engineering,VoucherNo_val_7537,Amount_val_7537,TaxRate_val_7537,Date_val_7537
7538,Matrix Precision Engineering,VoucherNo_val_7538,Amount_val_7538,TaxRate_val_7538,Date_val_7538
7539,Matrix Precision Engineering,VoucherNo_val_7539,Amount_val_7539,TaxRate_val_7539,Date_val_7539
7540,Matrix Precision Engineering,VoucherNo_val_7540,Amount_val_7540,TaxRate_val_7540,Date_val_7540
7541,Matrix Precision Engineering,VoucherNo_val_7541,Amount_val_7541,TaxRate_val_7541,Date_val_7541
7542,Matrix Precision Engineering,VoucherNo_val_7542,Amount_val_7542,TaxRate_val_7542,Date_val_7542
7543,Matrix Precision Engineering,VoucherNo_val_7543,Amount_val_7543,TaxRate_val_7543,Date_val_7543
7544,Matrix Precision Engineering,VoucherNo_val_7544,Amount_val_7544,TaxRate_val_7544,Date_val_7544
7545,Matrix Precision Engineering,VoucherNo_val_7545,Amount_val_7545,TaxRate_val_7545,Date_val_7545
7546,Matrix Precision Engineering,VoucherNo_val_7546,Amount_val_7546,TaxRate_val_7546,Date_val_7546
7547,Matrix Precision Engineering,VoucherNo_val_7547,Amount_val_7547,TaxRate_val_7547,Date_val_7547
7548,Matrix Precision Engineering,VoucherNo_val_7548,Amount_val_7548,TaxRate_val_7548,Date_val_7548
7549,Matrix Precision Engineering,VoucherNo_val_7549,Amount_val_7549,TaxRate_val_7549,Date_val_7549
7550,Matrix Precision Engineering,VoucherNo_val_7550,Amount_val_7550,TaxRate_val_7550,Date_val_7550
7551,Matrix Precision Engineering,VoucherNo_val_7551,Amount_val_7551,TaxRate_val_7551,Date_val_7551
7552,Matrix Precision Engineering,VoucherNo_val_7552,Amount_val_7552,TaxRate_val_7552,Date_val_7552
7553,Matrix Precision Engineering,VoucherNo_val_7553,Amount_val_7553,TaxRate_val_7553,Date_val_7553
7554,Matrix Precision Engineering,VoucherNo_val_7554,Amount_val_7554,TaxRate_val_7554,Date_val_7554
7555,Matrix Precision Engineering,VoucherNo_val_7555,Amount_val_7555,TaxRate_val_7555,Date_val_7555
7556,Matrix Precision Engineering,VoucherNo_val_7556,Amount_val_7556,TaxRate_val_7556,Date_val_7556
7557,Matrix Precision Engineering,VoucherNo_val_7557,Amount_val_7557,TaxRate_val_7557,Date_val_7557
7558,Matrix Precision Engineering,VoucherNo_val_7558,Amount_val_7558,TaxRate_val_7558,Date_val_7558
7559,Matrix Precision Engineering,VoucherNo_val_7559,Amount_val_7559,TaxRate_val_7559,Date_val_7559
7560,Matrix Precision Engineering,VoucherNo_val_7560,Amount_val_7560,TaxRate_val_7560,Date_val_7560
7561,Matrix Precision Engineering,VoucherNo_val_7561,Amount_val_7561,TaxRate_val_7561,Date_val_7561
7562,Matrix Precision Engineering,VoucherNo_val_7562,Amount_val_7562,TaxRate_val_7562,Date_val_7562
7563,Matrix Precision Engineering,VoucherNo_val_7563,Amount_val_7563,TaxRate_val_7563,Date_val_7563
7564,Matrix Precision Engineering,VoucherNo_val_7564,Amount_val_7564,TaxRate_val_7564,Date_val_7564
7565,Matrix Precision Engineering,VoucherNo_val_7565,Amount_val_7565,TaxRate_val_7565,Date_val_7565
7566,Matrix Precision Engineering,VoucherNo_val_7566,Amount_val_7566,TaxRate_val_7566,Date_val_7566
7567,Matrix Precision Engineering,VoucherNo_val_7567,Amount_val_7567,TaxRate_val_7567,Date_val_7567
7568,Matrix Precision Engineering,VoucherNo_val_7568,Amount_val_7568,TaxRate_val_7568,Date_val_7568
7569,Matrix Precision Engineering,VoucherNo_val_7569,Amount_val_7569,TaxRate_val_7569,Date_val_7569
7570,Matrix Precision Engineering,VoucherNo_val_7570,Amount_val_7570,TaxRate_val_7570,Date_val_7570
7571,Matrix Precision Engineering,VoucherNo_val_7571,Amount_val_7571,TaxRate_val_7571,Date_val_7571
7572,Matrix Precision Engineering,VoucherNo_val_7572,Amount_val_7572,TaxRate_val_7572,Date_val_7572
7573,Matrix Precision Engineering,VoucherNo_val_7573,Amount_val_7573,TaxRate_val_7573,Date_val_7573
7574,Matrix Precision Engineering,VoucherNo_val_7574,Amount_val_7574,TaxRate_val_7574,Date_val_7574
7575,Matrix Precision Engineering,VoucherNo_val_7575,Amount_val_7575,TaxRate_val_7575,Date_val_7575
7576,Matrix Precision Engineering,VoucherNo_val_7576,Amount_val_7576,TaxRate_val_7576,Date_val_7576
7577,Matrix Precision Engineering,VoucherNo_val_7577,Amount_val_7577,TaxRate_val_7577,Date_val_7577
7578,Matrix Precision Engineering,VoucherNo_val_7578,Amount_val_7578,TaxRate_val_7578,Date_val_7578
7579,Matrix Precision Engineering,VoucherNo_val_7579,Amount_val_7579,TaxRate_val_7579,Date_val_7579
7580,Matrix Precision Engineering,VoucherNo_val_7580,Amount_val_7580,TaxRate_val_7580,Date_val_7580
7581,Matrix Precision Engineering,VoucherNo_val_7581,Amount_val_7581,TaxRate_val_7581,Date_val_7581
7582,Matrix Precision Engineering,VoucherNo_val_7582,Amount_val_7582,TaxRate_val_7582,Date_val_7582
7583,Matrix Precision Engineering,VoucherNo_val_7583,Amount_val_7583,TaxRate_val_7583,Date_val_7583
7584,Matrix Precision Engineering,VoucherNo_val_7584,Amount_val_7584,TaxRate_val_7584,Date_val_7584
7585,Matrix Precision Engineering,VoucherNo_val_7585,Amount_val_7585,TaxRate_val_7585,Date_val_7585
7586,Matrix Precision Engineering,VoucherNo_val_7586,Amount_val_7586,TaxRate_val_7586,Date_val_7586
7587,Matrix Precision Engineering,VoucherNo_val_7587,Amount_val_7587,TaxRate_val_7587,Date_val_7587
7588,Matrix Precision Engineering,VoucherNo_val_7588,Amount_val_7588,TaxRate_val_7588,Date_val_7588
7589,Matrix Precision Engineering,VoucherNo_val_7589,Amount_val_7589,TaxRate_val_7589,Date_val_7589
7590,Matrix Precision Engineering,VoucherNo_val_7590,Amount_val_7590,TaxRate_val_7590,Date_val_7590
7591,Matrix Precision Engineering,VoucherNo_val_7591,Amount_val_7591,TaxRate_val_7591,Date_val_7591
7592,Matrix Precision Engineering,VoucherNo_val_7592,Amount_val_7592,TaxRate_val_7592,Date_val_7592
7593,Matrix Precision Engineering,VoucherNo_val_7593,Amount_val_7593,TaxRate_val_7593,Date_val_7593
7594,Matrix Precision Engineering,VoucherNo_val_7594,Amount_val_7594,TaxRate_val_7594,Date_val_7594
7595,Matrix Precision Engineering,VoucherNo_val_7595,Amount_val_7595,TaxRate_val_7595,Date_val_7595
7596,Matrix Precision Engineering,VoucherNo_val_7596,Amount_val_7596,TaxRate_val_7596,Date_val_7596
7597,Matrix Precision Engineering,VoucherNo_val_7597,Amount_val_7597,TaxRate_val_7597,Date_val_7597
7598,Matrix Precision Engineering,VoucherNo_val_7598,Amount_val_7598,TaxRate_val_7598,Date_val_7598
7599,Matrix Precision Engineering,VoucherNo_val_7599,Amount_val_7599,TaxRate_val_7599,Date_val_7599
7600,Matrix Precision Engineering,VoucherNo_val_7600,Amount_val_7600,TaxRate_val_7600,Date_val_7600
7601,Matrix Precision Engineering,VoucherNo_val_7601,Amount_val_7601,TaxRate_val_7601,Date_val_7601
7602,Matrix Precision Engineering,VoucherNo_val_7602,Amount_val_7602,TaxRate_val_7602,Date_val_7602
7603,Matrix Precision Engineering,VoucherNo_val_7603,Amount_val_7603,TaxRate_val_7603,Date_val_7603
7604,Matrix Precision Engineering,VoucherNo_val_7604,Amount_val_7604,TaxRate_val_7604,Date_val_7604
7605,Matrix Precision Engineering,VoucherNo_val_7605,Amount_val_7605,TaxRate_val_7605,Date_val_7605
7606,Matrix Precision Engineering,VoucherNo_val_7606,Amount_val_7606,TaxRate_val_7606,Date_val_7606
7607,Matrix Precision Engineering,VoucherNo_val_7607,Amount_val_7607,TaxRate_val_7607,Date_val_7607
7608,Matrix Precision Engineering,VoucherNo_val_7608,Amount_val_7608,TaxRate_val_7608,Date_val_7608
7609,Matrix Precision Engineering,VoucherNo_val_7609,Amount_val_7609,TaxRate_val_7609,Date_val_7609
7610,Matrix Precision Engineering,VoucherNo_val_7610,Amount_val_7610,TaxRate_val_7610,Date_val_7610
7611,Matrix Precision Engineering,VoucherNo_val_7611,Amount_val_7611,TaxRate_val_7611,Date_val_7611
7612,Matrix Precision Engineering,VoucherNo_val_7612,Amount_val_7612,TaxRate_val_7612,Date_val_7612
7613,Matrix Precision Engineering,VoucherNo_val_7613,Amount_val_7613,TaxRate_val_7613,Date_val_7613
7614,Matrix Precision Engineering,VoucherNo_val_7614,Amount_val_7614,TaxRate_val_7614,Date_val_7614
7615,Matrix Precision Engineering,VoucherNo_val_7615,Amount_val_7615,TaxRate_val_7615,Date_val_7615
7616,Matrix Precision Engineering,VoucherNo_val_7616,Amount_val_7616,TaxRate_val_7616,Date_val_7616
7617,Matrix Precision Engineering,VoucherNo_val_7617,Amount_val_7617,TaxRate_val_7617,Date_val_7617
7618,Matrix Precision Engineering,VoucherNo_val_7618,Amount_val_7618,TaxRate_val_7618,Date_val_7618
7619,Matrix Precision Engineering,VoucherNo_val_7619,Amount_val_7619,TaxRate_val_7619,Date_val_7619
7620,Matrix Precision Engineering,VoucherNo_val_7620,Amount_val_7620,TaxRate_val_7620,Date_val_7620
7621,Matrix Precision Engineering,VoucherNo_val_7621,Amount_val_7621,TaxRate_val_7621,Date_val_7621
7622,Matrix Precision Engineering,VoucherNo_val_7622,Amount_val_7622,TaxRate_val_7622,Date_val_7622
7623,Matrix Precision Engineering,VoucherNo_val_7623,Amount_val_7623,TaxRate_val_7623,Date_val_7623
7624,Matrix Precision Engineering,VoucherNo_val_7624,Amount_val_7624,TaxRate_val_7624,Date_val_7624
7625,Matrix Precision Engineering,VoucherNo_val_7625,Amount_val_7625,TaxRate_val_7625,Date_val_7625
7626,Matrix Precision Engineering,VoucherNo_val_7626,Amount_val_7626,TaxRate_val_7626,Date_val_7626
7627,Matrix Precision Engineering,VoucherNo_val_7627,Amount_val_7627,TaxRate_val_7627,Date_val_7627
7628,Matrix Precision Engineering,VoucherNo_val_7628,Amount_val_7628,TaxRate_val_7628,Date_val_7628
7629,Matrix Precision Engineering,VoucherNo_val_7629,Amount_val_7629,TaxRate_val_7629,Date_val_7629
7630,Matrix Precision Engineering,VoucherNo_val_7630,Amount_val_7630,TaxRate_val_7630,Date_val_7630
7631,Matrix Precision Engineering,VoucherNo_val_7631,Amount_val_7631,TaxRate_val_7631,Date_val_7631
7632,Matrix Precision Engineering,VoucherNo_val_7632,Amount_val_7632,TaxRate_val_7632,Date_val_7632
7633,Matrix Precision Engineering,VoucherNo_val_7633,Amount_val_7633,TaxRate_val_7633,Date_val_7633
7634,Matrix Precision Engineering,VoucherNo_val_7634,Amount_val_7634,TaxRate_val_7634,Date_val_7634
7635,Matrix Precision Engineering,VoucherNo_val_7635,Amount_val_7635,TaxRate_val_7635,Date_val_7635
7636,Matrix Precision Engineering,VoucherNo_val_7636,Amount_val_7636,TaxRate_val_7636,Date_val_7636
7637,Matrix Precision Engineering,VoucherNo_val_7637,Amount_val_7637,TaxRate_val_7637,Date_val_7637
7638,Matrix Precision Engineering,VoucherNo_val_7638,Amount_val_7638,TaxRate_val_7638,Date_val_7638
7639,Matrix Precision Engineering,VoucherNo_val_7639,Amount_val_7639,TaxRate_val_7639,Date_val_7639
7640,Matrix Precision Engineering,VoucherNo_val_7640,Amount_val_7640,TaxRate_val_7640,Date_val_7640
7641,Matrix Precision Engineering,VoucherNo_val_7641,Amount_val_7641,TaxRate_val_7641,Date_val_7641
7642,Matrix Precision Engineering,VoucherNo_val_7642,Amount_val_7642,TaxRate_val_7642,Date_val_7642
7643,Matrix Precision Engineering,VoucherNo_val_7643,Amount_val_7643,TaxRate_val_7643,Date_val_7643
7644,Matrix Precision Engineering,VoucherNo_val_7644,Amount_val_7644,TaxRate_val_7644,Date_val_7644
7645,Matrix Precision Engineering,VoucherNo_val_7645,Amount_val_7645,TaxRate_val_7645,Date_val_7645
7646,Matrix Precision Engineering,VoucherNo_val_7646,Amount_val_7646,TaxRate_val_7646,Date_val_7646
7647,Matrix Precision Engineering,VoucherNo_val_7647,Amount_val_7647,TaxRate_val_7647,Date_val_7647
7648,Matrix Precision Engineering,VoucherNo_val_7648,Amount_val_7648,TaxRate_val_7648,Date_val_7648
7649,Matrix Precision Engineering,VoucherNo_val_7649,Amount_val_7649,TaxRate_val_7649,Date_val_7649
7650,Matrix Precision Engineering,VoucherNo_val_7650,Amount_val_7650,TaxRate_val_7650,Date_val_7650
7651,Matrix Precision Engineering,VoucherNo_val_7651,Amount_val_7651,TaxRate_val_7651,Date_val_7651
7652,Matrix Precision Engineering,VoucherNo_val_7652,Amount_val_7652,TaxRate_val_7652,Date_val_7652
7653,Matrix Precision Engineering,VoucherNo_val_7653,Amount_val_7653,TaxRate_val_7653,Date_val_7653
7654,Matrix Precision Engineering,VoucherNo_val_7654,Amount_val_7654,TaxRate_val_7654,Date_val_7654
7655,Matrix Precision Engineering,VoucherNo_val_7655,Amount_val_7655,TaxRate_val_7655,Date_val_7655
7656,Matrix Precision Engineering,VoucherNo_val_7656,Amount_val_7656,TaxRate_val_7656,Date_val_7656
7657,Matrix Precision Engineering,VoucherNo_val_7657,Amount_val_7657,TaxRate_val_7657,Date_val_7657
7658,Matrix Precision Engineering,VoucherNo_val_7658,Amount_val_7658,TaxRate_val_7658,Date_val_7658
7659,Matrix Precision Engineering,VoucherNo_val_7659,Amount_val_7659,TaxRate_val_7659,Date_val_7659
7660,Matrix Precision Engineering,VoucherNo_val_7660,Amount_val_7660,TaxRate_val_7660,Date_val_7660
7661,Matrix Precision Engineering,VoucherNo_val_7661,Amount_val_7661,TaxRate_val_7661,Date_val_7661
7662,Matrix Precision Engineering,VoucherNo_val_7662,Amount_val_7662,TaxRate_val_7662,Date_val_7662
7663,Matrix Precision Engineering,VoucherNo_val_7663,Amount_val_7663,TaxRate_val_7663,Date_val_7663
7664,Matrix Precision Engineering,VoucherNo_val_7664,Amount_val_7664,TaxRate_val_7664,Date_val_7664
7665,Matrix Precision Engineering,VoucherNo_val_7665,Amount_val_7665,TaxRate_val_7665,Date_val_7665
7666,Matrix Precision Engineering,VoucherNo_val_7666,Amount_val_7666,TaxRate_val_7666,Date_val_7666
7667,Matrix Precision Engineering,VoucherNo_val_7667,Amount_val_7667,TaxRate_val_7667,Date_val_7667
7668,Matrix Precision Engineering,VoucherNo_val_7668,Amount_val_7668,TaxRate_val_7668,Date_val_7668
7669,Matrix Precision Engineering,VoucherNo_val_7669,Amount_val_7669,TaxRate_val_7669,Date_val_7669
7670,Matrix Precision Engineering,VoucherNo_val_7670,Amount_val_7670,TaxRate_val_7670,Date_val_7670
7671,Matrix Precision Engineering,VoucherNo_val_7671,Amount_val_7671,TaxRate_val_7671,Date_val_7671
7672,Matrix Precision Engineering,VoucherNo_val_7672,Amount_val_7672,TaxRate_val_7672,Date_val_7672
7673,Matrix Precision Engineering,VoucherNo_val_7673,Amount_val_7673,TaxRate_val_7673,Date_val_7673
7674,Matrix Precision Engineering,VoucherNo_val_7674,Amount_val_7674,TaxRate_val_7674,Date_val_7674
7675,Matrix Precision Engineering,VoucherNo_val_7675,Amount_val_7675,TaxRate_val_7675,Date_val_7675
7676,Matrix Precision Engineering,VoucherNo_val_7676,Amount_val_7676,TaxRate_val_7676,Date_val_7676
7677,Matrix Precision Engineering,VoucherNo_val_7677,Amount_val_7677,TaxRate_val_7677,Date_val_7677
7678,Matrix Precision Engineering,VoucherNo_val_7678,Amount_val_7678,TaxRate_val_7678,Date_val_7678
7679,Matrix Precision Engineering,VoucherNo_val_7679,Amount_val_7679,TaxRate_val_7679,Date_val_7679
7680,Matrix Precision Engineering,VoucherNo_val_7680,Amount_val_7680,TaxRate_val_7680,Date_val_7680
7681,Matrix Precision Engineering,VoucherNo_val_7681,Amount_val_7681,TaxRate_val_7681,Date_val_7681
7682,Matrix Precision Engineering,VoucherNo_val_7682,Amount_val_7682,TaxRate_val_7682,Date_val_7682
7683,Matrix Precision Engineering,VoucherNo_val_7683,Amount_val_7683,TaxRate_val_7683,Date_val_7683
7684,Matrix Precision Engineering,VoucherNo_val_7684,Amount_val_7684,TaxRate_val_7684,Date_val_7684
7685,Matrix Precision Engineering,VoucherNo_val_7685,Amount_val_7685,TaxRate_val_7685,Date_val_7685
7686,Matrix Precision Engineering,VoucherNo_val_7686,Amount_val_7686,TaxRate_val_7686,Date_val_7686
7687,Matrix Precision Engineering,VoucherNo_val_7687,Amount_val_7687,TaxRate_val_7687,Date_val_7687
7688,Matrix Precision Engineering,VoucherNo_val_7688,Amount_val_7688,TaxRate_val_7688,Date_val_7688
7689,Matrix Precision Engineering,VoucherNo_val_7689,Amount_val_7689,TaxRate_val_7689,Date_val_7689
7690,Matrix Precision Engineering,VoucherNo_val_7690,Amount_val_7690,TaxRate_val_7690,Date_val_7690
7691,Matrix Precision Engineering,VoucherNo_val_7691,Amount_val_7691,TaxRate_val_7691,Date_val_7691
7692,Matrix Precision Engineering,VoucherNo_val_7692,Amount_val_7692,TaxRate_val_7692,Date_val_7692
7693,Matrix Precision Engineering,VoucherNo_val_7693,Amount_val_7693,TaxRate_val_7693,Date_val_7693
7694,Matrix Precision Engineering,VoucherNo_val_7694,Amount_val_7694,TaxRate_val_7694,Date_val_7694
7695,Matrix Precision Engineering,VoucherNo_val_7695,Amount_val_7695,TaxRate_val_7695,Date_val_7695
7696,Matrix Precision Engineering,VoucherNo_val_7696,Amount_val_7696,TaxRate_val_7696,Date_val_7696
7697,Matrix Precision Engineering,VoucherNo_val_7697,Amount_val_7697,TaxRate_val_7697,Date_val_7697
7698,Matrix Precision Engineering,VoucherNo_val_7698,Amount_val_7698,TaxRate_val_7698,Date_val_7698
7699,Matrix Precision Engineering,VoucherNo_val_7699,Amount_val_7699,TaxRate_val_7699,Date_val_7699
7700,Matrix Precision Engineering,VoucherNo_val_7700,Amount_val_7700,TaxRate_val_7700,Date_val_7700
7701,Matrix Precision Engineering,VoucherNo_val_7701,Amount_val_7701,TaxRate_val_7701,Date_val_7701
7702,Matrix Precision Engineering,VoucherNo_val_7702,Amount_val_7702,TaxRate_val_7702,Date_val_7702
7703,Matrix Precision Engineering,VoucherNo_val_7703,Amount_val_7703,TaxRate_val_7703,Date_val_7703
7704,Matrix Precision Engineering,VoucherNo_val_7704,Amount_val_7704,TaxRate_val_7704,Date_val_7704
7705,Matrix Precision Engineering,VoucherNo_val_7705,Amount_val_7705,TaxRate_val_7705,Date_val_7705
7706,Matrix Precision Engineering,VoucherNo_val_7706,Amount_val_7706,TaxRate_val_7706,Date_val_7706
7707,Matrix Precision Engineering,VoucherNo_val_7707,Amount_val_7707,TaxRate_val_7707,Date_val_7707
7708,Matrix Precision Engineering,VoucherNo_val_7708,Amount_val_7708,TaxRate_val_7708,Date_val_7708
7709,Matrix Precision Engineering,VoucherNo_val_7709,Amount_val_7709,TaxRate_val_7709,Date_val_7709
7710,Matrix Precision Engineering,VoucherNo_val_7710,Amount_val_7710,TaxRate_val_7710,Date_val_7710
7711,Matrix Precision Engineering,VoucherNo_val_7711,Amount_val_7711,TaxRate_val_7711,Date_val_7711
7712,Matrix Precision Engineering,VoucherNo_val_7712,Amount_val_7712,TaxRate_val_7712,Date_val_7712
7713,Matrix Precision Engineering,VoucherNo_val_7713,Amount_val_7713,TaxRate_val_7713,Date_val_7713
7714,Matrix Precision Engineering,VoucherNo_val_7714,Amount_val_7714,TaxRate_val_7714,Date_val_7714
7715,Matrix Precision Engineering,VoucherNo_val_7715,Amount_val_7715,TaxRate_val_7715,Date_val_7715
7716,Matrix Precision Engineering,VoucherNo_val_7716,Amount_val_7716,TaxRate_val_7716,Date_val_7716
7717,Matrix Precision Engineering,VoucherNo_val_7717,Amount_val_7717,TaxRate_val_7717,Date_val_7717
7718,Matrix Precision Engineering,VoucherNo_val_7718,Amount_val_7718,TaxRate_val_7718,Date_val_7718
7719,Matrix Precision Engineering,VoucherNo_val_7719,Amount_val_7719,TaxRate_val_7719,Date_val_7719
7720,Matrix Precision Engineering,VoucherNo_val_7720,Amount_val_7720,TaxRate_val_7720,Date_val_7720
7721,Matrix Precision Engineering,VoucherNo_val_7721,Amount_val_7721,TaxRate_val_7721,Date_val_7721
7722,Matrix Precision Engineering,VoucherNo_val_7722,Amount_val_7722,TaxRate_val_7722,Date_val_7722
7723,Matrix Precision Engineering,VoucherNo_val_7723,Amount_val_7723,TaxRate_val_7723,Date_val_7723
7724,Matrix Precision Engineering,VoucherNo_val_7724,Amount_val_7724,TaxRate_val_7724,Date_val_7724
7725,Matrix Precision Engineering,VoucherNo_val_7725,Amount_val_7725,TaxRate_val_7725,Date_val_7725
7726,Matrix Precision Engineering,VoucherNo_val_7726,Amount_val_7726,TaxRate_val_7726,Date_val_7726
7727,Matrix Precision Engineering,VoucherNo_val_7727,Amount_val_7727,TaxRate_val_7727,Date_val_7727
7728,Matrix Precision Engineering,VoucherNo_val_7728,Amount_val_7728,TaxRate_val_7728,Date_val_7728
7729,Matrix Precision Engineering,VoucherNo_val_7729,Amount_val_7729,TaxRate_val_7729,Date_val_7729
7730,Matrix Precision Engineering,VoucherNo_val_7730,Amount_val_7730,TaxRate_val_7730,Date_val_7730
7731,Matrix Precision Engineering,VoucherNo_val_7731,Amount_val_7731,TaxRate_val_7731,Date_val_7731
7732,Matrix Precision Engineering,VoucherNo_val_7732,Amount_val_7732,TaxRate_val_7732,Date_val_7732
7733,Matrix Precision Engineering,VoucherNo_val_7733,Amount_val_7733,TaxRate_val_7733,Date_val_7733
7734,Matrix Precision Engineering,VoucherNo_val_7734,Amount_val_7734,TaxRate_val_7734,Date_val_7734
7735,Matrix Precision Engineering,VoucherNo_val_7735,Amount_val_7735,TaxRate_val_7735,Date_val_7735
7736,Matrix Precision Engineering,VoucherNo_val_7736,Amount_val_7736,TaxRate_val_7736,Date_val_7736
7737,Matrix Precision Engineering,VoucherNo_val_7737,Amount_val_7737,TaxRate_val_7737,Date_val_7737
7738,Matrix Precision Engineering,VoucherNo_val_7738,Amount_val_7738,TaxRate_val_7738,Date_val_7738
7739,Matrix Precision Engineering,VoucherNo_val_7739,Amount_val_7739,TaxRate_val_7739,Date_val_7739
7740,Matrix Precision Engineering,VoucherNo_val_7740,Amount_val_7740,TaxRate_val_7740,Date_val_7740
7741,Matrix Precision Engineering,VoucherNo_val_7741,Amount_val_7741,TaxRate_val_7741,Date_val_7741
7742,Matrix Precision Engineering,VoucherNo_val_7742,Amount_val_7742,TaxRate_val_7742,Date_val_7742
7743,Matrix Precision Engineering,VoucherNo_val_7743,Amount_val_7743,TaxRate_val_7743,Date_val_7743
7744,Matrix Precision Engineering,VoucherNo_val_7744,Amount_val_7744,TaxRate_val_7744,Date_val_7744
7745,Matrix Precision Engineering,VoucherNo_val_7745,Amount_val_7745,TaxRate_val_7745,Date_val_7745
7746,Matrix Precision Engineering,VoucherNo_val_7746,Amount_val_7746,TaxRate_val_7746,Date_val_7746
7747,Matrix Precision Engineering,VoucherNo_val_7747,Amount_val_7747,TaxRate_val_7747,Date_val_7747
7748,Matrix Precision Engineering,VoucherNo_val_7748,Amount_val_7748,TaxRate_val_7748,Date_val_7748
7749,Matrix Precision Engineering,VoucherNo_val_7749,Amount_val_7749,TaxRate_val_7749,Date_val_7749
7750,Matrix Precision Engineering,VoucherNo_val_7750,Amount_val_7750,TaxRate_val_7750,Date_val_7750
7751,Matrix Precision Engineering,VoucherNo_val_7751,Amount_val_7751,TaxRate_val_7751,Date_val_7751
7752,Matrix Precision Engineering,VoucherNo_val_7752,Amount_val_7752,TaxRate_val_7752,Date_val_7752
7753,Matrix Precision Engineering,VoucherNo_val_7753,Amount_val_7753,TaxRate_val_7753,Date_val_7753
7754,Matrix Precision Engineering,VoucherNo_val_7754,Amount_val_7754,TaxRate_val_7754,Date_val_7754
7755,Matrix Precision Engineering,VoucherNo_val_7755,Amount_val_7755,TaxRate_val_7755,Date_val_7755
7756,Matrix Precision Engineering,VoucherNo_val_7756,Amount_val_7756,TaxRate_val_7756,Date_val_7756
7757,Matrix Precision Engineering,VoucherNo_val_7757,Amount_val_7757,TaxRate_val_7757,Date_val_7757
7758,Matrix Precision Engineering,VoucherNo_val_7758,Amount_val_7758,TaxRate_val_7758,Date_val_7758
7759,Matrix Precision Engineering,VoucherNo_val_7759,Amount_val_7759,TaxRate_val_7759,Date_val_7759
7760,Matrix Precision Engineering,VoucherNo_val_7760,Amount_val_7760,TaxRate_val_7760,Date_val_7760
7761,Matrix Precision Engineering,VoucherNo_val_7761,Amount_val_7761,TaxRate_val_7761,Date_val_7761
7762,Matrix Precision Engineering,VoucherNo_val_7762,Amount_val_7762,TaxRate_val_7762,Date_val_7762
7763,Matrix Precision Engineering,VoucherNo_val_7763,Amount_val_7763,TaxRate_val_7763,Date_val_7763
7764,Matrix Precision Engineering,VoucherNo_val_7764,Amount_val_7764,TaxRate_val_7764,Date_val_7764
7765,Matrix Precision Engineering,VoucherNo_val_7765,Amount_val_7765,TaxRate_val_7765,Date_val_7765
7766,Matrix Precision Engineering,VoucherNo_val_7766,Amount_val_7766,TaxRate_val_7766,Date_val_7766
7767,Matrix Precision Engineering,VoucherNo_val_7767,Amount_val_7767,TaxRate_val_7767,Date_val_7767
7768,Matrix Precision Engineering,VoucherNo_val_7768,Amount_val_7768,TaxRate_val_7768,Date_val_7768
7769,Matrix Precision Engineering,VoucherNo_val_7769,Amount_val_7769,TaxRate_val_7769,Date_val_7769
7770,Matrix Precision Engineering,VoucherNo_val_7770,Amount_val_7770,TaxRate_val_7770,Date_val_7770
7771,Matrix Precision Engineering,VoucherNo_val_7771,Amount_val_7771,TaxRate_val_7771,Date_val_7771
7772,Matrix Precision Engineering,VoucherNo_val_7772,Amount_val_7772,TaxRate_val_7772,Date_val_7772
7773,Matrix Precision Engineering,VoucherNo_val_7773,Amount_val_7773,TaxRate_val_7773,Date_val_7773
7774,Matrix Precision Engineering,VoucherNo_val_7774,Amount_val_7774,TaxRate_val_7774,Date_val_7774
7775,Matrix Precision Engineering,VoucherNo_val_7775,Amount_val_7775,TaxRate_val_7775,Date_val_7775
7776,Matrix Precision Engineering,VoucherNo_val_7776,Amount_val_7776,TaxRate_val_7776,Date_val_7776
7777,Matrix Precision Engineering,VoucherNo_val_7777,Amount_val_7777,TaxRate_val_7777,Date_val_7777
7778,Matrix Precision Engineering,VoucherNo_val_7778,Amount_val_7778,TaxRate_val_7778,Date_val_7778
7779,Matrix Precision Engineering,VoucherNo_val_7779,Amount_val_7779,TaxRate_val_7779,Date_val_7779
7780,Matrix Precision Engineering,VoucherNo_val_7780,Amount_val_7780,TaxRate_val_7780,Date_val_7780
7781,Matrix Precision Engineering,VoucherNo_val_7781,Amount_val_7781,TaxRate_val_7781,Date_val_7781
7782,Matrix Precision Engineering,VoucherNo_val_7782,Amount_val_7782,TaxRate_val_7782,Date_val_7782
7783,Matrix Precision Engineering,VoucherNo_val_7783,Amount_val_7783,TaxRate_val_7783,Date_val_7783
7784,Matrix Precision Engineering,VoucherNo_val_7784,Amount_val_7784,TaxRate_val_7784,Date_val_7784
7785,Matrix Precision Engineering,VoucherNo_val_7785,Amount_val_7785,TaxRate_val_7785,Date_val_7785
7786,Matrix Precision Engineering,VoucherNo_val_7786,Amount_val_7786,TaxRate_val_7786,Date_val_7786
7787,Matrix Precision Engineering,VoucherNo_val_7787,Amount_val_7787,TaxRate_val_7787,Date_val_7787
7788,Matrix Precision Engineering,VoucherNo_val_7788,Amount_val_7788,TaxRate_val_7788,Date_val_7788
7789,Matrix Precision Engineering,VoucherNo_val_7789,Amount_val_7789,TaxRate_val_7789,Date_val_7789
7790,Matrix Precision Engineering,VoucherNo_val_7790,Amount_val_7790,TaxRate_val_7790,Date_val_7790
7791,Matrix Precision Engineering,VoucherNo_val_7791,Amount_val_7791,TaxRate_val_7791,Date_val_7791
7792,Matrix Precision Engineering,VoucherNo_val_7792,Amount_val_7792,TaxRate_val_7792,Date_val_7792
7793,Matrix Precision Engineering,VoucherNo_val_7793,Amount_val_7793,TaxRate_val_7793,Date_val_7793
7794,Matrix Precision Engineering,VoucherNo_val_7794,Amount_val_7794,TaxRate_val_7794,Date_val_7794
7795,Matrix Precision Engineering,VoucherNo_val_7795,Amount_val_7795,TaxRate_val_7795,Date_val_7795
7796,Matrix Precision Engineering,VoucherNo_val_7796,Amount_val_7796,TaxRate_val_7796,Date_val_7796
7797,Matrix Precision Engineering,VoucherNo_val_7797,Amount_val_7797,TaxRate_val_7797,Date_val_7797
7798,Matrix Precision Engineering,VoucherNo_val_7798,Amount_val_7798,TaxRate_val_7798,Date_val_7798
7799,Matrix Precision Engineering,VoucherNo_val_7799,Amount_val_7799,TaxRate_val_7799,Date_val_7799
7800,Matrix Precision Engineering,VoucherNo_val_7800,Amount_val_7800,TaxRate_val_7800,Date_val_7800
7801,Matrix Precision Engineering,VoucherNo_val_7801,Amount_val_7801,TaxRate_val_7801,Date_val_7801
7802,Matrix Precision Engineering,VoucherNo_val_7802,Amount_val_7802,TaxRate_val_7802,Date_val_7802
7803,Matrix Precision Engineering,VoucherNo_val_7803,Amount_val_7803,TaxRate_val_7803,Date_val_7803
7804,Matrix Precision Engineering,VoucherNo_val_7804,Amount_val_7804,TaxRate_val_7804,Date_val_7804
7805,Matrix Precision Engineering,VoucherNo_val_7805,Amount_val_7805,TaxRate_val_7805,Date_val_7805
7806,Matrix Precision Engineering,VoucherNo_val_7806,Amount_val_7806,TaxRate_val_7806,Date_val_7806
7807,Matrix Precision Engineering,VoucherNo_val_7807,Amount_val_7807,TaxRate_val_7807,Date_val_7807
7808,Matrix Precision Engineering,VoucherNo_val_7808,Amount_val_7808,TaxRate_val_7808,Date_val_7808
7809,Matrix Precision Engineering,VoucherNo_val_7809,Amount_val_7809,TaxRate_val_7809,Date_val_7809
7810,Matrix Precision Engineering,VoucherNo_val_7810,Amount_val_7810,TaxRate_val_7810,Date_val_7810
7811,Matrix Precision Engineering,VoucherNo_val_7811,Amount_val_7811,TaxRate_val_7811,Date_val_7811
7812,Matrix Precision Engineering,VoucherNo_val_7812,Amount_val_7812,TaxRate_val_7812,Date_val_7812
7813,Matrix Precision Engineering,VoucherNo_val_7813,Amount_val_7813,TaxRate_val_7813,Date_val_7813
7814,Matrix Precision Engineering,VoucherNo_val_7814,Amount_val_7814,TaxRate_val_7814,Date_val_7814
7815,Matrix Precision Engineering,VoucherNo_val_7815,Amount_val_7815,TaxRate_val_7815,Date_val_7815
7816,Matrix Precision Engineering,VoucherNo_val_7816,Amount_val_7816,TaxRate_val_7816,Date_val_7816
7817,Matrix Precision Engineering,VoucherNo_val_7817,Amount_val_7817,TaxRate_val_7817,Date_val_7817
7818,Matrix Precision Engineering,VoucherNo_val_7818,Amount_val_7818,TaxRate_val_7818,Date_val_7818
7819,Matrix Precision Engineering,VoucherNo_val_7819,Amount_val_7819,TaxRate_val_7819,Date_val_7819
7820,Matrix Precision Engineering,VoucherNo_val_7820,Amount_val_7820,TaxRate_val_7820,Date_val_7820
7821,Matrix Precision Engineering,VoucherNo_val_7821,Amount_val_7821,TaxRate_val_7821,Date_val_7821
7822,Matrix Precision Engineering,VoucherNo_val_7822,Amount_val_7822,TaxRate_val_7822,Date_val_7822
7823,Matrix Precision Engineering,VoucherNo_val_7823,Amount_val_7823,TaxRate_val_7823,Date_val_7823
7824,Matrix Precision Engineering,VoucherNo_val_7824,Amount_val_7824,TaxRate_val_7824,Date_val_7824
7825,Matrix Precision Engineering,VoucherNo_val_7825,Amount_val_7825,TaxRate_val_7825,Date_val_7825
7826,Matrix Precision Engineering,VoucherNo_val_7826,Amount_val_7826,TaxRate_val_7826,Date_val_7826
7827,Matrix Precision Engineering,VoucherNo_val_7827,Amount_val_7827,TaxRate_val_7827,Date_val_7827
7828,Matrix Precision Engineering,VoucherNo_val_7828,Amount_val_7828,TaxRate_val_7828,Date_val_7828
7829,Matrix Precision Engineering,VoucherNo_val_7829,Amount_val_7829,TaxRate_val_7829,Date_val_7829
7830,Matrix Precision Engineering,VoucherNo_val_7830,Amount_val_7830,TaxRate_val_7830,Date_val_7830
7831,Matrix Precision Engineering,VoucherNo_val_7831,Amount_val_7831,TaxRate_val_7831,Date_val_7831
7832,Matrix Precision Engineering,VoucherNo_val_7832,Amount_val_7832,TaxRate_val_7832,Date_val_7832
7833,Matrix Precision Engineering,VoucherNo_val_7833,Amount_val_7833,TaxRate_val_7833,Date_val_7833
7834,Matrix Precision Engineering,VoucherNo_val_7834,Amount_val_7834,TaxRate_val_7834,Date_val_7834
7835,Matrix Precision Engineering,VoucherNo_val_7835,Amount_val_7835,TaxRate_val_7835,Date_val_7835
7836,Matrix Precision Engineering,VoucherNo_val_7836,Amount_val_7836,TaxRate_val_7836,Date_val_7836
7837,Matrix Precision Engineering,VoucherNo_val_7837,Amount_val_7837,TaxRate_val_7837,Date_val_7837
7838,Matrix Precision Engineering,VoucherNo_val_7838,Amount_val_7838,TaxRate_val_7838,Date_val_7838
7839,Matrix Precision Engineering,VoucherNo_val_7839,Amount_val_7839,TaxRate_val_7839,Date_val_7839
7840,Matrix Precision Engineering,VoucherNo_val_7840,Amount_val_7840,TaxRate_val_7840,Date_val_7840
7841,Matrix Precision Engineering,VoucherNo_val_7841,Amount_val_7841,TaxRate_val_7841,Date_val_7841
7842,Matrix Precision Engineering,VoucherNo_val_7842,Amount_val_7842,TaxRate_val_7842,Date_val_7842
7843,Matrix Precision Engineering,VoucherNo_val_7843,Amount_val_7843,TaxRate_val_7843,Date_val_7843
7844,Matrix Precision Engineering,VoucherNo_val_7844,Amount_val_7844,TaxRate_val_7844,Date_val_7844
7845,Matrix Precision Engineering,VoucherNo_val_7845,Amount_val_7845,TaxRate_val_7845,Date_val_7845
7846,Matrix Precision Engineering,VoucherNo_val_7846,Amount_val_7846,TaxRate_val_7846,Date_val_7846
7847,Matrix Precision Engineering,VoucherNo_val_7847,Amount_val_7847,TaxRate_val_7847,Date_val_7847
7848,Matrix Precision Engineering,VoucherNo_val_7848,Amount_val_7848,TaxRate_val_7848,Date_val_7848
7849,Matrix Precision Engineering,VoucherNo_val_7849,Amount_val_7849,TaxRate_val_7849,Date_val_7849
7850,Matrix Precision Engineering,VoucherNo_val_7850,Amount_val_7850,TaxRate_val_7850,Date_val_7850
7851,Matrix Precision Engineering,VoucherNo_val_7851,Amount_val_7851,TaxRate_val_7851,Date_val_7851
7852,Matrix Precision Engineering,VoucherNo_val_7852,Amount_val_7852,TaxRate_val_7852,Date_val_7852
7853,Matrix Precision Engineering,VoucherNo_val_7853,Amount_val_7853,TaxRate_val_7853,Date_val_7853
7854,Matrix Precision Engineering,VoucherNo_val_7854,Amount_val_7854,TaxRate_val_7854,Date_val_7854
7855,Matrix Precision Engineering,VoucherNo_val_7855,Amount_val_7855,TaxRate_val_7855,Date_val_7855
7856,Matrix Precision Engineering,VoucherNo_val_7856,Amount_val_7856,TaxRate_val_7856,Date_val_7856
7857,Matrix Precision Engineering,VoucherNo_val_7857,Amount_val_7857,TaxRate_val_7857,Date_val_7857
7858,Matrix Precision Engineering,VoucherNo_val_7858,Amount_val_7858,TaxRate_val_7858,Date_val_7858
7859,Matrix Precision Engineering,VoucherNo_val_7859,Amount_val_7859,TaxRate_val_7859,Date_val_7859
7860,Matrix Precision Engineering,VoucherNo_val_7860,Amount_val_7860,TaxRate_val_7860,Date_val_7860
7861,Matrix Precision Engineering,VoucherNo_val_7861,Amount_val_7861,TaxRate_val_7861,Date_val_7861
7862,Matrix Precision Engineering,VoucherNo_val_7862,Amount_val_7862,TaxRate_val_7862,Date_val_7862
7863,Matrix Precision Engineering,VoucherNo_val_7863,Amount_val_7863,TaxRate_val_7863,Date_val_7863
7864,Matrix Precision Engineering,VoucherNo_val_7864,Amount_val_7864,TaxRate_val_7864,Date_val_7864
7865,Matrix Precision Engineering,VoucherNo_val_7865,Amount_val_7865,TaxRate_val_7865,Date_val_7865
7866,Matrix Precision Engineering,VoucherNo_val_7866,Amount_val_7866,TaxRate_val_7866,Date_val_7866
7867,Matrix Precision Engineering,VoucherNo_val_7867,Amount_val_7867,TaxRate_val_7867,Date_val_7867
7868,Matrix Precision Engineering,VoucherNo_val_7868,Amount_val_7868,TaxRate_val_7868,Date_val_7868
7869,Matrix Precision Engineering,VoucherNo_val_7869,Amount_val_7869,TaxRate_val_7869,Date_val_7869
7870,Matrix Precision Engineering,VoucherNo_val_7870,Amount_val_7870,TaxRate_val_7870,Date_val_7870
7871,Matrix Precision Engineering,VoucherNo_val_7871,Amount_val_7871,TaxRate_val_7871,Date_val_7871
7872,Matrix Precision Engineering,VoucherNo_val_7872,Amount_val_7872,TaxRate_val_7872,Date_val_7872
7873,Matrix Precision Engineering,VoucherNo_val_7873,Amount_val_7873,TaxRate_val_7873,Date_val_7873
7874,Matrix Precision Engineering,VoucherNo_val_7874,Amount_val_7874,TaxRate_val_7874,Date_val_7874
7875,Matrix Precision Engineering,VoucherNo_val_7875,Amount_val_7875,TaxRate_val_7875,Date_val_7875
7876,Matrix Precision Engineering,VoucherNo_val_7876,Amount_val_7876,TaxRate_val_7876,Date_val_7876
7877,Matrix Precision Engineering,VoucherNo_val_7877,Amount_val_7877,TaxRate_val_7877,Date_val_7877
7878,Matrix Precision Engineering,VoucherNo_val_7878,Amount_val_7878,TaxRate_val_7878,Date_val_7878
7879,Matrix Precision Engineering,VoucherNo_val_7879,Amount_val_7879,TaxRate_val_7879,Date_val_7879
7880,Matrix Precision Engineering,VoucherNo_val_7880,Amount_val_7880,TaxRate_val_7880,Date_val_7880
7881,Matrix Precision Engineering,VoucherNo_val_7881,Amount_val_7881,TaxRate_val_7881,Date_val_7881
7882,Matrix Precision Engineering,VoucherNo_val_7882,Amount_val_7882,TaxRate_val_7882,Date_val_7882
7883,Matrix Precision Engineering,VoucherNo_val_7883,Amount_val_7883,TaxRate_val_7883,Date_val_7883
7884,Matrix Precision Engineering,VoucherNo_val_7884,Amount_val_7884,TaxRate_val_7884,Date_val_7884
7885,Matrix Precision Engineering,VoucherNo_val_7885,Amount_val_7885,TaxRate_val_7885,Date_val_7885
7886,Matrix Precision Engineering,VoucherNo_val_7886,Amount_val_7886,TaxRate_val_7886,Date_val_7886
7887,Matrix Precision Engineering,VoucherNo_val_7887,Amount_val_7887,TaxRate_val_7887,Date_val_7887
7888,Matrix Precision Engineering,VoucherNo_val_7888,Amount_val_7888,TaxRate_val_7888,Date_val_7888
7889,Matrix Precision Engineering,VoucherNo_val_7889,Amount_val_7889,TaxRate_val_7889,Date_val_7889
7890,Matrix Precision Engineering,VoucherNo_val_7890,Amount_val_7890,TaxRate_val_7890,Date_val_7890
7891,Matrix Precision Engineering,VoucherNo_val_7891,Amount_val_7891,TaxRate_val_7891,Date_val_7891
7892,Matrix Precision Engineering,VoucherNo_val_7892,Amount_val_7892,TaxRate_val_7892,Date_val_7892
7893,Matrix Precision Engineering,VoucherNo_val_7893,Amount_val_7893,TaxRate_val_7893,Date_val_7893
7894,Matrix Precision Engineering,VoucherNo_val_7894,Amount_val_7894,TaxRate_val_7894,Date_val_7894
7895,Matrix Precision Engineering,VoucherNo_val_7895,Amount_val_7895,TaxRate_val_7895,Date_val_7895
7896,Matrix Precision Engineering,VoucherNo_val_7896,Amount_val_7896,TaxRate_val_7896,Date_val_7896
7897,Matrix Precision Engineering,VoucherNo_val_7897,Amount_val_7897,TaxRate_val_7897,Date_val_7897
7898,Matrix Precision Engineering,VoucherNo_val_7898,Amount_val_7898,TaxRate_val_7898,Date_val_7898
7899,Matrix Precision Engineering,VoucherNo_val_7899,Amount_val_7899,TaxRate_val_7899,Date_val_7899
7900,Matrix Precision Engineering,VoucherNo_val_7900,Amount_val_7900,TaxRate_val_7900,Date_val_7900
7901,Matrix Precision Engineering,VoucherNo_val_7901,Amount_val_7901,TaxRate_val_7901,Date_val_7901
7902,Matrix Precision Engineering,VoucherNo_val_7902,Amount_val_7902,TaxRate_val_7902,Date_val_7902
7903,Matrix Precision Engineering,VoucherNo_val_7903,Amount_val_7903,TaxRate_val_7903,Date_val_7903
7904,Matrix Precision Engineering,VoucherNo_val_7904,Amount_val_7904,TaxRate_val_7904,Date_val_7904
7905,Matrix Precision Engineering,VoucherNo_val_7905,Amount_val_7905,TaxRate_val_7905,Date_val_7905
7906,Matrix Precision Engineering,VoucherNo_val_7906,Amount_val_7906,TaxRate_val_7906,Date_val_7906
7907,Matrix Precision Engineering,VoucherNo_val_7907,Amount_val_7907,TaxRate_val_7907,Date_val_7907
7908,Matrix Precision Engineering,VoucherNo_val_7908,Amount_val_7908,TaxRate_val_7908,Date_val_7908
7909,Matrix Precision Engineering,VoucherNo_val_7909,Amount_val_7909,TaxRate_val_7909,Date_val_7909
7910,Matrix Precision Engineering,VoucherNo_val_7910,Amount_val_7910,TaxRate_val_7910,Date_val_7910
7911,Matrix Precision Engineering,VoucherNo_val_7911,Amount_val_7911,TaxRate_val_7911,Date_val_7911
7912,Matrix Precision Engineering,VoucherNo_val_7912,Amount_val_7912,TaxRate_val_7912,Date_val_7912
7913,Matrix Precision Engineering,VoucherNo_val_7913,Amount_val_7913,TaxRate_val_7913,Date_val_7913
7914,Matrix Precision Engineering,VoucherNo_val_7914,Amount_val_7914,TaxRate_val_7914,Date_val_7914
7915,Matrix Precision Engineering,VoucherNo_val_7915,Amount_val_7915,TaxRate_val_7915,Date_val_7915
7916,Matrix Precision Engineering,VoucherNo_val_7916,Amount_val_7916,TaxRate_val_7916,Date_val_7916
7917,Matrix Precision Engineering,VoucherNo_val_7917,Amount_val_7917,TaxRate_val_7917,Date_val_7917
7918,Matrix Precision Engineering,VoucherNo_val_7918,Amount_val_7918,TaxRate_val_7918,Date_val_7918
7919,Matrix Precision Engineering,VoucherNo_val_7919,Amount_val_7919,TaxRate_val_7919,Date_val_7919
7920,Matrix Precision Engineering,VoucherNo_val_7920,Amount_val_7920,TaxRate_val_7920,Date_val_7920
7921,Matrix Precision Engineering,VoucherNo_val_7921,Amount_val_7921,TaxRate_val_7921,Date_val_7921
7922,Matrix Precision Engineering,VoucherNo_val_7922,Amount_val_7922,TaxRate_val_7922,Date_val_7922
7923,Matrix Precision Engineering,VoucherNo_val_7923,Amount_val_7923,TaxRate_val_7923,Date_val_7923
7924,Matrix Precision Engineering,VoucherNo_val_7924,Amount_val_7924,TaxRate_val_7924,Date_val_7924
7925,Matrix Precision Engineering,VoucherNo_val_7925,Amount_val_7925,TaxRate_val_7925,Date_val_7925
7926,Matrix Precision Engineering,VoucherNo_val_7926,Amount_val_7926,TaxRate_val_7926,Date_val_7926
7927,Matrix Precision Engineering,VoucherNo_val_7927,Amount_val_7927,TaxRate_val_7927,Date_val_7927
7928,Matrix Precision Engineering,VoucherNo_val_7928,Amount_val_7928,TaxRate_val_7928,Date_val_7928
7929,Matrix Precision Engineering,VoucherNo_val_7929,Amount_val_7929,TaxRate_val_7929,Date_val_7929
7930,Matrix Precision Engineering,VoucherNo_val_7930,Amount_val_7930,TaxRate_val_7930,Date_val_7930
7931,Matrix Precision Engineering,VoucherNo_val_7931,Amount_val_7931,TaxRate_val_7931,Date_val_7931
7932,Matrix Precision Engineering,VoucherNo_val_7932,Amount_val_7932,TaxRate_val_7932,Date_val_7932
7933,Matrix Precision Engineering,VoucherNo_val_7933,Amount_val_7933,TaxRate_val_7933,Date_val_7933
7934,Matrix Precision Engineering,VoucherNo_val_7934,Amount_val_7934,TaxRate_val_7934,Date_val_7934
7935,Matrix Precision Engineering,VoucherNo_val_7935,Amount_val_7935,TaxRate_val_7935,Date_val_7935
7936,Matrix Precision Engineering,VoucherNo_val_7936,Amount_val_7936,TaxRate_val_7936,Date_val_7936
7937,Matrix Precision Engineering,VoucherNo_val_7937,Amount_val_7937,TaxRate_val_7937,Date_val_7937
7938,Matrix Precision Engineering,VoucherNo_val_7938,Amount_val_7938,TaxRate_val_7938,Date_val_7938
7939,Matrix Precision Engineering,VoucherNo_val_7939,Amount_val_7939,TaxRate_val_7939,Date_val_7939
7940,Matrix Precision Engineering,VoucherNo_val_7940,Amount_val_7940,TaxRate_val_7940,Date_val_7940
7941,Matrix Precision Engineering,VoucherNo_val_7941,Amount_val_7941,TaxRate_val_7941,Date_val_7941
7942,Matrix Precision Engineering,VoucherNo_val_7942,Amount_val_7942,TaxRate_val_7942,Date_val_7942
7943,Matrix Precision Engineering,VoucherNo_val_7943,Amount_val_7943,TaxRate_val_7943,Date_val_7943
7944,Matrix Precision Engineering,VoucherNo_val_7944,Amount_val_7944,TaxRate_val_7944,Date_val_7944
7945,Matrix Precision Engineering,VoucherNo_val_7945,Amount_val_7945,TaxRate_val_7945,Date_val_7945
7946,Matrix Precision Engineering,VoucherNo_val_7946,Amount_val_7946,TaxRate_val_7946,Date_val_7946
7947,Matrix Precision Engineering,VoucherNo_val_7947,Amount_val_7947,TaxRate_val_7947,Date_val_7947
7948,Matrix Precision Engineering,VoucherNo_val_7948,Amount_val_7948,TaxRate_val_7948,Date_val_7948
7949,Matrix Precision Engineering,VoucherNo_val_7949,Amount_val_7949,TaxRate_val_7949,Date_val_7949
7950,Matrix Precision Engineering,VoucherNo_val_7950,Amount_val_7950,TaxRate_val_7950,Date_val_7950
7951,Matrix Precision Engineering,VoucherNo_val_7951,Amount_val_7951,TaxRate_val_7951,Date_val_7951
7952,Matrix Precision Engineering,VoucherNo_val_7952,Amount_val_7952,TaxRate_val_7952,Date_val_7952
7953,Matrix Precision Engineering,VoucherNo_val_7953,Amount_val_7953,TaxRate_val_7953,Date_val_7953
7954,Matrix Precision Engineering,VoucherNo_val_7954,Amount_val_7954,TaxRate_val_7954,Date_val_7954
7955,Matrix Precision Engineering,VoucherNo_val_7955,Amount_val_7955,TaxRate_val_7955,Date_val_7955
7956,Matrix Precision Engineering,VoucherNo_val_7956,Amount_val_7956,TaxRate_val_7956,Date_val_7956
7957,Matrix Precision Engineering,VoucherNo_val_7957,Amount_val_7957,TaxRate_val_7957,Date_val_7957
7958,Matrix Precision Engineering,VoucherNo_val_7958,Amount_val_7958,TaxRate_val_7958,Date_val_7958
7959,Matrix Precision Engineering,VoucherNo_val_7959,Amount_val_7959,TaxRate_val_7959,Date_val_7959
7960,Matrix Precision Engineering,VoucherNo_val_7960,Amount_val_7960,TaxRate_val_7960,Date_val_7960
7961,Matrix Precision Engineering,VoucherNo_val_7961,Amount_val_7961,TaxRate_val_7961,Date_val_7961
7962,Matrix Precision Engineering,VoucherNo_val_7962,Amount_val_7962,TaxRate_val_7962,Date_val_7962
7963,Matrix Precision Engineering,VoucherNo_val_7963,Amount_val_7963,TaxRate_val_7963,Date_val_7963
7964,Matrix Precision Engineering,VoucherNo_val_7964,Amount_val_7964,TaxRate_val_7964,Date_val_7964
7965,Matrix Precision Engineering,VoucherNo_val_7965,Amount_val_7965,TaxRate_val_7965,Date_val_7965
7966,Matrix Precision Engineering,VoucherNo_val_7966,Amount_val_7966,TaxRate_val_7966,Date_val_7966
7967,Matrix Precision Engineering,VoucherNo_val_7967,Amount_val_7967,TaxRate_val_7967,Date_val_7967
7968,Matrix Precision Engineering,VoucherNo_val_7968,Amount_val_7968,TaxRate_val_7968,Date_val_7968
7969,Matrix Precision Engineering,VoucherNo_val_7969,Amount_val_7969,TaxRate_val_7969,Date_val_7969
7970,Matrix Precision Engineering,VoucherNo_val_7970,Amount_val_7970,TaxRate_val_7970,Date_val_7970
7971,Matrix Precision Engineering,VoucherNo_val_7971,Amount_val_7971,TaxRate_val_7971,Date_val_7971
7972,Matrix Precision Engineering,VoucherNo_val_7972,Amount_val_7972,TaxRate_val_7972,Date_val_7972
7973,Matrix Precision Engineering,VoucherNo_val_7973,Amount_val_7973,TaxRate_val_7973,Date_val_7973
7974,Matrix Precision Engineering,VoucherNo_val_7974,Amount_val_7974,TaxRate_val_7974,Date_val_7974
7975,Matrix Precision Engineering,VoucherNo_val_7975,Amount_val_7975,TaxRate_val_7975,Date_val_7975
7976,Matrix Precision Engineering,VoucherNo_val_7976,Amount_val_7976,TaxRate_val_7976,Date_val_7976
7977,Matrix Precision Engineering,VoucherNo_val_7977,Amount_val_7977,TaxRate_val_7977,Date_val_7977
7978,Matrix Precision Engineering,VoucherNo_val_7978,Amount_val_7978,TaxRate_val_7978,Date_val_7978
7979,Matrix Precision Engineering,VoucherNo_val_7979,Amount_val_7979,TaxRate_val_7979,Date_val_7979
7980,Matrix Precision Engineering,VoucherNo_val_7980,Amount_val_7980,TaxRate_val_7980,Date_val_7980
7981,Matrix Precision Engineering,VoucherNo_val_7981,Amount_val_7981,TaxRate_val_7981,Date_val_7981
7982,Matrix Precision Engineering,VoucherNo_val_7982,Amount_val_7982,TaxRate_val_7982,Date_val_7982
7983,Matrix Precision Engineering,VoucherNo_val_7983,Amount_val_7983,TaxRate_val_7983,Date_val_7983
7984,Matrix Precision Engineering,VoucherNo_val_7984,Amount_val_7984,TaxRate_val_7984,Date_val_7984
7985,Matrix Precision Engineering,VoucherNo_val_7985,Amount_val_7985,TaxRate_val_7985,Date_val_7985
7986,Matrix Precision Engineering,VoucherNo_val_7986,Amount_val_7986,TaxRate_val_7986,Date_val_7986
7987,Matrix Precision Engineering,VoucherNo_val_7987,Amount_val_7987,TaxRate_val_7987,Date_val_7987
7988,Matrix Precision Engineering,VoucherNo_val_7988,Amount_val_7988,TaxRate_val_7988,Date_val_7988
7989,Matrix Precision Engineering,VoucherNo_val_7989,Amount_val_7989,TaxRate_val_7989,Date_val_7989
7990,Matrix Precision Engineering,VoucherNo_val_7990,Amount_val_7990,TaxRate_val_7990,Date_val_7990
7991,Matrix Precision Engineering,VoucherNo_val_7991,Amount_val_7991,TaxRate_val_7991,Date_val_7991
7992,Matrix Precision Engineering,VoucherNo_val_7992,Amount_val_7992,TaxRate_val_7992,Date_val_7992
7993,Matrix Precision Engineering,VoucherNo_val_7993,Amount_val_7993,TaxRate_val_7993,Date_val_7993
7994,Matrix Precision Engineering,VoucherNo_val_7994,Amount_val_7994,TaxRate_val_7994,Date_val_7994
7995,Matrix Precision Engineering,VoucherNo_val_7995,Amount_val_7995,TaxRate_val_7995,Date_val_7995
7996,Matrix Precision Engineering,VoucherNo_val_7996,Amount_val_7996,TaxRate_val_7996,Date_val_7996
7997,Matrix Precision Engineering,VoucherNo_val_7997,Amount_val_7997,TaxRate_val_7997,Date_val_7997
7998,Matrix Precision Engineering,VoucherNo_val_7998,Amount_val_7998,TaxRate_val_7998,Date_val_7998
7999,Matrix Precision Engineering,VoucherNo_val_7999,Amount_val_7999,TaxRate_val_7999,Date_val_7999
8000,Matrix Precision Engineering,VoucherNo_val_8000,Amount_val_8000,TaxRate_val_8000,Date_val_8000
8001,Matrix Precision Engineering,VoucherNo_val_8001,Amount_val_8001,TaxRate_val_8001,Date_val_8001
8002,Matrix Precision Engineering,VoucherNo_val_8002,Amount_val_8002,TaxRate_val_8002,Date_val_8002
8003,Matrix Precision Engineering,VoucherNo_val_8003,Amount_val_8003,TaxRate_val_8003,Date_val_8003
8004,Matrix Precision Engineering,VoucherNo_val_8004,Amount_val_8004,TaxRate_val_8004,Date_val_8004
8005,Matrix Precision Engineering,VoucherNo_val_8005,Amount_val_8005,TaxRate_val_8005,Date_val_8005
8006,Matrix Precision Engineering,VoucherNo_val_8006,Amount_val_8006,TaxRate_val_8006,Date_val_8006
8007,Matrix Precision Engineering,VoucherNo_val_8007,Amount_val_8007,TaxRate_val_8007,Date_val_8007
8008,Matrix Precision Engineering,VoucherNo_val_8008,Amount_val_8008,TaxRate_val_8008,Date_val_8008
8009,Matrix Precision Engineering,VoucherNo_val_8009,Amount_val_8009,TaxRate_val_8009,Date_val_8009
8010,Matrix Precision Engineering,VoucherNo_val_8010,Amount_val_8010,TaxRate_val_8010,Date_val_8010
8011,Matrix Precision Engineering,VoucherNo_val_8011,Amount_val_8011,TaxRate_val_8011,Date_val_8011
8012,Matrix Precision Engineering,VoucherNo_val_8012,Amount_val_8012,TaxRate_val_8012,Date_val_8012
8013,Matrix Precision Engineering,VoucherNo_val_8013,Amount_val_8013,TaxRate_val_8013,Date_val_8013
8014,Matrix Precision Engineering,VoucherNo_val_8014,Amount_val_8014,TaxRate_val_8014,Date_val_8014
8015,Matrix Precision Engineering,VoucherNo_val_8015,Amount_val_8015,TaxRate_val_8015,Date_val_8015
8016,Matrix Precision Engineering,VoucherNo_val_8016,Amount_val_8016,TaxRate_val_8016,Date_val_8016
8017,Matrix Precision Engineering,VoucherNo_val_8017,Amount_val_8017,TaxRate_val_8017,Date_val_8017
8018,Matrix Precision Engineering,VoucherNo_val_8018,Amount_val_8018,TaxRate_val_8018,Date_val_8018
8019,Matrix Precision Engineering,VoucherNo_val_8019,Amount_val_8019,TaxRate_val_8019,Date_val_8019
8020,Matrix Precision Engineering,VoucherNo_val_8020,Amount_val_8020,TaxRate_val_8020,Date_val_8020
8021,Matrix Precision Engineering,VoucherNo_val_8021,Amount_val_8021,TaxRate_val_8021,Date_val_8021
8022,Matrix Precision Engineering,VoucherNo_val_8022,Amount_val_8022,TaxRate_val_8022,Date_val_8022
8023,Matrix Precision Engineering,VoucherNo_val_8023,Amount_val_8023,TaxRate_val_8023,Date_val_8023
8024,Matrix Precision Engineering,VoucherNo_val_8024,Amount_val_8024,TaxRate_val_8024,Date_val_8024
8025,Matrix Precision Engineering,VoucherNo_val_8025,Amount_val_8025,TaxRate_val_8025,Date_val_8025
8026,Matrix Precision Engineering,VoucherNo_val_8026,Amount_val_8026,TaxRate_val_8026,Date_val_8026
8027,Matrix Precision Engineering,VoucherNo_val_8027,Amount_val_8027,TaxRate_val_8027,Date_val_8027
8028,Matrix Precision Engineering,VoucherNo_val_8028,Amount_val_8028,TaxRate_val_8028,Date_val_8028
8029,Matrix Precision Engineering,VoucherNo_val_8029,Amount_val_8029,TaxRate_val_8029,Date_val_8029
8030,Matrix Precision Engineering,VoucherNo_val_8030,Amount_val_8030,TaxRate_val_8030,Date_val_8030
8031,Matrix Precision Engineering,VoucherNo_val_8031,Amount_val_8031,TaxRate_val_8031,Date_val_8031
8032,Matrix Precision Engineering,VoucherNo_val_8032,Amount_val_8032,TaxRate_val_8032,Date_val_8032
8033,Matrix Precision Engineering,VoucherNo_val_8033,Amount_val_8033,TaxRate_val_8033,Date_val_8033
8034,Matrix Precision Engineering,VoucherNo_val_8034,Amount_val_8034,TaxRate_val_8034,Date_val_8034
8035,Matrix Precision Engineering,VoucherNo_val_8035,Amount_val_8035,TaxRate_val_8035,Date_val_8035
8036,Matrix Precision Engineering,VoucherNo_val_8036,Amount_val_8036,TaxRate_val_8036,Date_val_8036
8037,Matrix Precision Engineering,VoucherNo_val_8037,Amount_val_8037,TaxRate_val_8037,Date_val_8037
8038,Matrix Precision Engineering,VoucherNo_val_8038,Amount_val_8038,TaxRate_val_8038,Date_val_8038
8039,Matrix Precision Engineering,VoucherNo_val_8039,Amount_val_8039,TaxRate_val_8039,Date_val_8039
8040,Matrix Precision Engineering,VoucherNo_val_8040,Amount_val_8040,TaxRate_val_8040,Date_val_8040
8041,Matrix Precision Engineering,VoucherNo_val_8041,Amount_val_8041,TaxRate_val_8041,Date_val_8041
8042,Matrix Precision Engineering,VoucherNo_val_8042,Amount_val_8042,TaxRate_val_8042,Date_val_8042
8043,Matrix Precision Engineering,VoucherNo_val_8043,Amount_val_8043,TaxRate_val_8043,Date_val_8043
8044,Matrix Precision Engineering,VoucherNo_val_8044,Amount_val_8044,TaxRate_val_8044,Date_val_8044
8045,Matrix Precision Engineering,VoucherNo_val_8045,Amount_val_8045,TaxRate_val_8045,Date_val_8045
8046,Matrix Precision Engineering,VoucherNo_val_8046,Amount_val_8046,TaxRate_val_8046,Date_val_8046
8047,Matrix Precision Engineering,VoucherNo_val_8047,Amount_val_8047,TaxRate_val_8047,Date_val_8047
8048,Matrix Precision Engineering,VoucherNo_val_8048,Amount_val_8048,TaxRate_val_8048,Date_val_8048
8049,Matrix Precision Engineering,VoucherNo_val_8049,Amount_val_8049,TaxRate_val_8049,Date_val_8049
8050,Matrix Precision Engineering,VoucherNo_val_8050,Amount_val_8050,TaxRate_val_8050,Date_val_8050
8051,Matrix Precision Engineering,VoucherNo_val_8051,Amount_val_8051,TaxRate_val_8051,Date_val_8051
8052,Matrix Precision Engineering,VoucherNo_val_8052,Amount_val_8052,TaxRate_val_8052,Date_val_8052
8053,Matrix Precision Engineering,VoucherNo_val_8053,Amount_val_8053,TaxRate_val_8053,Date_val_8053
8054,Matrix Precision Engineering,VoucherNo_val_8054,Amount_val_8054,TaxRate_val_8054,Date_val_8054
8055,Matrix Precision Engineering,VoucherNo_val_8055,Amount_val_8055,TaxRate_val_8055,Date_val_8055
8056,Matrix Precision Engineering,VoucherNo_val_8056,Amount_val_8056,TaxRate_val_8056,Date_val_8056
8057,Matrix Precision Engineering,VoucherNo_val_8057,Amount_val_8057,TaxRate_val_8057,Date_val_8057
8058,Matrix Precision Engineering,VoucherNo_val_8058,Amount_val_8058,TaxRate_val_8058,Date_val_8058
8059,Matrix Precision Engineering,VoucherNo_val_8059,Amount_val_8059,TaxRate_val_8059,Date_val_8059
8060,Matrix Precision Engineering,VoucherNo_val_8060,Amount_val_8060,TaxRate_val_8060,Date_val_8060
8061,Matrix Precision Engineering,VoucherNo_val_8061,Amount_val_8061,TaxRate_val_8061,Date_val_8061
8062,Matrix Precision Engineering,VoucherNo_val_8062,Amount_val_8062,TaxRate_val_8062,Date_val_8062
8063,Matrix Precision Engineering,VoucherNo_val_8063,Amount_val_8063,TaxRate_val_8063,Date_val_8063
8064,Matrix Precision Engineering,VoucherNo_val_8064,Amount_val_8064,TaxRate_val_8064,Date_val_8064
8065,Matrix Precision Engineering,VoucherNo_val_8065,Amount_val_8065,TaxRate_val_8065,Date_val_8065
8066,Matrix Precision Engineering,VoucherNo_val_8066,Amount_val_8066,TaxRate_val_8066,Date_val_8066
8067,Matrix Precision Engineering,VoucherNo_val_8067,Amount_val_8067,TaxRate_val_8067,Date_val_8067
8068,Matrix Precision Engineering,VoucherNo_val_8068,Amount_val_8068,TaxRate_val_8068,Date_val_8068
8069,Matrix Precision Engineering,VoucherNo_val_8069,Amount_val_8069,TaxRate_val_8069,Date_val_8069
8070,Matrix Precision Engineering,VoucherNo_val_8070,Amount_val_8070,TaxRate_val_8070,Date_val_8070
8071,Matrix Precision Engineering,VoucherNo_val_8071,Amount_val_8071,TaxRate_val_8071,Date_val_8071
8072,Matrix Precision Engineering,VoucherNo_val_8072,Amount_val_8072,TaxRate_val_8072,Date_val_8072
8073,Matrix Precision Engineering,VoucherNo_val_8073,Amount_val_8073,TaxRate_val_8073,Date_val_8073
8074,Matrix Precision Engineering,VoucherNo_val_8074,Amount_val_8074,TaxRate_val_8074,Date_val_8074
8075,Matrix Precision Engineering,VoucherNo_val_8075,Amount_val_8075,TaxRate_val_8075,Date_val_8075
8076,Matrix Precision Engineering,VoucherNo_val_8076,Amount_val_8076,TaxRate_val_8076,Date_val_8076
8077,Matrix Precision Engineering,VoucherNo_val_8077,Amount_val_8077,TaxRate_val_8077,Date_val_8077
8078,Matrix Precision Engineering,VoucherNo_val_8078,Amount_val_8078,TaxRate_val_8078,Date_val_8078
8079,Matrix Precision Engineering,VoucherNo_val_8079,Amount_val_8079,TaxRate_val_8079,Date_val_8079
8080,Matrix Precision Engineering,VoucherNo_val_8080,Amount_val_8080,TaxRate_val_8080,Date_val_8080
8081,Matrix Precision Engineering,VoucherNo_val_8081,Amount_val_8081,TaxRate_val_8081,Date_val_8081
8082,Matrix Precision Engineering,VoucherNo_val_8082,Amount_val_8082,TaxRate_val_8082,Date_val_8082
8083,Matrix Precision Engineering,VoucherNo_val_8083,Amount_val_8083,TaxRate_val_8083,Date_val_8083
8084,Matrix Precision Engineering,VoucherNo_val_8084,Amount_val_8084,TaxRate_val_8084,Date_val_8084
8085,Matrix Precision Engineering,VoucherNo_val_8085,Amount_val_8085,TaxRate_val_8085,Date_val_8085
8086,Matrix Precision Engineering,VoucherNo_val_8086,Amount_val_8086,TaxRate_val_8086,Date_val_8086
8087,Matrix Precision Engineering,VoucherNo_val_8087,Amount_val_8087,TaxRate_val_8087,Date_val_8087
8088,Matrix Precision Engineering,VoucherNo_val_8088,Amount_val_8088,TaxRate_val_8088,Date_val_8088
8089,Matrix Precision Engineering,VoucherNo_val_8089,Amount_val_8089,TaxRate_val_8089,Date_val_8089
8090,Matrix Precision Engineering,VoucherNo_val_8090,Amount_val_8090,TaxRate_val_8090,Date_val_8090
8091,Matrix Precision Engineering,VoucherNo_val_8091,Amount_val_8091,TaxRate_val_8091,Date_val_8091
8092,Matrix Precision Engineering,VoucherNo_val_8092,Amount_val_8092,TaxRate_val_8092,Date_val_8092
8093,Matrix Precision Engineering,VoucherNo_val_8093,Amount_val_8093,TaxRate_val_8093,Date_val_8093
8094,Matrix Precision Engineering,VoucherNo_val_8094,Amount_val_8094,TaxRate_val_8094,Date_val_8094
8095,Matrix Precision Engineering,VoucherNo_val_8095,Amount_val_8095,TaxRate_val_8095,Date_val_8095
8096,Matrix Precision Engineering,VoucherNo_val_8096,Amount_val_8096,TaxRate_val_8096,Date_val_8096
8097,Matrix Precision Engineering,VoucherNo_val_8097,Amount_val_8097,TaxRate_val_8097,Date_val_8097
8098,Matrix Precision Engineering,VoucherNo_val_8098,Amount_val_8098,TaxRate_val_8098,Date_val_8098
8099,Matrix Precision Engineering,VoucherNo_val_8099,Amount_val_8099,TaxRate_val_8099,Date_val_8099
8100,Matrix Precision Engineering,VoucherNo_val_8100,Amount_val_8100,TaxRate_val_8100,Date_val_8100
8101,Matrix Precision Engineering,VoucherNo_val_8101,Amount_val_8101,TaxRate_val_8101,Date_val_8101
8102,Matrix Precision Engineering,VoucherNo_val_8102,Amount_val_8102,TaxRate_val_8102,Date_val_8102
8103,Matrix Precision Engineering,VoucherNo_val_8103,Amount_val_8103,TaxRate_val_8103,Date_val_8103
8104,Matrix Precision Engineering,VoucherNo_val_8104,Amount_val_8104,TaxRate_val_8104,Date_val_8104
8105,Matrix Precision Engineering,VoucherNo_val_8105,Amount_val_8105,TaxRate_val_8105,Date_val_8105
8106,Matrix Precision Engineering,VoucherNo_val_8106,Amount_val_8106,TaxRate_val_8106,Date_val_8106
8107,Matrix Precision Engineering,VoucherNo_val_8107,Amount_val_8107,TaxRate_val_8107,Date_val_8107
8108,Matrix Precision Engineering,VoucherNo_val_8108,Amount_val_8108,TaxRate_val_8108,Date_val_8108
8109,Matrix Precision Engineering,VoucherNo_val_8109,Amount_val_8109,TaxRate_val_8109,Date_val_8109
8110,Matrix Precision Engineering,VoucherNo_val_8110,Amount_val_8110,TaxRate_val_8110,Date_val_8110
8111,Matrix Precision Engineering,VoucherNo_val_8111,Amount_val_8111,TaxRate_val_8111,Date_val_8111
8112,Matrix Precision Engineering,VoucherNo_val_8112,Amount_val_8112,TaxRate_val_8112,Date_val_8112
8113,Matrix Precision Engineering,VoucherNo_val_8113,Amount_val_8113,TaxRate_val_8113,Date_val_8113
8114,Matrix Precision Engineering,VoucherNo_val_8114,Amount_val_8114,TaxRate_val_8114,Date_val_8114
8115,Matrix Precision Engineering,VoucherNo_val_8115,Amount_val_8115,TaxRate_val_8115,Date_val_8115
8116,Matrix Precision Engineering,VoucherNo_val_8116,Amount_val_8116,TaxRate_val_8116,Date_val_8116
8117,Matrix Precision Engineering,VoucherNo_val_8117,Amount_val_8117,TaxRate_val_8117,Date_val_8117
8118,Matrix Precision Engineering,VoucherNo_val_8118,Amount_val_8118,TaxRate_val_8118,Date_val_8118
8119,Matrix Precision Engineering,VoucherNo_val_8119,Amount_val_8119,TaxRate_val_8119,Date_val_8119
8120,Matrix Precision Engineering,VoucherNo_val_8120,Amount_val_8120,TaxRate_val_8120,Date_val_8120
8121,Matrix Precision Engineering,VoucherNo_val_8121,Amount_val_8121,TaxRate_val_8121,Date_val_8121
8122,Matrix Precision Engineering,VoucherNo_val_8122,Amount_val_8122,TaxRate_val_8122,Date_val_8122
8123,Matrix Precision Engineering,VoucherNo_val_8123,Amount_val_8123,TaxRate_val_8123,Date_val_8123
8124,Matrix Precision Engineering,VoucherNo_val_8124,Amount_val_8124,TaxRate_val_8124,Date_val_8124
8125,Matrix Precision Engineering,VoucherNo_val_8125,Amount_val_8125,TaxRate_val_8125,Date_val_8125
8126,Matrix Precision Engineering,VoucherNo_val_8126,Amount_val_8126,TaxRate_val_8126,Date_val_8126
8127,Matrix Precision Engineering,VoucherNo_val_8127,Amount_val_8127,TaxRate_val_8127,Date_val_8127
8128,Matrix Precision Engineering,VoucherNo_val_8128,Amount_val_8128,TaxRate_val_8128,Date_val_8128
8129,Matrix Precision Engineering,VoucherNo_val_8129,Amount_val_8129,TaxRate_val_8129,Date_val_8129
8130,Matrix Precision Engineering,VoucherNo_val_8130,Amount_val_8130,TaxRate_val_8130,Date_val_8130
8131,Matrix Precision Engineering,VoucherNo_val_8131,Amount_val_8131,TaxRate_val_8131,Date_val_8131
8132,Matrix Precision Engineering,VoucherNo_val_8132,Amount_val_8132,TaxRate_val_8132,Date_val_8132
8133,Matrix Precision Engineering,VoucherNo_val_8133,Amount_val_8133,TaxRate_val_8133,Date_val_8133
8134,Matrix Precision Engineering,VoucherNo_val_8134,Amount_val_8134,TaxRate_val_8134,Date_val_8134
8135,Matrix Precision Engineering,VoucherNo_val_8135,Amount_val_8135,TaxRate_val_8135,Date_val_8135
8136,Matrix Precision Engineering,VoucherNo_val_8136,Amount_val_8136,TaxRate_val_8136,Date_val_8136
8137,Matrix Precision Engineering,VoucherNo_val_8137,Amount_val_8137,TaxRate_val_8137,Date_val_8137
8138,Matrix Precision Engineering,VoucherNo_val_8138,Amount_val_8138,TaxRate_val_8138,Date_val_8138
8139,Matrix Precision Engineering,VoucherNo_val_8139,Amount_val_8139,TaxRate_val_8139,Date_val_8139
8140,Matrix Precision Engineering,VoucherNo_val_8140,Amount_val_8140,TaxRate_val_8140,Date_val_8140
8141,Matrix Precision Engineering,VoucherNo_val_8141,Amount_val_8141,TaxRate_val_8141,Date_val_8141
8142,Matrix Precision Engineering,VoucherNo_val_8142,Amount_val_8142,TaxRate_val_8142,Date_val_8142
8143,Matrix Precision Engineering,VoucherNo_val_8143,Amount_val_8143,TaxRate_val_8143,Date_val_8143
8144,Matrix Precision Engineering,VoucherNo_val_8144,Amount_val_8144,TaxRate_val_8144,Date_val_8144
8145,Matrix Precision Engineering,VoucherNo_val_8145,Amount_val_8145,TaxRate_val_8145,Date_val_8145
8146,Matrix Precision Engineering,VoucherNo_val_8146,Amount_val_8146,TaxRate_val_8146,Date_val_8146
8147,Matrix Precision Engineering,VoucherNo_val_8147,Amount_val_8147,TaxRate_val_8147,Date_val_8147
8148,Matrix Precision Engineering,VoucherNo_val_8148,Amount_val_8148,TaxRate_val_8148,Date_val_8148
8149,Matrix Precision Engineering,VoucherNo_val_8149,Amount_val_8149,TaxRate_val_8149,Date_val_8149
8150,Matrix Precision Engineering,VoucherNo_val_8150,Amount_val_8150,TaxRate_val_8150,Date_val_8150
8151,Matrix Precision Engineering,VoucherNo_val_8151,Amount_val_8151,TaxRate_val_8151,Date_val_8151
8152,Matrix Precision Engineering,VoucherNo_val_8152,Amount_val_8152,TaxRate_val_8152,Date_val_8152
8153,Matrix Precision Engineering,VoucherNo_val_8153,Amount_val_8153,TaxRate_val_8153,Date_val_8153
8154,Matrix Precision Engineering,VoucherNo_val_8154,Amount_val_8154,TaxRate_val_8154,Date_val_8154
8155,Matrix Precision Engineering,VoucherNo_val_8155,Amount_val_8155,TaxRate_val_8155,Date_val_8155
8156,Matrix Precision Engineering,VoucherNo_val_8156,Amount_val_8156,TaxRate_val_8156,Date_val_8156
8157,Matrix Precision Engineering,VoucherNo_val_8157,Amount_val_8157,TaxRate_val_8157,Date_val_8157
8158,Matrix Precision Engineering,VoucherNo_val_8158,Amount_val_8158,TaxRate_val_8158,Date_val_8158
8159,Matrix Precision Engineering,VoucherNo_val_8159,Amount_val_8159,TaxRate_val_8159,Date_val_8159
8160,Matrix Precision Engineering,VoucherNo_val_8160,Amount_val_8160,TaxRate_val_8160,Date_val_8160
8161,Matrix Precision Engineering,VoucherNo_val_8161,Amount_val_8161,TaxRate_val_8161,Date_val_8161
8162,Matrix Precision Engineering,VoucherNo_val_8162,Amount_val_8162,TaxRate_val_8162,Date_val_8162
8163,Matrix Precision Engineering,VoucherNo_val_8163,Amount_val_8163,TaxRate_val_8163,Date_val_8163
8164,Matrix Precision Engineering,VoucherNo_val_8164,Amount_val_8164,TaxRate_val_8164,Date_val_8164
8165,Matrix Precision Engineering,VoucherNo_val_8165,Amount_val_8165,TaxRate_val_8165,Date_val_8165
8166,Matrix Precision Engineering,VoucherNo_val_8166,Amount_val_8166,TaxRate_val_8166,Date_val_8166
8167,Matrix Precision Engineering,VoucherNo_val_8167,Amount_val_8167,TaxRate_val_8167,Date_val_8167
8168,Matrix Precision Engineering,VoucherNo_val_8168,Amount_val_8168,TaxRate_val_8168,Date_val_8168
8169,Matrix Precision Engineering,VoucherNo_val_8169,Amount_val_8169,TaxRate_val_8169,Date_val_8169
8170,Matrix Precision Engineering,VoucherNo_val_8170,Amount_val_8170,TaxRate_val_8170,Date_val_8170
8171,Matrix Precision Engineering,VoucherNo_val_8171,Amount_val_8171,TaxRate_val_8171,Date_val_8171
8172,Matrix Precision Engineering,VoucherNo_val_8172,Amount_val_8172,TaxRate_val_8172,Date_val_8172
8173,Matrix Precision Engineering,VoucherNo_val_8173,Amount_val_8173,TaxRate_val_8173,Date_val_8173
8174,Matrix Precision Engineering,VoucherNo_val_8174,Amount_val_8174,TaxRate_val_8174,Date_val_8174
8175,Matrix Precision Engineering,VoucherNo_val_8175,Amount_val_8175,TaxRate_val_8175,Date_val_8175
8176,Matrix Precision Engineering,VoucherNo_val_8176,Amount_val_8176,TaxRate_val_8176,Date_val_8176
8177,Matrix Precision Engineering,VoucherNo_val_8177,Amount_val_8177,TaxRate_val_8177,Date_val_8177
8178,Matrix Precision Engineering,VoucherNo_val_8178,Amount_val_8178,TaxRate_val_8178,Date_val_8178
8179,Matrix Precision Engineering,VoucherNo_val_8179,Amount_val_8179,TaxRate_val_8179,Date_val_8179
8180,Matrix Precision Engineering,VoucherNo_val_8180,Amount_val_8180,TaxRate_val_8180,Date_val_8180
8181,Matrix Precision Engineering,VoucherNo_val_8181,Amount_val_8181,TaxRate_val_8181,Date_val_8181
8182,Matrix Precision Engineering,VoucherNo_val_8182,Amount_val_8182,TaxRate_val_8182,Date_val_8182
8183,Matrix Precision Engineering,VoucherNo_val_8183,Amount_val_8183,TaxRate_val_8183,Date_val_8183
8184,Matrix Precision Engineering,VoucherNo_val_8184,Amount_val_8184,TaxRate_val_8184,Date_val_8184
8185,Matrix Precision Engineering,VoucherNo_val_8185,Amount_val_8185,TaxRate_val_8185,Date_val_8185
8186,Matrix Precision Engineering,VoucherNo_val_8186,Amount_val_8186,TaxRate_val_8186,Date_val_8186
8187,Matrix Precision Engineering,VoucherNo_val_8187,Amount_val_8187,TaxRate_val_8187,Date_val_8187
8188,Matrix Precision Engineering,VoucherNo_val_8188,Amount_val_8188,TaxRate_val_8188,Date_val_8188
8189,Matrix Precision Engineering,VoucherNo_val_8189,Amount_val_8189,TaxRate_val_8189,Date_val_8189
8190,Matrix Precision Engineering,VoucherNo_val_8190,Amount_val_8190,TaxRate_val_8190,Date_val_8190
8191,Matrix Precision Engineering,VoucherNo_val_8191,Amount_val_8191,TaxRate_val_8191,Date_val_8191
8192,Matrix Precision Engineering,VoucherNo_val_8192,Amount_val_8192,TaxRate_val_8192,Date_val_8192
8193,Matrix Precision Engineering,VoucherNo_val_8193,Amount_val_8193,TaxRate_val_8193,Date_val_8193
8194,Matrix Precision Engineering,VoucherNo_val_8194,Amount_val_8194,TaxRate_val_8194,Date_val_8194
8195,Matrix Precision Engineering,VoucherNo_val_8195,Amount_val_8195,TaxRate_val_8195,Date_val_8195
8196,Matrix Precision Engineering,VoucherNo_val_8196,Amount_val_8196,TaxRate_val_8196,Date_val_8196
8197,Matrix Precision Engineering,VoucherNo_val_8197,Amount_val_8197,TaxRate_val_8197,Date_val_8197
8198,Matrix Precision Engineering,VoucherNo_val_8198,Amount_val_8198,TaxRate_val_8198,Date_val_8198
8199,Matrix Precision Engineering,VoucherNo_val_8199,Amount_val_8199,TaxRate_val_8199,Date_val_8199
8200,Matrix Precision Engineering,VoucherNo_val_8200,Amount_val_8200,TaxRate_val_8200,Date_val_8200
8201,Matrix Precision Engineering,VoucherNo_val_8201,Amount_val_8201,TaxRate_val_8201,Date_val_8201
8202,Matrix Precision Engineering,VoucherNo_val_8202,Amount_val_8202,TaxRate_val_8202,Date_val_8202
8203,Matrix Precision Engineering,VoucherNo_val_8203,Amount_val_8203,TaxRate_val_8203,Date_val_8203
8204,Matrix Precision Engineering,VoucherNo_val_8204,Amount_val_8204,TaxRate_val_8204,Date_val_8204
8205,Matrix Precision Engineering,VoucherNo_val_8205,Amount_val_8205,TaxRate_val_8205,Date_val_8205
8206,Matrix Precision Engineering,VoucherNo_val_8206,Amount_val_8206,TaxRate_val_8206,Date_val_8206
8207,Matrix Precision Engineering,VoucherNo_val_8207,Amount_val_8207,TaxRate_val_8207,Date_val_8207
8208,Matrix Precision Engineering,VoucherNo_val_8208,Amount_val_8208,TaxRate_val_8208,Date_val_8208
8209,Matrix Precision Engineering,VoucherNo_val_8209,Amount_val_8209,TaxRate_val_8209,Date_val_8209
8210,Matrix Precision Engineering,VoucherNo_val_8210,Amount_val_8210,TaxRate_val_8210,Date_val_8210
8211,Matrix Precision Engineering,VoucherNo_val_8211,Amount_val_8211,TaxRate_val_8211,Date_val_8211
8212,Matrix Precision Engineering,VoucherNo_val_8212,Amount_val_8212,TaxRate_val_8212,Date_val_8212
8213,Matrix Precision Engineering,VoucherNo_val_8213,Amount_val_8213,TaxRate_val_8213,Date_val_8213
8214,Matrix Precision Engineering,VoucherNo_val_8214,Amount_val_8214,TaxRate_val_8214,Date_val_8214
8215,Matrix Precision Engineering,VoucherNo_val_8215,Amount_val_8215,TaxRate_val_8215,Date_val_8215
8216,Matrix Precision Engineering,VoucherNo_val_8216,Amount_val_8216,TaxRate_val_8216,Date_val_8216
8217,Matrix Precision Engineering,VoucherNo_val_8217,Amount_val_8217,TaxRate_val_8217,Date_val_8217
8218,Matrix Precision Engineering,VoucherNo_val_8218,Amount_val_8218,TaxRate_val_8218,Date_val_8218
8219,Matrix Precision Engineering,VoucherNo_val_8219,Amount_val_8219,TaxRate_val_8219,Date_val_8219
8220,Matrix Precision Engineering,VoucherNo_val_8220,Amount_val_8220,TaxRate_val_8220,Date_val_8220
8221,Matrix Precision Engineering,VoucherNo_val_8221,Amount_val_8221,TaxRate_val_8221,Date_val_8221
8222,Matrix Precision Engineering,VoucherNo_val_8222,Amount_val_8222,TaxRate_val_8222,Date_val_8222
8223,Matrix Precision Engineering,VoucherNo_val_8223,Amount_val_8223,TaxRate_val_8223,Date_val_8223
8224,Matrix Precision Engineering,VoucherNo_val_8224,Amount_val_8224,TaxRate_val_8224,Date_val_8224
8225,Matrix Precision Engineering,VoucherNo_val_8225,Amount_val_8225,TaxRate_val_8225,Date_val_8225
8226,Matrix Precision Engineering,VoucherNo_val_8226,Amount_val_8226,TaxRate_val_8226,Date_val_8226
8227,Matrix Precision Engineering,VoucherNo_val_8227,Amount_val_8227,TaxRate_val_8227,Date_val_8227
8228,Matrix Precision Engineering,VoucherNo_val_8228,Amount_val_8228,TaxRate_val_8228,Date_val_8228
8229,Matrix Precision Engineering,VoucherNo_val_8229,Amount_val_8229,TaxRate_val_8229,Date_val_8229
8230,Matrix Precision Engineering,VoucherNo_val_8230,Amount_val_8230,TaxRate_val_8230,Date_val_8230
8231,Matrix Precision Engineering,VoucherNo_val_8231,Amount_val_8231,TaxRate_val_8231,Date_val_8231
8232,Matrix Precision Engineering,VoucherNo_val_8232,Amount_val_8232,TaxRate_val_8232,Date_val_8232
8233,Matrix Precision Engineering,VoucherNo_val_8233,Amount_val_8233,TaxRate_val_8233,Date_val_8233
8234,Matrix Precision Engineering,VoucherNo_val_8234,Amount_val_8234,TaxRate_val_8234,Date_val_8234
8235,Matrix Precision Engineering,VoucherNo_val_8235,Amount_val_8235,TaxRate_val_8235,Date_val_8235
8236,Matrix Precision Engineering,VoucherNo_val_8236,Amount_val_8236,TaxRate_val_8236,Date_val_8236
8237,Matrix Precision Engineering,VoucherNo_val_8237,Amount_val_8237,TaxRate_val_8237,Date_val_8237
8238,Matrix Precision Engineering,VoucherNo_val_8238,Amount_val_8238,TaxRate_val_8238,Date_val_8238
8239,Matrix Precision Engineering,VoucherNo_val_8239,Amount_val_8239,TaxRate_val_8239,Date_val_8239
8240,Matrix Precision Engineering,VoucherNo_val_8240,Amount_val_8240,TaxRate_val_8240,Date_val_8240
8241,Matrix Precision Engineering,VoucherNo_val_8241,Amount_val_8241,TaxRate_val_8241,Date_val_8241
8242,Matrix Precision Engineering,VoucherNo_val_8242,Amount_val_8242,TaxRate_val_8242,Date_val_8242
8243,Matrix Precision Engineering,VoucherNo_val_8243,Amount_val_8243,TaxRate_val_8243,Date_val_8243
8244,Matrix Precision Engineering,VoucherNo_val_8244,Amount_val_8244,TaxRate_val_8244,Date_val_8244
8245,Matrix Precision Engineering,VoucherNo_val_8245,Amount_val_8245,TaxRate_val_8245,Date_val_8245
8246,Matrix Precision Engineering,VoucherNo_val_8246,Amount_val_8246,TaxRate_val_8246,Date_val_8246
8247,Matrix Precision Engineering,VoucherNo_val_8247,Amount_val_8247,TaxRate_val_8247,Date_val_8247
8248,Matrix Precision Engineering,VoucherNo_val_8248,Amount_val_8248,TaxRate_val_8248,Date_val_8248
8249,Matrix Precision Engineering,VoucherNo_val_8249,Amount_val_8249,TaxRate_val_8249,Date_val_8249
8250,Matrix Precision Engineering,VoucherNo_val_8250,Amount_val_8250,TaxRate_val_8250,Date_val_8250
8251,Matrix Precision Engineering,VoucherNo_val_8251,Amount_val_8251,TaxRate_val_8251,Date_val_8251
8252,Matrix Precision Engineering,VoucherNo_val_8252,Amount_val_8252,TaxRate_val_8252,Date_val_8252
8253,Matrix Precision Engineering,VoucherNo_val_8253,Amount_val_8253,TaxRate_val_8253,Date_val_8253
8254,Matrix Precision Engineering,VoucherNo_val_8254,Amount_val_8254,TaxRate_val_8254,Date_val_8254
8255,Matrix Precision Engineering,VoucherNo_val_8255,Amount_val_8255,TaxRate_val_8255,Date_val_8255
8256,Matrix Precision Engineering,VoucherNo_val_8256,Amount_val_8256,TaxRate_val_8256,Date_val_8256
8257,Matrix Precision Engineering,VoucherNo_val_8257,Amount_val_8257,TaxRate_val_8257,Date_val_8257
8258,Matrix Precision Engineering,VoucherNo_val_8258,Amount_val_8258,TaxRate_val_8258,Date_val_8258
8259,Matrix Precision Engineering,VoucherNo_val_8259,Amount_val_8259,TaxRate_val_8259,Date_val_8259
8260,Matrix Precision Engineering,VoucherNo_val_8260,Amount_val_8260,TaxRate_val_8260,Date_val_8260
8261,Matrix Precision Engineering,VoucherNo_val_8261,Amount_val_8261,TaxRate_val_8261,Date_val_8261
8262,Matrix Precision Engineering,VoucherNo_val_8262,Amount_val_8262,TaxRate_val_8262,Date_val_8262
8263,Matrix Precision Engineering,VoucherNo_val_8263,Amount_val_8263,TaxRate_val_8263,Date_val_8263
8264,Matrix Precision Engineering,VoucherNo_val_8264,Amount_val_8264,TaxRate_val_8264,Date_val_8264
8265,Matrix Precision Engineering,VoucherNo_val_8265,Amount_val_8265,TaxRate_val_8265,Date_val_8265
8266,Matrix Precision Engineering,VoucherNo_val_8266,Amount_val_8266,TaxRate_val_8266,Date_val_8266
8267,Matrix Precision Engineering,VoucherNo_val_8267,Amount_val_8267,TaxRate_val_8267,Date_val_8267
8268,Matrix Precision Engineering,VoucherNo_val_8268,Amount_val_8268,TaxRate_val_8268,Date_val_8268
8269,Matrix Precision Engineering,VoucherNo_val_8269,Amount_val_8269,TaxRate_val_8269,Date_val_8269
8270,Matrix Precision Engineering,VoucherNo_val_8270,Amount_val_8270,TaxRate_val_8270,Date_val_8270
8271,Matrix Precision Engineering,VoucherNo_val_8271,Amount_val_8271,TaxRate_val_8271,Date_val_8271
8272,Matrix Precision Engineering,VoucherNo_val_8272,Amount_val_8272,TaxRate_val_8272,Date_val_8272
8273,Matrix Precision Engineering,VoucherNo_val_8273,Amount_val_8273,TaxRate_val_8273,Date_val_8273
8274,Matrix Precision Engineering,VoucherNo_val_8274,Amount_val_8274,TaxRate_val_8274,Date_val_8274
8275,Matrix Precision Engineering,VoucherNo_val_8275,Amount_val_8275,TaxRate_val_8275,Date_val_8275
8276,Matrix Precision Engineering,VoucherNo_val_8276,Amount_val_8276,TaxRate_val_8276,Date_val_8276
8277,Matrix Precision Engineering,VoucherNo_val_8277,Amount_val_8277,TaxRate_val_8277,Date_val_8277
8278,Matrix Precision Engineering,VoucherNo_val_8278,Amount_val_8278,TaxRate_val_8278,Date_val_8278
8279,Matrix Precision Engineering,VoucherNo_val_8279,Amount_val_8279,TaxRate_val_8279,Date_val_8279
8280,Matrix Precision Engineering,VoucherNo_val_8280,Amount_val_8280,TaxRate_val_8280,Date_val_8280
8281,Matrix Precision Engineering,VoucherNo_val_8281,Amount_val_8281,TaxRate_val_8281,Date_val_8281
8282,Matrix Precision Engineering,VoucherNo_val_8282,Amount_val_8282,TaxRate_val_8282,Date_val_8282
8283,Matrix Precision Engineering,VoucherNo_val_8283,Amount_val_8283,TaxRate_val_8283,Date_val_8283
8284,Matrix Precision Engineering,VoucherNo_val_8284,Amount_val_8284,TaxRate_val_8284,Date_val_8284
8285,Matrix Precision Engineering,VoucherNo_val_8285,Amount_val_8285,TaxRate_val_8285,Date_val_8285
8286,Matrix Precision Engineering,VoucherNo_val_8286,Amount_val_8286,TaxRate_val_8286,Date_val_8286
8287,Matrix Precision Engineering,VoucherNo_val_8287,Amount_val_8287,TaxRate_val_8287,Date_val_8287
8288,Matrix Precision Engineering,VoucherNo_val_8288,Amount_val_8288,TaxRate_val_8288,Date_val_8288
8289,Matrix Precision Engineering,VoucherNo_val_8289,Amount_val_8289,TaxRate_val_8289,Date_val_8289
8290,Matrix Precision Engineering,VoucherNo_val_8290,Amount_val_8290,TaxRate_val_8290,Date_val_8290
8291,Matrix Precision Engineering,VoucherNo_val_8291,Amount_val_8291,TaxRate_val_8291,Date_val_8291
8292,Matrix Precision Engineering,VoucherNo_val_8292,Amount_val_8292,TaxRate_val_8292,Date_val_8292
8293,Matrix Precision Engineering,VoucherNo_val_8293,Amount_val_8293,TaxRate_val_8293,Date_val_8293
8294,Matrix Precision Engineering,VoucherNo_val_8294,Amount_val_8294,TaxRate_val_8294,Date_val_8294
8295,Matrix Precision Engineering,VoucherNo_val_8295,Amount_val_8295,TaxRate_val_8295,Date_val_8295
8296,Matrix Precision Engineering,VoucherNo_val_8296,Amount_val_8296,TaxRate_val_8296,Date_val_8296
8297,Matrix Precision Engineering,VoucherNo_val_8297,Amount_val_8297,TaxRate_val_8297,Date_val_8297
8298,Matrix Precision Engineering,VoucherNo_val_8298,Amount_val_8298,TaxRate_val_8298,Date_val_8298
8299,Matrix Precision Engineering,VoucherNo_val_8299,Amount_val_8299,TaxRate_val_8299,Date_val_8299
8300,Matrix Precision Engineering,VoucherNo_val_8300,Amount_val_8300,TaxRate_val_8300,Date_val_8300
8301,Matrix Precision Engineering,VoucherNo_val_8301,Amount_val_8301,TaxRate_val_8301,Date_val_8301
8302,Matrix Precision Engineering,VoucherNo_val_8302,Amount_val_8302,TaxRate_val_8302,Date_val_8302
8303,Matrix Precision Engineering,VoucherNo_val_8303,Amount_val_8303,TaxRate_val_8303,Date_val_8303
8304,Matrix Precision Engineering,VoucherNo_val_8304,Amount_val_8304,TaxRate_val_8304,Date_val_8304
8305,Matrix Precision Engineering,VoucherNo_val_8305,Amount_val_8305,TaxRate_val_8305,Date_val_8305
8306,Matrix Precision Engineering,VoucherNo_val_8306,Amount_val_8306,TaxRate_val_8306,Date_val_8306
8307,Matrix Precision Engineering,VoucherNo_val_8307,Amount_val_8307,TaxRate_val_8307,Date_val_8307
8308,Matrix Precision Engineering,VoucherNo_val_8308,Amount_val_8308,TaxRate_val_8308,Date_val_8308
8309,Matrix Precision Engineering,VoucherNo_val_8309,Amount_val_8309,TaxRate_val_8309,Date_val_8309
8310,Matrix Precision Engineering,VoucherNo_val_8310,Amount_val_8310,TaxRate_val_8310,Date_val_8310
8311,Matrix Precision Engineering,VoucherNo_val_8311,Amount_val_8311,TaxRate_val_8311,Date_val_8311
8312,Matrix Precision Engineering,VoucherNo_val_8312,Amount_val_8312,TaxRate_val_8312,Date_val_8312
8313,Matrix Precision Engineering,VoucherNo_val_8313,Amount_val_8313,TaxRate_val_8313,Date_val_8313
8314,Matrix Precision Engineering,VoucherNo_val_8314,Amount_val_8314,TaxRate_val_8314,Date_val_8314
8315,Matrix Precision Engineering,VoucherNo_val_8315,Amount_val_8315,TaxRate_val_8315,Date_val_8315
8316,Matrix Precision Engineering,VoucherNo_val_8316,Amount_val_8316,TaxRate_val_8316,Date_val_8316
8317,Matrix Precision Engineering,VoucherNo_val_8317,Amount_val_8317,TaxRate_val_8317,Date_val_8317
8318,Matrix Precision Engineering,VoucherNo_val_8318,Amount_val_8318,TaxRate_val_8318,Date_val_8318
8319,Matrix Precision Engineering,VoucherNo_val_8319,Amount_val_8319,TaxRate_val_8319,Date_val_8319
8320,Matrix Precision Engineering,VoucherNo_val_8320,Amount_val_8320,TaxRate_val_8320,Date_val_8320
8321,Matrix Precision Engineering,VoucherNo_val_8321,Amount_val_8321,TaxRate_val_8321,Date_val_8321
8322,Matrix Precision Engineering,VoucherNo_val_8322,Amount_val_8322,TaxRate_val_8322,Date_val_8322
8323,Matrix Precision Engineering,VoucherNo_val_8323,Amount_val_8323,TaxRate_val_8323,Date_val_8323
8324,Matrix Precision Engineering,VoucherNo_val_8324,Amount_val_8324,TaxRate_val_8324,Date_val_8324
8325,Matrix Precision Engineering,VoucherNo_val_8325,Amount_val_8325,TaxRate_val_8325,Date_val_8325
8326,Matrix Precision Engineering,VoucherNo_val_8326,Amount_val_8326,TaxRate_val_8326,Date_val_8326
8327,Matrix Precision Engineering,VoucherNo_val_8327,Amount_val_8327,TaxRate_val_8327,Date_val_8327
8328,Matrix Precision Engineering,VoucherNo_val_8328,Amount_val_8328,TaxRate_val_8328,Date_val_8328
8329,Matrix Precision Engineering,VoucherNo_val_8329,Amount_val_8329,TaxRate_val_8329,Date_val_8329
8330,Matrix Precision Engineering,VoucherNo_val_8330,Amount_val_8330,TaxRate_val_8330,Date_val_8330
8331,Matrix Precision Engineering,VoucherNo_val_8331,Amount_val_8331,TaxRate_val_8331,Date_val_8331
8332,Matrix Precision Engineering,VoucherNo_val_8332,Amount_val_8332,TaxRate_val_8332,Date_val_8332
8333,Matrix Precision Engineering,VoucherNo_val_8333,Amount_val_8333,TaxRate_val_8333,Date_val_8333
8334,Matrix Precision Engineering,VoucherNo_val_8334,Amount_val_8334,TaxRate_val_8334,Date_val_8334
8335,Matrix Precision Engineering,VoucherNo_val_8335,Amount_val_8335,TaxRate_val_8335,Date_val_8335
8336,Matrix Precision Engineering,VoucherNo_val_8336,Amount_val_8336,TaxRate_val_8336,Date_val_8336
8337,Matrix Precision Engineering,VoucherNo_val_8337,Amount_val_8337,TaxRate_val_8337,Date_val_8337
8338,Matrix Precision Engineering,VoucherNo_val_8338,Amount_val_8338,TaxRate_val_8338,Date_val_8338
8339,Matrix Precision Engineering,VoucherNo_val_8339,Amount_val_8339,TaxRate_val_8339,Date_val_8339
8340,Matrix Precision Engineering,VoucherNo_val_8340,Amount_val_8340,TaxRate_val_8340,Date_val_8340
8341,Matrix Precision Engineering,VoucherNo_val_8341,Amount_val_8341,TaxRate_val_8341,Date_val_8341
8342,Matrix Precision Engineering,VoucherNo_val_8342,Amount_val_8342,TaxRate_val_8342,Date_val_8342
8343,Matrix Precision Engineering,VoucherNo_val_8343,Amount_val_8343,TaxRate_val_8343,Date_val_8343
8344,Matrix Precision Engineering,VoucherNo_val_8344,Amount_val_8344,TaxRate_val_8344,Date_val_8344
8345,Matrix Precision Engineering,VoucherNo_val_8345,Amount_val_8345,TaxRate_val_8345,Date_val_8345
8346,Matrix Precision Engineering,VoucherNo_val_8346,Amount_val_8346,TaxRate_val_8346,Date_val_8346
8347,Matrix Precision Engineering,VoucherNo_val_8347,Amount_val_8347,TaxRate_val_8347,Date_val_8347
8348,Matrix Precision Engineering,VoucherNo_val_8348,Amount_val_8348,TaxRate_val_8348,Date_val_8348
8349,Matrix Precision Engineering,VoucherNo_val_8349,Amount_val_8349,TaxRate_val_8349,Date_val_8349
8350,Matrix Precision Engineering,VoucherNo_val_8350,Amount_val_8350,TaxRate_val_8350,Date_val_8350
8351,Matrix Precision Engineering,VoucherNo_val_8351,Amount_val_8351,TaxRate_val_8351,Date_val_8351
8352,Matrix Precision Engineering,VoucherNo_val_8352,Amount_val_8352,TaxRate_val_8352,Date_val_8352
8353,Matrix Precision Engineering,VoucherNo_val_8353,Amount_val_8353,TaxRate_val_8353,Date_val_8353
8354,Matrix Precision Engineering,VoucherNo_val_8354,Amount_val_8354,TaxRate_val_8354,Date_val_8354
8355,Matrix Precision Engineering,VoucherNo_val_8355,Amount_val_8355,TaxRate_val_8355,Date_val_8355
8356,Matrix Precision Engineering,VoucherNo_val_8356,Amount_val_8356,TaxRate_val_8356,Date_val_8356
8357,Matrix Precision Engineering,VoucherNo_val_8357,Amount_val_8357,TaxRate_val_8357,Date_val_8357
8358,Matrix Precision Engineering,VoucherNo_val_8358,Amount_val_8358,TaxRate_val_8358,Date_val_8358
8359,Matrix Precision Engineering,VoucherNo_val_8359,Amount_val_8359,TaxRate_val_8359,Date_val_8359
8360,Matrix Precision Engineering,VoucherNo_val_8360,Amount_val_8360,TaxRate_val_8360,Date_val_8360
8361,Matrix Precision Engineering,VoucherNo_val_8361,Amount_val_8361,TaxRate_val_8361,Date_val_8361
8362,Matrix Precision Engineering,VoucherNo_val_8362,Amount_val_8362,TaxRate_val_8362,Date_val_8362
8363,Matrix Precision Engineering,VoucherNo_val_8363,Amount_val_8363,TaxRate_val_8363,Date_val_8363
8364,Matrix Precision Engineering,VoucherNo_val_8364,Amount_val_8364,TaxRate_val_8364,Date_val_8364
8365,Matrix Precision Engineering,VoucherNo_val_8365,Amount_val_8365,TaxRate_val_8365,Date_val_8365
8366,Matrix Precision Engineering,VoucherNo_val_8366,Amount_val_8366,TaxRate_val_8366,Date_val_8366
8367,Matrix Precision Engineering,VoucherNo_val_8367,Amount_val_8367,TaxRate_val_8367,Date_val_8367
8368,Matrix Precision Engineering,VoucherNo_val_8368,Amount_val_8368,TaxRate_val_8368,Date_val_8368
8369,Matrix Precision Engineering,VoucherNo_val_8369,Amount_val_8369,TaxRate_val_8369,Date_val_8369
8370,Matrix Precision Engineering,VoucherNo_val_8370,Amount_val_8370,TaxRate_val_8370,Date_val_8370
8371,Matrix Precision Engineering,VoucherNo_val_8371,Amount_val_8371,TaxRate_val_8371,Date_val_8371
8372,Matrix Precision Engineering,VoucherNo_val_8372,Amount_val_8372,TaxRate_val_8372,Date_val_8372
8373,Matrix Precision Engineering,VoucherNo_val_8373,Amount_val_8373,TaxRate_val_8373,Date_val_8373
8374,Matrix Precision Engineering,VoucherNo_val_8374,Amount_val_8374,TaxRate_val_8374,Date_val_8374
8375,Matrix Precision Engineering,VoucherNo_val_8375,Amount_val_8375,TaxRate_val_8375,Date_val_8375
8376,Matrix Precision Engineering,VoucherNo_val_8376,Amount_val_8376,TaxRate_val_8376,Date_val_8376
8377,Matrix Precision Engineering,VoucherNo_val_8377,Amount_val_8377,TaxRate_val_8377,Date_val_8377
8378,Matrix Precision Engineering,VoucherNo_val_8378,Amount_val_8378,TaxRate_val_8378,Date_val_8378
8379,Matrix Precision Engineering,VoucherNo_val_8379,Amount_val_8379,TaxRate_val_8379,Date_val_8379
8380,Matrix Precision Engineering,VoucherNo_val_8380,Amount_val_8380,TaxRate_val_8380,Date_val_8380
8381,Matrix Precision Engineering,VoucherNo_val_8381,Amount_val_8381,TaxRate_val_8381,Date_val_8381
8382,Matrix Precision Engineering,VoucherNo_val_8382,Amount_val_8382,TaxRate_val_8382,Date_val_8382
8383,Matrix Precision Engineering,VoucherNo_val_8383,Amount_val_8383,TaxRate_val_8383,Date_val_8383
8384,Matrix Precision Engineering,VoucherNo_val_8384,Amount_val_8384,TaxRate_val_8384,Date_val_8384
8385,Matrix Precision Engineering,VoucherNo_val_8385,Amount_val_8385,TaxRate_val_8385,Date_val_8385
8386,Matrix Precision Engineering,VoucherNo_val_8386,Amount_val_8386,TaxRate_val_8386,Date_val_8386
8387,Matrix Precision Engineering,VoucherNo_val_8387,Amount_val_8387,TaxRate_val_8387,Date_val_8387
8388,Matrix Precision Engineering,VoucherNo_val_8388,Amount_val_8388,TaxRate_val_8388,Date_val_8388
8389,Matrix Precision Engineering,VoucherNo_val_8389,Amount_val_8389,TaxRate_val_8389,Date_val_8389
8390,Matrix Precision Engineering,VoucherNo_val_8390,Amount_val_8390,TaxRate_val_8390,Date_val_8390
8391,Matrix Precision Engineering,VoucherNo_val_8391,Amount_val_8391,TaxRate_val_8391,Date_val_8391
8392,Matrix Precision Engineering,VoucherNo_val_8392,Amount_val_8392,TaxRate_val_8392,Date_val_8392
8393,Matrix Precision Engineering,VoucherNo_val_8393,Amount_val_8393,TaxRate_val_8393,Date_val_8393
8394,Matrix Precision Engineering,VoucherNo_val_8394,Amount_val_8394,TaxRate_val_8394,Date_val_8394
8395,Matrix Precision Engineering,VoucherNo_val_8395,Amount_val_8395,TaxRate_val_8395,Date_val_8395
8396,Matrix Precision Engineering,VoucherNo_val_8396,Amount_val_8396,TaxRate_val_8396,Date_val_8396
8397,Matrix Precision Engineering,VoucherNo_val_8397,Amount_val_8397,TaxRate_val_8397,Date_val_8397
8398,Matrix Precision Engineering,VoucherNo_val_8398,Amount_val_8398,TaxRate_val_8398,Date_val_8398
8399,Matrix Precision Engineering,VoucherNo_val_8399,Amount_val_8399,TaxRate_val_8399,Date_val_8399
8400,Matrix Precision Engineering,VoucherNo_val_8400,Amount_val_8400,TaxRate_val_8400,Date_val_8400
8401,Matrix Precision Engineering,VoucherNo_val_8401,Amount_val_8401,TaxRate_val_8401,Date_val_8401
8402,Matrix Precision Engineering,VoucherNo_val_8402,Amount_val_8402,TaxRate_val_8402,Date_val_8402
8403,Matrix Precision Engineering,VoucherNo_val_8403,Amount_val_8403,TaxRate_val_8403,Date_val_8403
8404,Matrix Precision Engineering,VoucherNo_val_8404,Amount_val_8404,TaxRate_val_8404,Date_val_8404
8405,Matrix Precision Engineering,VoucherNo_val_8405,Amount_val_8405,TaxRate_val_8405,Date_val_8405
8406,Matrix Precision Engineering,VoucherNo_val_8406,Amount_val_8406,TaxRate_val_8406,Date_val_8406
8407,Matrix Precision Engineering,VoucherNo_val_8407,Amount_val_8407,TaxRate_val_8407,Date_val_8407
8408,Matrix Precision Engineering,VoucherNo_val_8408,Amount_val_8408,TaxRate_val_8408,Date_val_8408
8409,Matrix Precision Engineering,VoucherNo_val_8409,Amount_val_8409,TaxRate_val_8409,Date_val_8409
8410,Matrix Precision Engineering,VoucherNo_val_8410,Amount_val_8410,TaxRate_val_8410,Date_val_8410
8411,Matrix Precision Engineering,VoucherNo_val_8411,Amount_val_8411,TaxRate_val_8411,Date_val_8411
8412,Matrix Precision Engineering,VoucherNo_val_8412,Amount_val_8412,TaxRate_val_8412,Date_val_8412
8413,Matrix Precision Engineering,VoucherNo_val_8413,Amount_val_8413,TaxRate_val_8413,Date_val_8413
8414,Matrix Precision Engineering,VoucherNo_val_8414,Amount_val_8414,TaxRate_val_8414,Date_val_8414
8415,Matrix Precision Engineering,VoucherNo_val_8415,Amount_val_8415,TaxRate_val_8415,Date_val_8415
8416,Matrix Precision Engineering,VoucherNo_val_8416,Amount_val_8416,TaxRate_val_8416,Date_val_8416
8417,Matrix Precision Engineering,VoucherNo_val_8417,Amount_val_8417,TaxRate_val_8417,Date_val_8417
8418,Matrix Precision Engineering,VoucherNo_val_8418,Amount_val_8418,TaxRate_val_8418,Date_val_8418
8419,Matrix Precision Engineering,VoucherNo_val_8419,Amount_val_8419,TaxRate_val_8419,Date_val_8419
8420,Matrix Precision Engineering,VoucherNo_val_8420,Amount_val_8420,TaxRate_val_8420,Date_val_8420
8421,Matrix Precision Engineering,VoucherNo_val_8421,Amount_val_8421,TaxRate_val_8421,Date_val_8421
8422,Matrix Precision Engineering,VoucherNo_val_8422,Amount_val_8422,TaxRate_val_8422,Date_val_8422
8423,Matrix Precision Engineering,VoucherNo_val_8423,Amount_val_8423,TaxRate_val_8423,Date_val_8423
8424,Matrix Precision Engineering,VoucherNo_val_8424,Amount_val_8424,TaxRate_val_8424,Date_val_8424
8425,Matrix Precision Engineering,VoucherNo_val_8425,Amount_val_8425,TaxRate_val_8425,Date_val_8425
8426,Matrix Precision Engineering,VoucherNo_val_8426,Amount_val_8426,TaxRate_val_8426,Date_val_8426
8427,Matrix Precision Engineering,VoucherNo_val_8427,Amount_val_8427,TaxRate_val_8427,Date_val_8427
8428,Matrix Precision Engineering,VoucherNo_val_8428,Amount_val_8428,TaxRate_val_8428,Date_val_8428
8429,Matrix Precision Engineering,VoucherNo_val_8429,Amount_val_8429,TaxRate_val_8429,Date_val_8429
8430,Matrix Precision Engineering,VoucherNo_val_8430,Amount_val_8430,TaxRate_val_8430,Date_val_8430
8431,Matrix Precision Engineering,VoucherNo_val_8431,Amount_val_8431,TaxRate_val_8431,Date_val_8431
8432,Matrix Precision Engineering,VoucherNo_val_8432,Amount_val_8432,TaxRate_val_8432,Date_val_8432
8433,Matrix Precision Engineering,VoucherNo_val_8433,Amount_val_8433,TaxRate_val_8433,Date_val_8433
8434,Matrix Precision Engineering,VoucherNo_val_8434,Amount_val_8434,TaxRate_val_8434,Date_val_8434
8435,Matrix Precision Engineering,VoucherNo_val_8435,Amount_val_8435,TaxRate_val_8435,Date_val_8435
8436,Matrix Precision Engineering,VoucherNo_val_8436,Amount_val_8436,TaxRate_val_8436,Date_val_8436
8437,Matrix Precision Engineering,VoucherNo_val_8437,Amount_val_8437,TaxRate_val_8437,Date_val_8437
8438,Matrix Precision Engineering,VoucherNo_val_8438,Amount_val_8438,TaxRate_val_8438,Date_val_8438
8439,Matrix Precision Engineering,VoucherNo_val_8439,Amount_val_8439,TaxRate_val_8439,Date_val_8439
8440,Matrix Precision Engineering,VoucherNo_val_8440,Amount_val_8440,TaxRate_val_8440,Date_val_8440
8441,Matrix Precision Engineering,VoucherNo_val_8441,Amount_val_8441,TaxRate_val_8441,Date_val_8441
8442,Matrix Precision Engineering,VoucherNo_val_8442,Amount_val_8442,TaxRate_val_8442,Date_val_8442
8443,Matrix Precision Engineering,VoucherNo_val_8443,Amount_val_8443,TaxRate_val_8443,Date_val_8443
8444,Matrix Precision Engineering,VoucherNo_val_8444,Amount_val_8444,TaxRate_val_8444,Date_val_8444
8445,Matrix Precision Engineering,VoucherNo_val_8445,Amount_val_8445,TaxRate_val_8445,Date_val_8445
8446,Matrix Precision Engineering,VoucherNo_val_8446,Amount_val_8446,TaxRate_val_8446,Date_val_8446
8447,Matrix Precision Engineering,VoucherNo_val_8447,Amount_val_8447,TaxRate_val_8447,Date_val_8447
8448,Matrix Precision Engineering,VoucherNo_val_8448,Amount_val_8448,TaxRate_val_8448,Date_val_8448
8449,Matrix Precision Engineering,VoucherNo_val_8449,Amount_val_8449,TaxRate_val_8449,Date_val_8449
8450,Matrix Precision Engineering,VoucherNo_val_8450,Amount_val_8450,TaxRate_val_8450,Date_val_8450
8451,Matrix Precision Engineering,VoucherNo_val_8451,Amount_val_8451,TaxRate_val_8451,Date_val_8451
8452,Matrix Precision Engineering,VoucherNo_val_8452,Amount_val_8452,TaxRate_val_8452,Date_val_8452
8453,Matrix Precision Engineering,VoucherNo_val_8453,Amount_val_8453,TaxRate_val_8453,Date_val_8453
8454,Matrix Precision Engineering,VoucherNo_val_8454,Amount_val_8454,TaxRate_val_8454,Date_val_8454
8455,Matrix Precision Engineering,VoucherNo_val_8455,Amount_val_8455,TaxRate_val_8455,Date_val_8455
8456,Matrix Precision Engineering,VoucherNo_val_8456,Amount_val_8456,TaxRate_val_8456,Date_val_8456
8457,Matrix Precision Engineering,VoucherNo_val_8457,Amount_val_8457,TaxRate_val_8457,Date_val_8457
8458,Matrix Precision Engineering,VoucherNo_val_8458,Amount_val_8458,TaxRate_val_8458,Date_val_8458
8459,Matrix Precision Engineering,VoucherNo_val_8459,Amount_val_8459,TaxRate_val_8459,Date_val_8459
8460,Matrix Precision Engineering,VoucherNo_val_8460,Amount_val_8460,TaxRate_val_8460,Date_val_8460
8461,Matrix Precision Engineering,VoucherNo_val_8461,Amount_val_8461,TaxRate_val_8461,Date_val_8461
8462,Matrix Precision Engineering,VoucherNo_val_8462,Amount_val_8462,TaxRate_val_8462,Date_val_8462
8463,Matrix Precision Engineering,VoucherNo_val_8463,Amount_val_8463,TaxRate_val_8463,Date_val_8463
8464,Matrix Precision Engineering,VoucherNo_val_8464,Amount_val_8464,TaxRate_val_8464,Date_val_8464
8465,Matrix Precision Engineering,VoucherNo_val_8465,Amount_val_8465,TaxRate_val_8465,Date_val_8465
8466,Matrix Precision Engineering,VoucherNo_val_8466,Amount_val_8466,TaxRate_val_8466,Date_val_8466
8467,Matrix Precision Engineering,VoucherNo_val_8467,Amount_val_8467,TaxRate_val_8467,Date_val_8467
8468,Matrix Precision Engineering,VoucherNo_val_8468,Amount_val_8468,TaxRate_val_8468,Date_val_8468
8469,Matrix Precision Engineering,VoucherNo_val_8469,Amount_val_8469,TaxRate_val_8469,Date_val_8469
8470,Matrix Precision Engineering,VoucherNo_val_8470,Amount_val_8470,TaxRate_val_8470,Date_val_8470
8471,Matrix Precision Engineering,VoucherNo_val_8471,Amount_val_8471,TaxRate_val_8471,Date_val_8471
8472,Matrix Precision Engineering,VoucherNo_val_8472,Amount_val_8472,TaxRate_val_8472,Date_val_8472
8473,Matrix Precision Engineering,VoucherNo_val_8473,Amount_val_8473,TaxRate_val_8473,Date_val_8473
8474,Matrix Precision Engineering,VoucherNo_val_8474,Amount_val_8474,TaxRate_val_8474,Date_val_8474
8475,Matrix Precision Engineering,VoucherNo_val_8475,Amount_val_8475,TaxRate_val_8475,Date_val_8475
8476,Matrix Precision Engineering,VoucherNo_val_8476,Amount_val_8476,TaxRate_val_8476,Date_val_8476
8477,Matrix Precision Engineering,VoucherNo_val_8477,Amount_val_8477,TaxRate_val_8477,Date_val_8477
8478,Matrix Precision Engineering,VoucherNo_val_8478,Amount_val_8478,TaxRate_val_8478,Date_val_8478
8479,Matrix Precision Engineering,VoucherNo_val_8479,Amount_val_8479,TaxRate_val_8479,Date_val_8479
8480,Matrix Precision Engineering,VoucherNo_val_8480,Amount_val_8480,TaxRate_val_8480,Date_val_8480
8481,Matrix Precision Engineering,VoucherNo_val_8481,Amount_val_8481,TaxRate_val_8481,Date_val_8481
8482,Matrix Precision Engineering,VoucherNo_val_8482,Amount_val_8482,TaxRate_val_8482,Date_val_8482
8483,Matrix Precision Engineering,VoucherNo_val_8483,Amount_val_8483,TaxRate_val_8483,Date_val_8483
8484,Matrix Precision Engineering,VoucherNo_val_8484,Amount_val_8484,TaxRate_val_8484,Date_val_8484
8485,Matrix Precision Engineering,VoucherNo_val_8485,Amount_val_8485,TaxRate_val_8485,Date_val_8485
8486,Matrix Precision Engineering,VoucherNo_val_8486,Amount_val_8486,TaxRate_val_8486,Date_val_8486
8487,Matrix Precision Engineering,VoucherNo_val_8487,Amount_val_8487,TaxRate_val_8487,Date_val_8487
8488,Matrix Precision Engineering,VoucherNo_val_8488,Amount_val_8488,TaxRate_val_8488,Date_val_8488
8489,Matrix Precision Engineering,VoucherNo_val_8489,Amount_val_8489,TaxRate_val_8489,Date_val_8489
8490,Matrix Precision Engineering,VoucherNo_val_8490,Amount_val_8490,TaxRate_val_8490,Date_val_8490
8491,Matrix Precision Engineering,VoucherNo_val_8491,Amount_val_8491,TaxRate_val_8491,Date_val_8491
8492,Matrix Precision Engineering,VoucherNo_val_8492,Amount_val_8492,TaxRate_val_8492,Date_val_8492
8493,Matrix Precision Engineering,VoucherNo_val_8493,Amount_val_8493,TaxRate_val_8493,Date_val_8493
8494,Matrix Precision Engineering,VoucherNo_val_8494,Amount_val_8494,TaxRate_val_8494,Date_val_8494
8495,Matrix Precision Engineering,VoucherNo_val_8495,Amount_val_8495,TaxRate_val_8495,Date_val_8495
8496,Matrix Precision Engineering,VoucherNo_val_8496,Amount_val_8496,TaxRate_val_8496,Date_val_8496
8497,Matrix Precision Engineering,VoucherNo_val_8497,Amount_val_8497,TaxRate_val_8497,Date_val_8497
8498,Matrix Precision Engineering,VoucherNo_val_8498,Amount_val_8498,TaxRate_val_8498,Date_val_8498
8499,Matrix Precision Engineering,VoucherNo_val_8499,Amount_val_8499,TaxRate_val_8499,Date_val_8499
8500,Matrix Precision Engineering,VoucherNo_val_8500,Amount_val_8500,TaxRate_val_8500,Date_val_8500
8501,Matrix Precision Engineering,VoucherNo_val_8501,Amount_val_8501,TaxRate_val_8501,Date_val_8501
8502,Matrix Precision Engineering,VoucherNo_val_8502,Amount_val_8502,TaxRate_val_8502,Date_val_8502
8503,Matrix Precision Engineering,VoucherNo_val_8503,Amount_val_8503,TaxRate_val_8503,Date_val_8503
8504,Matrix Precision Engineering,VoucherNo_val_8504,Amount_val_8504,TaxRate_val_8504,Date_val_8504
8505,Matrix Precision Engineering,VoucherNo_val_8505,Amount_val_8505,TaxRate_val_8505,Date_val_8505
8506,Matrix Precision Engineering,VoucherNo_val_8506,Amount_val_8506,TaxRate_val_8506,Date_val_8506
8507,Matrix Precision Engineering,VoucherNo_val_8507,Amount_val_8507,TaxRate_val_8507,Date_val_8507
8508,Matrix Precision Engineering,VoucherNo_val_8508,Amount_val_8508,TaxRate_val_8508,Date_val_8508
8509,Matrix Precision Engineering,VoucherNo_val_8509,Amount_val_8509,TaxRate_val_8509,Date_val_8509
8510,Matrix Precision Engineering,VoucherNo_val_8510,Amount_val_8510,TaxRate_val_8510,Date_val_8510
8511,Matrix Precision Engineering,VoucherNo_val_8511,Amount_val_8511,TaxRate_val_8511,Date_val_8511
8512,Matrix Precision Engineering,VoucherNo_val_8512,Amount_val_8512,TaxRate_val_8512,Date_val_8512
8513,Matrix Precision Engineering,VoucherNo_val_8513,Amount_val_8513,TaxRate_val_8513,Date_val_8513
8514,Matrix Precision Engineering,VoucherNo_val_8514,Amount_val_8514,TaxRate_val_8514,Date_val_8514
8515,Matrix Precision Engineering,VoucherNo_val_8515,Amount_val_8515,TaxRate_val_8515,Date_val_8515
8516,Matrix Precision Engineering,VoucherNo_val_8516,Amount_val_8516,TaxRate_val_8516,Date_val_8516
8517,Matrix Precision Engineering,VoucherNo_val_8517,Amount_val_8517,TaxRate_val_8517,Date_val_8517
8518,Matrix Precision Engineering,VoucherNo_val_8518,Amount_val_8518,TaxRate_val_8518,Date_val_8518
8519,Matrix Precision Engineering,VoucherNo_val_8519,Amount_val_8519,TaxRate_val_8519,Date_val_8519
8520,Matrix Precision Engineering,VoucherNo_val_8520,Amount_val_8520,TaxRate_val_8520,Date_val_8520
8521,Matrix Precision Engineering,VoucherNo_val_8521,Amount_val_8521,TaxRate_val_8521,Date_val_8521
8522,Matrix Precision Engineering,VoucherNo_val_8522,Amount_val_8522,TaxRate_val_8522,Date_val_8522
8523,Matrix Precision Engineering,VoucherNo_val_8523,Amount_val_8523,TaxRate_val_8523,Date_val_8523
8524,Matrix Precision Engineering,VoucherNo_val_8524,Amount_val_8524,TaxRate_val_8524,Date_val_8524
8525,Matrix Precision Engineering,VoucherNo_val_8525,Amount_val_8525,TaxRate_val_8525,Date_val_8525
8526,Matrix Precision Engineering,VoucherNo_val_8526,Amount_val_8526,TaxRate_val_8526,Date_val_8526
8527,Matrix Precision Engineering,VoucherNo_val_8527,Amount_val_8527,TaxRate_val_8527,Date_val_8527
8528,Matrix Precision Engineering,VoucherNo_val_8528,Amount_val_8528,TaxRate_val_8528,Date_val_8528
8529,Matrix Precision Engineering,VoucherNo_val_8529,Amount_val_8529,TaxRate_val_8529,Date_val_8529
8530,Matrix Precision Engineering,VoucherNo_val_8530,Amount_val_8530,TaxRate_val_8530,Date_val_8530
8531,Matrix Precision Engineering,VoucherNo_val_8531,Amount_val_8531,TaxRate_val_8531,Date_val_8531
8532,Matrix Precision Engineering,VoucherNo_val_8532,Amount_val_8532,TaxRate_val_8532,Date_val_8532
8533,Matrix Precision Engineering,VoucherNo_val_8533,Amount_val_8533,TaxRate_val_8533,Date_val_8533
8534,Matrix Precision Engineering,VoucherNo_val_8534,Amount_val_8534,TaxRate_val_8534,Date_val_8534
8535,Matrix Precision Engineering,VoucherNo_val_8535,Amount_val_8535,TaxRate_val_8535,Date_val_8535
8536,Matrix Precision Engineering,VoucherNo_val_8536,Amount_val_8536,TaxRate_val_8536,Date_val_8536
8537,Matrix Precision Engineering,VoucherNo_val_8537,Amount_val_8537,TaxRate_val_8537,Date_val_8537
8538,Matrix Precision Engineering,VoucherNo_val_8538,Amount_val_8538,TaxRate_val_8538,Date_val_8538
8539,Matrix Precision Engineering,VoucherNo_val_8539,Amount_val_8539,TaxRate_val_8539,Date_val_8539
8540,Matrix Precision Engineering,VoucherNo_val_8540,Amount_val_8540,TaxRate_val_8540,Date_val_8540
8541,Matrix Precision Engineering,VoucherNo_val_8541,Amount_val_8541,TaxRate_val_8541,Date_val_8541
8542,Matrix Precision Engineering,VoucherNo_val_8542,Amount_val_8542,TaxRate_val_8542,Date_val_8542
8543,Matrix Precision Engineering,VoucherNo_val_8543,Amount_val_8543,TaxRate_val_8543,Date_val_8543
8544,Matrix Precision Engineering,VoucherNo_val_8544,Amount_val_8544,TaxRate_val_8544,Date_val_8544
8545,Matrix Precision Engineering,VoucherNo_val_8545,Amount_val_8545,TaxRate_val_8545,Date_val_8545
8546,Matrix Precision Engineering,VoucherNo_val_8546,Amount_val_8546,TaxRate_val_8546,Date_val_8546
8547,Matrix Precision Engineering,VoucherNo_val_8547,Amount_val_8547,TaxRate_val_8547,Date_val_8547
8548,Matrix Precision Engineering,VoucherNo_val_8548,Amount_val_8548,TaxRate_val_8548,Date_val_8548
8549,Matrix Precision Engineering,VoucherNo_val_8549,Amount_val_8549,TaxRate_val_8549,Date_val_8549
8550,Matrix Precision Engineering,VoucherNo_val_8550,Amount_val_8550,TaxRate_val_8550,Date_val_8550
8551,Matrix Precision Engineering,VoucherNo_val_8551,Amount_val_8551,TaxRate_val_8551,Date_val_8551
8552,Matrix Precision Engineering,VoucherNo_val_8552,Amount_val_8552,TaxRate_val_8552,Date_val_8552
8553,Matrix Precision Engineering,VoucherNo_val_8553,Amount_val_8553,TaxRate_val_8553,Date_val_8553
8554,Matrix Precision Engineering,VoucherNo_val_8554,Amount_val_8554,TaxRate_val_8554,Date_val_8554
8555,Matrix Precision Engineering,VoucherNo_val_8555,Amount_val_8555,TaxRate_val_8555,Date_val_8555
8556,Matrix Precision Engineering,VoucherNo_val_8556,Amount_val_8556,TaxRate_val_8556,Date_val_8556
8557,Matrix Precision Engineering,VoucherNo_val_8557,Amount_val_8557,TaxRate_val_8557,Date_val_8557
8558,Matrix Precision Engineering,VoucherNo_val_8558,Amount_val_8558,TaxRate_val_8558,Date_val_8558
8559,Matrix Precision Engineering,VoucherNo_val_8559,Amount_val_8559,TaxRate_val_8559,Date_val_8559
8560,Matrix Precision Engineering,VoucherNo_val_8560,Amount_val_8560,TaxRate_val_8560,Date_val_8560
8561,Matrix Precision Engineering,VoucherNo_val_8561,Amount_val_8561,TaxRate_val_8561,Date_val_8561
8562,Matrix Precision Engineering,VoucherNo_val_8562,Amount_val_8562,TaxRate_val_8562,Date_val_8562
8563,Matrix Precision Engineering,VoucherNo_val_8563,Amount_val_8563,TaxRate_val_8563,Date_val_8563
8564,Matrix Precision Engineering,VoucherNo_val_8564,Amount_val_8564,TaxRate_val_8564,Date_val_8564
8565,Matrix Precision Engineering,VoucherNo_val_8565,Amount_val_8565,TaxRate_val_8565,Date_val_8565
8566,Matrix Precision Engineering,VoucherNo_val_8566,Amount_val_8566,TaxRate_val_8566,Date_val_8566
8567,Matrix Precision Engineering,VoucherNo_val_8567,Amount_val_8567,TaxRate_val_8567,Date_val_8567
8568,Matrix Precision Engineering,VoucherNo_val_8568,Amount_val_8568,TaxRate_val_8568,Date_val_8568
8569,Matrix Precision Engineering,VoucherNo_val_8569,Amount_val_8569,TaxRate_val_8569,Date_val_8569
8570,Matrix Precision Engineering,VoucherNo_val_8570,Amount_val_8570,TaxRate_val_8570,Date_val_8570
8571,Matrix Precision Engineering,VoucherNo_val_8571,Amount_val_8571,TaxRate_val_8571,Date_val_8571
8572,Matrix Precision Engineering,VoucherNo_val_8572,Amount_val_8572,TaxRate_val_8572,Date_val_8572
8573,Matrix Precision Engineering,VoucherNo_val_8573,Amount_val_8573,TaxRate_val_8573,Date_val_8573
8574,Matrix Precision Engineering,VoucherNo_val_8574,Amount_val_8574,TaxRate_val_8574,Date_val_8574
8575,Matrix Precision Engineering,VoucherNo_val_8575,Amount_val_8575,TaxRate_val_8575,Date_val_8575
8576,Matrix Precision Engineering,VoucherNo_val_8576,Amount_val_8576,TaxRate_val_8576,Date_val_8576
8577,Matrix Precision Engineering,VoucherNo_val_8577,Amount_val_8577,TaxRate_val_8577,Date_val_8577
8578,Matrix Precision Engineering,VoucherNo_val_8578,Amount_val_8578,TaxRate_val_8578,Date_val_8578
8579,Matrix Precision Engineering,VoucherNo_val_8579,Amount_val_8579,TaxRate_val_8579,Date_val_8579
8580,Matrix Precision Engineering,VoucherNo_val_8580,Amount_val_8580,TaxRate_val_8580,Date_val_8580
8581,Matrix Precision Engineering,VoucherNo_val_8581,Amount_val_8581,TaxRate_val_8581,Date_val_8581
8582,Matrix Precision Engineering,VoucherNo_val_8582,Amount_val_8582,TaxRate_val_8582,Date_val_8582
8583,Matrix Precision Engineering,VoucherNo_val_8583,Amount_val_8583,TaxRate_val_8583,Date_val_8583
8584,Matrix Precision Engineering,VoucherNo_val_8584,Amount_val_8584,TaxRate_val_8584,Date_val_8584
8585,Matrix Precision Engineering,VoucherNo_val_8585,Amount_val_8585,TaxRate_val_8585,Date_val_8585
8586,Matrix Precision Engineering,VoucherNo_val_8586,Amount_val_8586,TaxRate_val_8586,Date_val_8586
8587,Matrix Precision Engineering,VoucherNo_val_8587,Amount_val_8587,TaxRate_val_8587,Date_val_8587
8588,Matrix Precision Engineering,VoucherNo_val_8588,Amount_val_8588,TaxRate_val_8588,Date_val_8588
8589,Matrix Precision Engineering,VoucherNo_val_8589,Amount_val_8589,TaxRate_val_8589,Date_val_8589
8590,Matrix Precision Engineering,VoucherNo_val_8590,Amount_val_8590,TaxRate_val_8590,Date_val_8590
8591,Matrix Precision Engineering,VoucherNo_val_8591,Amount_val_8591,TaxRate_val_8591,Date_val_8591
8592,Matrix Precision Engineering,VoucherNo_val_8592,Amount_val_8592,TaxRate_val_8592,Date_val_8592
8593,Matrix Precision Engineering,VoucherNo_val_8593,Amount_val_8593,TaxRate_val_8593,Date_val_8593
8594,Matrix Precision Engineering,VoucherNo_val_8594,Amount_val_8594,TaxRate_val_8594,Date_val_8594
8595,Matrix Precision Engineering,VoucherNo_val_8595,Amount_val_8595,TaxRate_val_8595,Date_val_8595
8596,Matrix Precision Engineering,VoucherNo_val_8596,Amount_val_8596,TaxRate_val_8596,Date_val_8596
8597,Matrix Precision Engineering,VoucherNo_val_8597,Amount_val_8597,TaxRate_val_8597,Date_val_8597
8598,Matrix Precision Engineering,VoucherNo_val_8598,Amount_val_8598,TaxRate_val_8598,Date_val_8598
8599,Matrix Precision Engineering,VoucherNo_val_8599,Amount_val_8599,TaxRate_val_8599,Date_val_8599
8600,Matrix Precision Engineering,VoucherNo_val_8600,Amount_val_8600,TaxRate_val_8600,Date_val_8600
8601,Matrix Precision Engineering,VoucherNo_val_8601,Amount_val_8601,TaxRate_val_8601,Date_val_8601
8602,Matrix Precision Engineering,VoucherNo_val_8602,Amount_val_8602,TaxRate_val_8602,Date_val_8602
8603,Matrix Precision Engineering,VoucherNo_val_8603,Amount_val_8603,TaxRate_val_8603,Date_val_8603
8604,Matrix Precision Engineering,VoucherNo_val_8604,Amount_val_8604,TaxRate_val_8604,Date_val_8604
8605,Matrix Precision Engineering,VoucherNo_val_8605,Amount_val_8605,TaxRate_val_8605,Date_val_8605
8606,Matrix Precision Engineering,VoucherNo_val_8606,Amount_val_8606,TaxRate_val_8606,Date_val_8606
8607,Matrix Precision Engineering,VoucherNo_val_8607,Amount_val_8607,TaxRate_val_8607,Date_val_8607
8608,Matrix Precision Engineering,VoucherNo_val_8608,Amount_val_8608,TaxRate_val_8608,Date_val_8608
8609,Matrix Precision Engineering,VoucherNo_val_8609,Amount_val_8609,TaxRate_val_8609,Date_val_8609
8610,Matrix Precision Engineering,VoucherNo_val_8610,Amount_val_8610,TaxRate_val_8610,Date_val_8610
8611,Matrix Precision Engineering,VoucherNo_val_8611,Amount_val_8611,TaxRate_val_8611,Date_val_8611
8612,Matrix Precision Engineering,VoucherNo_val_8612,Amount_val_8612,TaxRate_val_8612,Date_val_8612
8613,Matrix Precision Engineering,VoucherNo_val_8613,Amount_val_8613,TaxRate_val_8613,Date_val_8613
8614,Matrix Precision Engineering,VoucherNo_val_8614,Amount_val_8614,TaxRate_val_8614,Date_val_8614
8615,Matrix Precision Engineering,VoucherNo_val_8615,Amount_val_8615,TaxRate_val_8615,Date_val_8615
8616,Matrix Precision Engineering,VoucherNo_val_8616,Amount_val_8616,TaxRate_val_8616,Date_val_8616
8617,Matrix Precision Engineering,VoucherNo_val_8617,Amount_val_8617,TaxRate_val_8617,Date_val_8617
8618,Matrix Precision Engineering,VoucherNo_val_8618,Amount_val_8618,TaxRate_val_8618,Date_val_8618
8619,Matrix Precision Engineering,VoucherNo_val_8619,Amount_val_8619,TaxRate_val_8619,Date_val_8619
8620,Matrix Precision Engineering,VoucherNo_val_8620,Amount_val_8620,TaxRate_val_8620,Date_val_8620
8621,Matrix Precision Engineering,VoucherNo_val_8621,Amount_val_8621,TaxRate_val_8621,Date_val_8621
8622,Matrix Precision Engineering,VoucherNo_val_8622,Amount_val_8622,TaxRate_val_8622,Date_val_8622
8623,Matrix Precision Engineering,VoucherNo_val_8623,Amount_val_8623,TaxRate_val_8623,Date_val_8623
8624,Matrix Precision Engineering,VoucherNo_val_8624,Amount_val_8624,TaxRate_val_8624,Date_val_8624
8625,Matrix Precision Engineering,VoucherNo_val_8625,Amount_val_8625,TaxRate_val_8625,Date_val_8625
8626,Matrix Precision Engineering,VoucherNo_val_8626,Amount_val_8626,TaxRate_val_8626,Date_val_8626
8627,Matrix Precision Engineering,VoucherNo_val_8627,Amount_val_8627,TaxRate_val_8627,Date_val_8627
8628,Matrix Precision Engineering,VoucherNo_val_8628,Amount_val_8628,TaxRate_val_8628,Date_val_8628
8629,Matrix Precision Engineering,VoucherNo_val_8629,Amount_val_8629,TaxRate_val_8629,Date_val_8629
8630,Matrix Precision Engineering,VoucherNo_val_8630,Amount_val_8630,TaxRate_val_8630,Date_val_8630
8631,Matrix Precision Engineering,VoucherNo_val_8631,Amount_val_8631,TaxRate_val_8631,Date_val_8631
8632,Matrix Precision Engineering,VoucherNo_val_8632,Amount_val_8632,TaxRate_val_8632,Date_val_8632
8633,Matrix Precision Engineering,VoucherNo_val_8633,Amount_val_8633,TaxRate_val_8633,Date_val_8633
8634,Matrix Precision Engineering,VoucherNo_val_8634,Amount_val_8634,TaxRate_val_8634,Date_val_8634
8635,Matrix Precision Engineering,VoucherNo_val_8635,Amount_val_8635,TaxRate_val_8635,Date_val_8635
8636,Matrix Precision Engineering,VoucherNo_val_8636,Amount_val_8636,TaxRate_val_8636,Date_val_8636
8637,Matrix Precision Engineering,VoucherNo_val_8637,Amount_val_8637,TaxRate_val_8637,Date_val_8637
8638,Matrix Precision Engineering,VoucherNo_val_8638,Amount_val_8638,TaxRate_val_8638,Date_val_8638
8639,Matrix Precision Engineering,VoucherNo_val_8639,Amount_val_8639,TaxRate_val_8639,Date_val_8639
8640,Matrix Precision Engineering,VoucherNo_val_8640,Amount_val_8640,TaxRate_val_8640,Date_val_8640
8641,Matrix Precision Engineering,VoucherNo_val_8641,Amount_val_8641,TaxRate_val_8641,Date_val_8641
8642,Matrix Precision Engineering,VoucherNo_val_8642,Amount_val_8642,TaxRate_val_8642,Date_val_8642
8643,Matrix Precision Engineering,VoucherNo_val_8643,Amount_val_8643,TaxRate_val_8643,Date_val_8643
8644,Matrix Precision Engineering,VoucherNo_val_8644,Amount_val_8644,TaxRate_val_8644,Date_val_8644
8645,Matrix Precision Engineering,VoucherNo_val_8645,Amount_val_8645,TaxRate_val_8645,Date_val_8645
8646,Matrix Precision Engineering,VoucherNo_val_8646,Amount_val_8646,TaxRate_val_8646,Date_val_8646
8647,Matrix Precision Engineering,VoucherNo_val_8647,Amount_val_8647,TaxRate_val_8647,Date_val_8647
8648,Matrix Precision Engineering,VoucherNo_val_8648,Amount_val_8648,TaxRate_val_8648,Date_val_8648
8649,Matrix Precision Engineering,VoucherNo_val_8649,Amount_val_8649,TaxRate_val_8649,Date_val_8649
8650,Matrix Precision Engineering,VoucherNo_val_8650,Amount_val_8650,TaxRate_val_8650,Date_val_8650
8651,Matrix Precision Engineering,VoucherNo_val_8651,Amount_val_8651,TaxRate_val_8651,Date_val_8651
8652,Matrix Precision Engineering,VoucherNo_val_8652,Amount_val_8652,TaxRate_val_8652,Date_val_8652
8653,Matrix Precision Engineering,VoucherNo_val_8653,Amount_val_8653,TaxRate_val_8653,Date_val_8653
8654,Matrix Precision Engineering,VoucherNo_val_8654,Amount_val_8654,TaxRate_val_8654,Date_val_8654
8655,Matrix Precision Engineering,VoucherNo_val_8655,Amount_val_8655,TaxRate_val_8655,Date_val_8655
8656,Matrix Precision Engineering,VoucherNo_val_8656,Amount_val_8656,TaxRate_val_8656,Date_val_8656
8657,Matrix Precision Engineering,VoucherNo_val_8657,Amount_val_8657,TaxRate_val_8657,Date_val_8657
8658,Matrix Precision Engineering,VoucherNo_val_8658,Amount_val_8658,TaxRate_val_8658,Date_val_8658
8659,Matrix Precision Engineering,VoucherNo_val_8659,Amount_val_8659,TaxRate_val_8659,Date_val_8659
8660,Matrix Precision Engineering,VoucherNo_val_8660,Amount_val_8660,TaxRate_val_8660,Date_val_8660
8661,Matrix Precision Engineering,VoucherNo_val_8661,Amount_val_8661,TaxRate_val_8661,Date_val_8661
8662,Matrix Precision Engineering,VoucherNo_val_8662,Amount_val_8662,TaxRate_val_8662,Date_val_8662
8663,Matrix Precision Engineering,VoucherNo_val_8663,Amount_val_8663,TaxRate_val_8663,Date_val_8663
8664,Matrix Precision Engineering,VoucherNo_val_8664,Amount_val_8664,TaxRate_val_8664,Date_val_8664
8665,Matrix Precision Engineering,VoucherNo_val_8665,Amount_val_8665,TaxRate_val_8665,Date_val_8665
8666,Matrix Precision Engineering,VoucherNo_val_8666,Amount_val_8666,TaxRate_val_8666,Date_val_8666
8667,Matrix Precision Engineering,VoucherNo_val_8667,Amount_val_8667,TaxRate_val_8667,Date_val_8667
8668,Matrix Precision Engineering,VoucherNo_val_8668,Amount_val_8668,TaxRate_val_8668,Date_val_8668
8669,Matrix Precision Engineering,VoucherNo_val_8669,Amount_val_8669,TaxRate_val_8669,Date_val_8669
8670,Matrix Precision Engineering,VoucherNo_val_8670,Amount_val_8670,TaxRate_val_8670,Date_val_8670
8671,Matrix Precision Engineering,VoucherNo_val_8671,Amount_val_8671,TaxRate_val_8671,Date_val_8671
8672,Matrix Precision Engineering,VoucherNo_val_8672,Amount_val_8672,TaxRate_val_8672,Date_val_8672
8673,Matrix Precision Engineering,VoucherNo_val_8673,Amount_val_8673,TaxRate_val_8673,Date_val_8673
8674,Matrix Precision Engineering,VoucherNo_val_8674,Amount_val_8674,TaxRate_val_8674,Date_val_8674
8675,Matrix Precision Engineering,VoucherNo_val_8675,Amount_val_8675,TaxRate_val_8675,Date_val_8675
8676,Matrix Precision Engineering,VoucherNo_val_8676,Amount_val_8676,TaxRate_val_8676,Date_val_8676
8677,Matrix Precision Engineering,VoucherNo_val_8677,Amount_val_8677,TaxRate_val_8677,Date_val_8677
8678,Matrix Precision Engineering,VoucherNo_val_8678,Amount_val_8678,TaxRate_val_8678,Date_val_8678
8679,Matrix Precision Engineering,VoucherNo_val_8679,Amount_val_8679,TaxRate_val_8679,Date_val_8679
8680,Matrix Precision Engineering,VoucherNo_val_8680,Amount_val_8680,TaxRate_val_8680,Date_val_8680
8681,Matrix Precision Engineering,VoucherNo_val_8681,Amount_val_8681,TaxRate_val_8681,Date_val_8681
8682,Matrix Precision Engineering,VoucherNo_val_8682,Amount_val_8682,TaxRate_val_8682,Date_val_8682
8683,Matrix Precision Engineering,VoucherNo_val_8683,Amount_val_8683,TaxRate_val_8683,Date_val_8683
8684,Matrix Precision Engineering,VoucherNo_val_8684,Amount_val_8684,TaxRate_val_8684,Date_val_8684
8685,Matrix Precision Engineering,VoucherNo_val_8685,Amount_val_8685,TaxRate_val_8685,Date_val_8685
8686,Matrix Precision Engineering,VoucherNo_val_8686,Amount_val_8686,TaxRate_val_8686,Date_val_8686
8687,Matrix Precision Engineering,VoucherNo_val_8687,Amount_val_8687,TaxRate_val_8687,Date_val_8687
8688,Matrix Precision Engineering,VoucherNo_val_8688,Amount_val_8688,TaxRate_val_8688,Date_val_8688
8689,Matrix Precision Engineering,VoucherNo_val_8689,Amount_val_8689,TaxRate_val_8689,Date_val_8689
8690,Matrix Precision Engineering,VoucherNo_val_8690,Amount_val_8690,TaxRate_val_8690,Date_val_8690
8691,Matrix Precision Engineering,VoucherNo_val_8691,Amount_val_8691,TaxRate_val_8691,Date_val_8691
8692,Matrix Precision Engineering,VoucherNo_val_8692,Amount_val_8692,TaxRate_val_8692,Date_val_8692
8693,Matrix Precision Engineering,VoucherNo_val_8693,Amount_val_8693,TaxRate_val_8693,Date_val_8693
8694,Matrix Precision Engineering,VoucherNo_val_8694,Amount_val_8694,TaxRate_val_8694,Date_val_8694
8695,Matrix Precision Engineering,VoucherNo_val_8695,Amount_val_8695,TaxRate_val_8695,Date_val_8695
8696,Matrix Precision Engineering,VoucherNo_val_8696,Amount_val_8696,TaxRate_val_8696,Date_val_8696
8697,Matrix Precision Engineering,VoucherNo_val_8697,Amount_val_8697,TaxRate_val_8697,Date_val_8697
8698,Matrix Precision Engineering,VoucherNo_val_8698,Amount_val_8698,TaxRate_val_8698,Date_val_8698
8699,Matrix Precision Engineering,VoucherNo_val_8699,Amount_val_8699,TaxRate_val_8699,Date_val_8699
8700,Matrix Precision Engineering,VoucherNo_val_8700,Amount_val_8700,TaxRate_val_8700,Date_val_8700
8701,Matrix Precision Engineering,VoucherNo_val_8701,Amount_val_8701,TaxRate_val_8701,Date_val_8701
8702,Matrix Precision Engineering,VoucherNo_val_8702,Amount_val_8702,TaxRate_val_8702,Date_val_8702
8703,Matrix Precision Engineering,VoucherNo_val_8703,Amount_val_8703,TaxRate_val_8703,Date_val_8703
8704,Matrix Precision Engineering,VoucherNo_val_8704,Amount_val_8704,TaxRate_val_8704,Date_val_8704
8705,Matrix Precision Engineering,VoucherNo_val_8705,Amount_val_8705,TaxRate_val_8705,Date_val_8705
8706,Matrix Precision Engineering,VoucherNo_val_8706,Amount_val_8706,TaxRate_val_8706,Date_val_8706
8707,Matrix Precision Engineering,VoucherNo_val_8707,Amount_val_8707,TaxRate_val_8707,Date_val_8707
8708,Matrix Precision Engineering,VoucherNo_val_8708,Amount_val_8708,TaxRate_val_8708,Date_val_8708
8709,Matrix Precision Engineering,VoucherNo_val_8709,Amount_val_8709,TaxRate_val_8709,Date_val_8709
8710,Matrix Precision Engineering,VoucherNo_val_8710,Amount_val_8710,TaxRate_val_8710,Date_val_8710
8711,Matrix Precision Engineering,VoucherNo_val_8711,Amount_val_8711,TaxRate_val_8711,Date_val_8711
8712,Matrix Precision Engineering,VoucherNo_val_8712,Amount_val_8712,TaxRate_val_8712,Date_val_8712
8713,Matrix Precision Engineering,VoucherNo_val_8713,Amount_val_8713,TaxRate_val_8713,Date_val_8713
8714,Matrix Precision Engineering,VoucherNo_val_8714,Amount_val_8714,TaxRate_val_8714,Date_val_8714
8715,Matrix Precision Engineering,VoucherNo_val_8715,Amount_val_8715,TaxRate_val_8715,Date_val_8715
8716,Matrix Precision Engineering,VoucherNo_val_8716,Amount_val_8716,TaxRate_val_8716,Date_val_8716
8717,Matrix Precision Engineering,VoucherNo_val_8717,Amount_val_8717,TaxRate_val_8717,Date_val_8717
8718,Matrix Precision Engineering,VoucherNo_val_8718,Amount_val_8718,TaxRate_val_8718,Date_val_8718
8719,Matrix Precision Engineering,VoucherNo_val_8719,Amount_val_8719,TaxRate_val_8719,Date_val_8719
8720,Matrix Precision Engineering,VoucherNo_val_8720,Amount_val_8720,TaxRate_val_8720,Date_val_8720
8721,Matrix Precision Engineering,VoucherNo_val_8721,Amount_val_8721,TaxRate_val_8721,Date_val_8721
8722,Matrix Precision Engineering,VoucherNo_val_8722,Amount_val_8722,TaxRate_val_8722,Date_val_8722
8723,Matrix Precision Engineering,VoucherNo_val_8723,Amount_val_8723,TaxRate_val_8723,Date_val_8723
8724,Matrix Precision Engineering,VoucherNo_val_8724,Amount_val_8724,TaxRate_val_8724,Date_val_8724
8725,Matrix Precision Engineering,VoucherNo_val_8725,Amount_val_8725,TaxRate_val_8725,Date_val_8725
8726,Matrix Precision Engineering,VoucherNo_val_8726,Amount_val_8726,TaxRate_val_8726,Date_val_8726
8727,Matrix Precision Engineering,VoucherNo_val_8727,Amount_val_8727,TaxRate_val_8727,Date_val_8727
8728,Matrix Precision Engineering,VoucherNo_val_8728,Amount_val_8728,TaxRate_val_8728,Date_val_8728
8729,Matrix Precision Engineering,VoucherNo_val_8729,Amount_val_8729,TaxRate_val_8729,Date_val_8729
8730,Matrix Precision Engineering,VoucherNo_val_8730,Amount_val_8730,TaxRate_val_8730,Date_val_8730
8731,Matrix Precision Engineering,VoucherNo_val_8731,Amount_val_8731,TaxRate_val_8731,Date_val_8731
8732,Matrix Precision Engineering,VoucherNo_val_8732,Amount_val_8732,TaxRate_val_8732,Date_val_8732
8733,Matrix Precision Engineering,VoucherNo_val_8733,Amount_val_8733,TaxRate_val_8733,Date_val_8733
8734,Matrix Precision Engineering,VoucherNo_val_8734,Amount_val_8734,TaxRate_val_8734,Date_val_8734
8735,Matrix Precision Engineering,VoucherNo_val_8735,Amount_val_8735,TaxRate_val_8735,Date_val_8735
8736,Matrix Precision Engineering,VoucherNo_val_8736,Amount_val_8736,TaxRate_val_8736,Date_val_8736
8737,Matrix Precision Engineering,VoucherNo_val_8737,Amount_val_8737,TaxRate_val_8737,Date_val_8737
8738,Matrix Precision Engineering,VoucherNo_val_8738,Amount_val_8738,TaxRate_val_8738,Date_val_8738
8739,Matrix Precision Engineering,VoucherNo_val_8739,Amount_val_8739,TaxRate_val_8739,Date_val_8739
8740,Matrix Precision Engineering,VoucherNo_val_8740,Amount_val_8740,TaxRate_val_8740,Date_val_8740
8741,Matrix Precision Engineering,VoucherNo_val_8741,Amount_val_8741,TaxRate_val_8741,Date_val_8741
8742,Matrix Precision Engineering,VoucherNo_val_8742,Amount_val_8742,TaxRate_val_8742,Date_val_8742
8743,Matrix Precision Engineering,VoucherNo_val_8743,Amount_val_8743,TaxRate_val_8743,Date_val_8743
8744,Matrix Precision Engineering,VoucherNo_val_8744,Amount_val_8744,TaxRate_val_8744,Date_val_8744
8745,Matrix Precision Engineering,VoucherNo_val_8745,Amount_val_8745,TaxRate_val_8745,Date_val_8745
8746,Matrix Precision Engineering,VoucherNo_val_8746,Amount_val_8746,TaxRate_val_8746,Date_val_8746
8747,Matrix Precision Engineering,VoucherNo_val_8747,Amount_val_8747,TaxRate_val_8747,Date_val_8747
8748,Matrix Precision Engineering,VoucherNo_val_8748,Amount_val_8748,TaxRate_val_8748,Date_val_8748
8749,Matrix Precision Engineering,VoucherNo_val_8749,Amount_val_8749,TaxRate_val_8749,Date_val_8749
8750,Matrix Precision Engineering,VoucherNo_val_8750,Amount_val_8750,TaxRate_val_8750,Date_val_8750
8751,Matrix Precision Engineering,VoucherNo_val_8751,Amount_val_8751,TaxRate_val_8751,Date_val_8751
8752,Matrix Precision Engineering,VoucherNo_val_8752,Amount_val_8752,TaxRate_val_8752,Date_val_8752
8753,Matrix Precision Engineering,VoucherNo_val_8753,Amount_val_8753,TaxRate_val_8753,Date_val_8753
8754,Matrix Precision Engineering,VoucherNo_val_8754,Amount_val_8754,TaxRate_val_8754,Date_val_8754
8755,Matrix Precision Engineering,VoucherNo_val_8755,Amount_val_8755,TaxRate_val_8755,Date_val_8755
8756,Matrix Precision Engineering,VoucherNo_val_8756,Amount_val_8756,TaxRate_val_8756,Date_val_8756
8757,Matrix Precision Engineering,VoucherNo_val_8757,Amount_val_8757,TaxRate_val_8757,Date_val_8757
8758,Matrix Precision Engineering,VoucherNo_val_8758,Amount_val_8758,TaxRate_val_8758,Date_val_8758
8759,Matrix Precision Engineering,VoucherNo_val_8759,Amount_val_8759,TaxRate_val_8759,Date_val_8759
8760,Matrix Precision Engineering,VoucherNo_val_8760,Amount_val_8760,TaxRate_val_8760,Date_val_8760
8761,Matrix Precision Engineering,VoucherNo_val_8761,Amount_val_8761,TaxRate_val_8761,Date_val_8761
8762,Matrix Precision Engineering,VoucherNo_val_8762,Amount_val_8762,TaxRate_val_8762,Date_val_8762
8763,Matrix Precision Engineering,VoucherNo_val_8763,Amount_val_8763,TaxRate_val_8763,Date_val_8763
8764,Matrix Precision Engineering,VoucherNo_val_8764,Amount_val_8764,TaxRate_val_8764,Date_val_8764
8765,Matrix Precision Engineering,VoucherNo_val_8765,Amount_val_8765,TaxRate_val_8765,Date_val_8765
8766,Matrix Precision Engineering,VoucherNo_val_8766,Amount_val_8766,TaxRate_val_8766,Date_val_8766
8767,Matrix Precision Engineering,VoucherNo_val_8767,Amount_val_8767,TaxRate_val_8767,Date_val_8767
8768,Matrix Precision Engineering,VoucherNo_val_8768,Amount_val_8768,TaxRate_val_8768,Date_val_8768
8769,Matrix Precision Engineering,VoucherNo_val_8769,Amount_val_8769,TaxRate_val_8769,Date_val_8769
8770,Matrix Precision Engineering,VoucherNo_val_8770,Amount_val_8770,TaxRate_val_8770,Date_val_8770
8771,Matrix Precision Engineering,VoucherNo_val_8771,Amount_val_8771,TaxRate_val_8771,Date_val_8771
8772,Matrix Precision Engineering,VoucherNo_val_8772,Amount_val_8772,TaxRate_val_8772,Date_val_8772
8773,Matrix Precision Engineering,VoucherNo_val_8773,Amount_val_8773,TaxRate_val_8773,Date_val_8773
8774,Matrix Precision Engineering,VoucherNo_val_8774,Amount_val_8774,TaxRate_val_8774,Date_val_8774
8775,Matrix Precision Engineering,VoucherNo_val_8775,Amount_val_8775,TaxRate_val_8775,Date_val_8775
8776,Matrix Precision Engineering,VoucherNo_val_8776,Amount_val_8776,TaxRate_val_8776,Date_val_8776
8777,Matrix Precision Engineering,VoucherNo_val_8777,Amount_val_8777,TaxRate_val_8777,Date_val_8777
8778,Matrix Precision Engineering,VoucherNo_val_8778,Amount_val_8778,TaxRate_val_8778,Date_val_8778
8779,Matrix Precision Engineering,VoucherNo_val_8779,Amount_val_8779,TaxRate_val_8779,Date_val_8779
8780,Matrix Precision Engineering,VoucherNo_val_8780,Amount_val_8780,TaxRate_val_8780,Date_val_8780
8781,Matrix Precision Engineering,VoucherNo_val_8781,Amount_val_8781,TaxRate_val_8781,Date_val_8781
8782,Matrix Precision Engineering,VoucherNo_val_8782,Amount_val_8782,TaxRate_val_8782,Date_val_8782
8783,Matrix Precision Engineering,VoucherNo_val_8783,Amount_val_8783,TaxRate_val_8783,Date_val_8783
8784,Matrix Precision Engineering,VoucherNo_val_8784,Amount_val_8784,TaxRate_val_8784,Date_val_8784
8785,Matrix Precision Engineering,VoucherNo_val_8785,Amount_val_8785,TaxRate_val_8785,Date_val_8785
8786,Matrix Precision Engineering,VoucherNo_val_8786,Amount_val_8786,TaxRate_val_8786,Date_val_8786
8787,Matrix Precision Engineering,VoucherNo_val_8787,Amount_val_8787,TaxRate_val_8787,Date_val_8787
8788,Matrix Precision Engineering,VoucherNo_val_8788,Amount_val_8788,TaxRate_val_8788,Date_val_8788
8789,Matrix Precision Engineering,VoucherNo_val_8789,Amount_val_8789,TaxRate_val_8789,Date_val_8789
8790,Matrix Precision Engineering,VoucherNo_val_8790,Amount_val_8790,TaxRate_val_8790,Date_val_8790
8791,Matrix Precision Engineering,VoucherNo_val_8791,Amount_val_8791,TaxRate_val_8791,Date_val_8791
8792,Matrix Precision Engineering,VoucherNo_val_8792,Amount_val_8792,TaxRate_val_8792,Date_val_8792
8793,Matrix Precision Engineering,VoucherNo_val_8793,Amount_val_8793,TaxRate_val_8793,Date_val_8793
8794,Matrix Precision Engineering,VoucherNo_val_8794,Amount_val_8794,TaxRate_val_8794,Date_val_8794
8795,Matrix Precision Engineering,VoucherNo_val_8795,Amount_val_8795,TaxRate_val_8795,Date_val_8795
8796,Matrix Precision Engineering,VoucherNo_val_8796,Amount_val_8796,TaxRate_val_8796,Date_val_8796
8797,Matrix Precision Engineering,VoucherNo_val_8797,Amount_val_8797,TaxRate_val_8797,Date_val_8797
8798,Matrix Precision Engineering,VoucherNo_val_8798,Amount_val_8798,TaxRate_val_8798,Date_val_8798
8799,Matrix Precision Engineering,VoucherNo_val_8799,Amount_val_8799,TaxRate_val_8799,Date_val_8799
8800,Matrix Precision Engineering,VoucherNo_val_8800,Amount_val_8800,TaxRate_val_8800,Date_val_8800
8801,Matrix Precision Engineering,VoucherNo_val_8801,Amount_val_8801,TaxRate_val_8801,Date_val_8801
8802,Matrix Precision Engineering,VoucherNo_val_8802,Amount_val_8802,TaxRate_val_8802,Date_val_8802
8803,Matrix Precision Engineering,VoucherNo_val_8803,Amount_val_8803,TaxRate_val_8803,Date_val_8803
8804,Matrix Precision Engineering,VoucherNo_val_8804,Amount_val_8804,TaxRate_val_8804,Date_val_8804
8805,Matrix Precision Engineering,VoucherNo_val_8805,Amount_val_8805,TaxRate_val_8805,Date_val_8805
8806,Matrix Precision Engineering,VoucherNo_val_8806,Amount_val_8806,TaxRate_val_8806,Date_val_8806
8807,Matrix Precision Engineering,VoucherNo_val_8807,Amount_val_8807,TaxRate_val_8807,Date_val_8807
8808,Matrix Precision Engineering,VoucherNo_val_8808,Amount_val_8808,TaxRate_val_8808,Date_val_8808
8809,Matrix Precision Engineering,VoucherNo_val_8809,Amount_val_8809,TaxRate_val_8809,Date_val_8809
8810,Matrix Precision Engineering,VoucherNo_val_8810,Amount_val_8810,TaxRate_val_8810,Date_val_8810
8811,Matrix Precision Engineering,VoucherNo_val_8811,Amount_val_8811,TaxRate_val_8811,Date_val_8811
8812,Matrix Precision Engineering,VoucherNo_val_8812,Amount_val_8812,TaxRate_val_8812,Date_val_8812
8813,Matrix Precision Engineering,VoucherNo_val_8813,Amount_val_8813,TaxRate_val_8813,Date_val_8813
8814,Matrix Precision Engineering,VoucherNo_val_8814,Amount_val_8814,TaxRate_val_8814,Date_val_8814
8815,Matrix Precision Engineering,VoucherNo_val_8815,Amount_val_8815,TaxRate_val_8815,Date_val_8815
8816,Matrix Precision Engineering,VoucherNo_val_8816,Amount_val_8816,TaxRate_val_8816,Date_val_8816
8817,Matrix Precision Engineering,VoucherNo_val_8817,Amount_val_8817,TaxRate_val_8817,Date_val_8817
8818,Matrix Precision Engineering,VoucherNo_val_8818,Amount_val_8818,TaxRate_val_8818,Date_val_8818
8819,Matrix Precision Engineering,VoucherNo_val_8819,Amount_val_8819,TaxRate_val_8819,Date_val_8819
8820,Matrix Precision Engineering,VoucherNo_val_8820,Amount_val_8820,TaxRate_val_8820,Date_val_8820
8821,Matrix Precision Engineering,VoucherNo_val_8821,Amount_val_8821,TaxRate_val_8821,Date_val_8821
8822,Matrix Precision Engineering,VoucherNo_val_8822,Amount_val_8822,TaxRate_val_8822,Date_val_8822
8823,Matrix Precision Engineering,VoucherNo_val_8823,Amount_val_8823,TaxRate_val_8823,Date_val_8823
8824,Matrix Precision Engineering,VoucherNo_val_8824,Amount_val_8824,TaxRate_val_8824,Date_val_8824
8825,Matrix Precision Engineering,VoucherNo_val_8825,Amount_val_8825,TaxRate_val_8825,Date_val_8825
8826,Matrix Precision Engineering,VoucherNo_val_8826,Amount_val_8826,TaxRate_val_8826,Date_val_8826
8827,Matrix Precision Engineering,VoucherNo_val_8827,Amount_val_8827,TaxRate_val_8827,Date_val_8827
8828,Matrix Precision Engineering,VoucherNo_val_8828,Amount_val_8828,TaxRate_val_8828,Date_val_8828
8829,Matrix Precision Engineering,VoucherNo_val_8829,Amount_val_8829,TaxRate_val_8829,Date_val_8829
8830,Matrix Precision Engineering,VoucherNo_val_8830,Amount_val_8830,TaxRate_val_8830,Date_val_8830
8831,Matrix Precision Engineering,VoucherNo_val_8831,Amount_val_8831,TaxRate_val_8831,Date_val_8831
8832,Matrix Precision Engineering,VoucherNo_val_8832,Amount_val_8832,TaxRate_val_8832,Date_val_8832
8833,Matrix Precision Engineering,VoucherNo_val_8833,Amount_val_8833,TaxRate_val_8833,Date_val_8833
8834,Matrix Precision Engineering,VoucherNo_val_8834,Amount_val_8834,TaxRate_val_8834,Date_val_8834
8835,Matrix Precision Engineering,VoucherNo_val_8835,Amount_val_8835,TaxRate_val_8835,Date_val_8835
8836,Matrix Precision Engineering,VoucherNo_val_8836,Amount_val_8836,TaxRate_val_8836,Date_val_8836
8837,Matrix Precision Engineering,VoucherNo_val_8837,Amount_val_8837,TaxRate_val_8837,Date_val_8837
8838,Matrix Precision Engineering,VoucherNo_val_8838,Amount_val_8838,TaxRate_val_8838,Date_val_8838
8839,Matrix Precision Engineering,VoucherNo_val_8839,Amount_val_8839,TaxRate_val_8839,Date_val_8839
8840,Matrix Precision Engineering,VoucherNo_val_8840,Amount_val_8840,TaxRate_val_8840,Date_val_8840
8841,Matrix Precision Engineering,VoucherNo_val_8841,Amount_val_8841,TaxRate_val_8841,Date_val_8841
8842,Matrix Precision Engineering,VoucherNo_val_8842,Amount_val_8842,TaxRate_val_8842,Date_val_8842
8843,Matrix Precision Engineering,VoucherNo_val_8843,Amount_val_8843,TaxRate_val_8843,Date_val_8843
8844,Matrix Precision Engineering,VoucherNo_val_8844,Amount_val_8844,TaxRate_val_8844,Date_val_8844
8845,Matrix Precision Engineering,VoucherNo_val_8845,Amount_val_8845,TaxRate_val_8845,Date_val_8845
8846,Matrix Precision Engineering,VoucherNo_val_8846,Amount_val_8846,TaxRate_val_8846,Date_val_8846
8847,Matrix Precision Engineering,VoucherNo_val_8847,Amount_val_8847,TaxRate_val_8847,Date_val_8847
8848,Matrix Precision Engineering,VoucherNo_val_8848,Amount_val_8848,TaxRate_val_8848,Date_val_8848
8849,Matrix Precision Engineering,VoucherNo_val_8849,Amount_val_8849,TaxRate_val_8849,Date_val_8849
8850,Matrix Precision Engineering,VoucherNo_val_8850,Amount_val_8850,TaxRate_val_8850,Date_val_8850
8851,Matrix Precision Engineering,VoucherNo_val_8851,Amount_val_8851,TaxRate_val_8851,Date_val_8851
8852,Matrix Precision Engineering,VoucherNo_val_8852,Amount_val_8852,TaxRate_val_8852,Date_val_8852
8853,Matrix Precision Engineering,VoucherNo_val_8853,Amount_val_8853,TaxRate_val_8853,Date_val_8853
8854,Matrix Precision Engineering,VoucherNo_val_8854,Amount_val_8854,TaxRate_val_8854,Date_val_8854
8855,Matrix Precision Engineering,VoucherNo_val_8855,Amount_val_8855,TaxRate_val_8855,Date_val_8855
8856,Matrix Precision Engineering,VoucherNo_val_8856,Amount_val_8856,TaxRate_val_8856,Date_val_8856
8857,Matrix Precision Engineering,VoucherNo_val_8857,Amount_val_8857,TaxRate_val_8857,Date_val_8857
8858,Matrix Precision Engineering,VoucherNo_val_8858,Amount_val_8858,TaxRate_val_8858,Date_val_8858
8859,Matrix Precision Engineering,VoucherNo_val_8859,Amount_val_8859,TaxRate_val_8859,Date_val_8859
8860,Matrix Precision Engineering,VoucherNo_val_8860,Amount_val_8860,TaxRate_val_8860,Date_val_8860
8861,Matrix Precision Engineering,VoucherNo_val_8861,Amount_val_8861,TaxRate_val_8861,Date_val_8861
8862,Matrix Precision Engineering,VoucherNo_val_8862,Amount_val_8862,TaxRate_val_8862,Date_val_8862
8863,Matrix Precision Engineering,VoucherNo_val_8863,Amount_val_8863,TaxRate_val_8863,Date_val_8863
8864,Matrix Precision Engineering,VoucherNo_val_8864,Amount_val_8864,TaxRate_val_8864,Date_val_8864
8865,Matrix Precision Engineering,VoucherNo_val_8865,Amount_val_8865,TaxRate_val_8865,Date_val_8865
8866,Matrix Precision Engineering,VoucherNo_val_8866,Amount_val_8866,TaxRate_val_8866,Date_val_8866
8867,Matrix Precision Engineering,VoucherNo_val_8867,Amount_val_8867,TaxRate_val_8867,Date_val_8867
8868,Matrix Precision Engineering,VoucherNo_val_8868,Amount_val_8868,TaxRate_val_8868,Date_val_8868
8869,Matrix Precision Engineering,VoucherNo_val_8869,Amount_val_8869,TaxRate_val_8869,Date_val_8869
8870,Matrix Precision Engineering,VoucherNo_val_8870,Amount_val_8870,TaxRate_val_8870,Date_val_8870
8871,Matrix Precision Engineering,VoucherNo_val_8871,Amount_val_8871,TaxRate_val_8871,Date_val_8871
8872,Matrix Precision Engineering,VoucherNo_val_8872,Amount_val_8872,TaxRate_val_8872,Date_val_8872
8873,Matrix Precision Engineering,VoucherNo_val_8873,Amount_val_8873,TaxRate_val_8873,Date_val_8873
8874,Matrix Precision Engineering,VoucherNo_val_8874,Amount_val_8874,TaxRate_val_8874,Date_val_8874
8875,Matrix Precision Engineering,VoucherNo_val_8875,Amount_val_8875,TaxRate_val_8875,Date_val_8875
8876,Matrix Precision Engineering,VoucherNo_val_8876,Amount_val_8876,TaxRate_val_8876,Date_val_8876
8877,Matrix Precision Engineering,VoucherNo_val_8877,Amount_val_8877,TaxRate_val_8877,Date_val_8877
8878,Matrix Precision Engineering,VoucherNo_val_8878,Amount_val_8878,TaxRate_val_8878,Date_val_8878
8879,Matrix Precision Engineering,VoucherNo_val_8879,Amount_val_8879,TaxRate_val_8879,Date_val_8879
8880,Matrix Precision Engineering,VoucherNo_val_8880,Amount_val_8880,TaxRate_val_8880,Date_val_8880
8881,Matrix Precision Engineering,VoucherNo_val_8881,Amount_val_8881,TaxRate_val_8881,Date_val_8881
8882,Matrix Precision Engineering,VoucherNo_val_8882,Amount_val_8882,TaxRate_val_8882,Date_val_8882
8883,Matrix Precision Engineering,VoucherNo_val_8883,Amount_val_8883,TaxRate_val_8883,Date_val_8883
8884,Matrix Precision Engineering,VoucherNo_val_8884,Amount_val_8884,TaxRate_val_8884,Date_val_8884
8885,Matrix Precision Engineering,VoucherNo_val_8885,Amount_val_8885,TaxRate_val_8885,Date_val_8885
8886,Matrix Precision Engineering,VoucherNo_val_8886,Amount_val_8886,TaxRate_val_8886,Date_val_8886
8887,Matrix Precision Engineering,VoucherNo_val_8887,Amount_val_8887,TaxRate_val_8887,Date_val_8887
8888,Matrix Precision Engineering,VoucherNo_val_8888,Amount_val_8888,TaxRate_val_8888,Date_val_8888
8889,Matrix Precision Engineering,VoucherNo_val_8889,Amount_val_8889,TaxRate_val_8889,Date_val_8889
8890,Matrix Precision Engineering,VoucherNo_val_8890,Amount_val_8890,TaxRate_val_8890,Date_val_8890
8891,Matrix Precision Engineering,VoucherNo_val_8891,Amount_val_8891,TaxRate_val_8891,Date_val_8891
8892,Matrix Precision Engineering,VoucherNo_val_8892,Amount_val_8892,TaxRate_val_8892,Date_val_8892
8893,Matrix Precision Engineering,VoucherNo_val_8893,Amount_val_8893,TaxRate_val_8893,Date_val_8893
8894,Matrix Precision Engineering,VoucherNo_val_8894,Amount_val_8894,TaxRate_val_8894,Date_val_8894
8895,Matrix Precision Engineering,VoucherNo_val_8895,Amount_val_8895,TaxRate_val_8895,Date_val_8895
8896,Matrix Precision Engineering,VoucherNo_val_8896,Amount_val_8896,TaxRate_val_8896,Date_val_8896
8897,Matrix Precision Engineering,VoucherNo_val_8897,Amount_val_8897,TaxRate_val_8897,Date_val_8897
8898,Matrix Precision Engineering,VoucherNo_val_8898,Amount_val_8898,TaxRate_val_8898,Date_val_8898
8899,Matrix Precision Engineering,VoucherNo_val_8899,Amount_val_8899,TaxRate_val_8899,Date_val_8899
8900,Matrix Precision Engineering,VoucherNo_val_8900,Amount_val_8900,TaxRate_val_8900,Date_val_8900
8901,Matrix Precision Engineering,VoucherNo_val_8901,Amount_val_8901,TaxRate_val_8901,Date_val_8901
8902,Matrix Precision Engineering,VoucherNo_val_8902,Amount_val_8902,TaxRate_val_8902,Date_val_8902
8903,Matrix Precision Engineering,VoucherNo_val_8903,Amount_val_8903,TaxRate_val_8903,Date_val_8903
8904,Matrix Precision Engineering,VoucherNo_val_8904,Amount_val_8904,TaxRate_val_8904,Date_val_8904
8905,Matrix Precision Engineering,VoucherNo_val_8905,Amount_val_8905,TaxRate_val_8905,Date_val_8905
8906,Matrix Precision Engineering,VoucherNo_val_8906,Amount_val_8906,TaxRate_val_8906,Date_val_8906
8907,Matrix Precision Engineering,VoucherNo_val_8907,Amount_val_8907,TaxRate_val_8907,Date_val_8907
8908,Matrix Precision Engineering,VoucherNo_val_8908,Amount_val_8908,TaxRate_val_8908,Date_val_8908
8909,Matrix Precision Engineering,VoucherNo_val_8909,Amount_val_8909,TaxRate_val_8909,Date_val_8909
8910,Matrix Precision Engineering,VoucherNo_val_8910,Amount_val_8910,TaxRate_val_8910,Date_val_8910
8911,Matrix Precision Engineering,VoucherNo_val_8911,Amount_val_8911,TaxRate_val_8911,Date_val_8911
8912,Matrix Precision Engineering,VoucherNo_val_8912,Amount_val_8912,TaxRate_val_8912,Date_val_8912
8913,Matrix Precision Engineering,VoucherNo_val_8913,Amount_val_8913,TaxRate_val_8913,Date_val_8913
8914,Matrix Precision Engineering,VoucherNo_val_8914,Amount_val_8914,TaxRate_val_8914,Date_val_8914
8915,Matrix Precision Engineering,VoucherNo_val_8915,Amount_val_8915,TaxRate_val_8915,Date_val_8915
8916,Matrix Precision Engineering,VoucherNo_val_8916,Amount_val_8916,TaxRate_val_8916,Date_val_8916
8917,Matrix Precision Engineering,VoucherNo_val_8917,Amount_val_8917,TaxRate_val_8917,Date_val_8917
8918,Matrix Precision Engineering,VoucherNo_val_8918,Amount_val_8918,TaxRate_val_8918,Date_val_8918
8919,Matrix Precision Engineering,VoucherNo_val_8919,Amount_val_8919,TaxRate_val_8919,Date_val_8919
8920,Matrix Precision Engineering,VoucherNo_val_8920,Amount_val_8920,TaxRate_val_8920,Date_val_8920
8921,Matrix Precision Engineering,VoucherNo_val_8921,Amount_val_8921,TaxRate_val_8921,Date_val_8921
8922,Matrix Precision Engineering,VoucherNo_val_8922,Amount_val_8922,TaxRate_val_8922,Date_val_8922
8923,Matrix Precision Engineering,VoucherNo_val_8923,Amount_val_8923,TaxRate_val_8923,Date_val_8923
8924,Matrix Precision Engineering,VoucherNo_val_8924,Amount_val_8924,TaxRate_val_8924,Date_val_8924
8925,Matrix Precision Engineering,VoucherNo_val_8925,Amount_val_8925,TaxRate_val_8925,Date_val_8925
8926,Matrix Precision Engineering,VoucherNo_val_8926,Amount_val_8926,TaxRate_val_8926,Date_val_8926
8927,Matrix Precision Engineering,VoucherNo_val_8927,Amount_val_8927,TaxRate_val_8927,Date_val_8927
8928,Matrix Precision Engineering,VoucherNo_val_8928,Amount_val_8928,TaxRate_val_8928,Date_val_8928
8929,Matrix Precision Engineering,VoucherNo_val_8929,Amount_val_8929,TaxRate_val_8929,Date_val_8929
8930,Matrix Precision Engineering,VoucherNo_val_8930,Amount_val_8930,TaxRate_val_8930,Date_val_8930
8931,Matrix Precision Engineering,VoucherNo_val_8931,Amount_val_8931,TaxRate_val_8931,Date_val_8931
8932,Matrix Precision Engineering,VoucherNo_val_8932,Amount_val_8932,TaxRate_val_8932,Date_val_8932
8933,Matrix Precision Engineering,VoucherNo_val_8933,Amount_val_8933,TaxRate_val_8933,Date_val_8933
8934,Matrix Precision Engineering,VoucherNo_val_8934,Amount_val_8934,TaxRate_val_8934,Date_val_8934
8935,Matrix Precision Engineering,VoucherNo_val_8935,Amount_val_8935,TaxRate_val_8935,Date_val_8935
8936,Matrix Precision Engineering,VoucherNo_val_8936,Amount_val_8936,TaxRate_val_8936,Date_val_8936
8937,Matrix Precision Engineering,VoucherNo_val_8937,Amount_val_8937,TaxRate_val_8937,Date_val_8937
8938,Matrix Precision Engineering,VoucherNo_val_8938,Amount_val_8938,TaxRate_val_8938,Date_val_8938
8939,Matrix Precision Engineering,VoucherNo_val_8939,Amount_val_8939,TaxRate_val_8939,Date_val_8939
8940,Matrix Precision Engineering,VoucherNo_val_8940,Amount_val_8940,TaxRate_val_8940,Date_val_8940
8941,Matrix Precision Engineering,VoucherNo_val_8941,Amount_val_8941,TaxRate_val_8941,Date_val_8941
8942,Matrix Precision Engineering,VoucherNo_val_8942,Amount_val_8942,TaxRate_val_8942,Date_val_8942
8943,Matrix Precision Engineering,VoucherNo_val_8943,Amount_val_8943,TaxRate_val_8943,Date_val_8943
8944,Matrix Precision Engineering,VoucherNo_val_8944,Amount_val_8944,TaxRate_val_8944,Date_val_8944
8945,Matrix Precision Engineering,VoucherNo_val_8945,Amount_val_8945,TaxRate_val_8945,Date_val_8945
8946,Matrix Precision Engineering,VoucherNo_val_8946,Amount_val_8946,TaxRate_val_8946,Date_val_8946
8947,Matrix Precision Engineering,VoucherNo_val_8947,Amount_val_8947,TaxRate_val_8947,Date_val_8947
8948,Matrix Precision Engineering,VoucherNo_val_8948,Amount_val_8948,TaxRate_val_8948,Date_val_8948
8949,Matrix Precision Engineering,VoucherNo_val_8949,Amount_val_8949,TaxRate_val_8949,Date_val_8949
8950,Matrix Precision Engineering,VoucherNo_val_8950,Amount_val_8950,TaxRate_val_8950,Date_val_8950
8951,Matrix Precision Engineering,VoucherNo_val_8951,Amount_val_8951,TaxRate_val_8951,Date_val_8951
8952,Matrix Precision Engineering,VoucherNo_val_8952,Amount_val_8952,TaxRate_val_8952,Date_val_8952
8953,Matrix Precision Engineering,VoucherNo_val_8953,Amount_val_8953,TaxRate_val_8953,Date_val_8953
8954,Matrix Precision Engineering,VoucherNo_val_8954,Amount_val_8954,TaxRate_val_8954,Date_val_8954
8955,Matrix Precision Engineering,VoucherNo_val_8955,Amount_val_8955,TaxRate_val_8955,Date_val_8955
8956,Matrix Precision Engineering,VoucherNo_val_8956,Amount_val_8956,TaxRate_val_8956,Date_val_8956
8957,Matrix Precision Engineering,VoucherNo_val_8957,Amount_val_8957,TaxRate_val_8957,Date_val_8957
8958,Matrix Precision Engineering,VoucherNo_val_8958,Amount_val_8958,TaxRate_val_8958,Date_val_8958
8959,Matrix Precision Engineering,VoucherNo_val_8959,Amount_val_8959,TaxRate_val_8959,Date_val_8959
8960,Matrix Precision Engineering,VoucherNo_val_8960,Amount_val_8960,TaxRate_val_8960,Date_val_8960
8961,Matrix Precision Engineering,VoucherNo_val_8961,Amount_val_8961,TaxRate_val_8961,Date_val_8961
8962,Matrix Precision Engineering,VoucherNo_val_8962,Amount_val_8962,TaxRate_val_8962,Date_val_8962
8963,Matrix Precision Engineering,VoucherNo_val_8963,Amount_val_8963,TaxRate_val_8963,Date_val_8963
8964,Matrix Precision Engineering,VoucherNo_val_8964,Amount_val_8964,TaxRate_val_8964,Date_val_8964
8965,Matrix Precision Engineering,VoucherNo_val_8965,Amount_val_8965,TaxRate_val_8965,Date_val_8965
8966,Matrix Precision Engineering,VoucherNo_val_8966,Amount_val_8966,TaxRate_val_8966,Date_val_8966
8967,Matrix Precision Engineering,VoucherNo_val_8967,Amount_val_8967,TaxRate_val_8967,Date_val_8967
8968,Matrix Precision Engineering,VoucherNo_val_8968,Amount_val_8968,TaxRate_val_8968,Date_val_8968
8969,Matrix Precision Engineering,VoucherNo_val_8969,Amount_val_8969,TaxRate_val_8969,Date_val_8969
8970,Matrix Precision Engineering,VoucherNo_val_8970,Amount_val_8970,TaxRate_val_8970,Date_val_8970
8971,Matrix Precision Engineering,VoucherNo_val_8971,Amount_val_8971,TaxRate_val_8971,Date_val_8971
8972,Matrix Precision Engineering,VoucherNo_val_8972,Amount_val_8972,TaxRate_val_8972,Date_val_8972
8973,Matrix Precision Engineering,VoucherNo_val_8973,Amount_val_8973,TaxRate_val_8973,Date_val_8973
8974,Matrix Precision Engineering,VoucherNo_val_8974,Amount_val_8974,TaxRate_val_8974,Date_val_8974
8975,Matrix Precision Engineering,VoucherNo_val_8975,Amount_val_8975,TaxRate_val_8975,Date_val_8975
8976,Matrix Precision Engineering,VoucherNo_val_8976,Amount_val_8976,TaxRate_val_8976,Date_val_8976
8977,Matrix Precision Engineering,VoucherNo_val_8977,Amount_val_8977,TaxRate_val_8977,Date_val_8977
8978,Matrix Precision Engineering,VoucherNo_val_8978,Amount_val_8978,TaxRate_val_8978,Date_val_8978
8979,Matrix Precision Engineering,VoucherNo_val_8979,Amount_val_8979,TaxRate_val_8979,Date_val_8979
8980,Matrix Precision Engineering,VoucherNo_val_8980,Amount_val_8980,TaxRate_val_8980,Date_val_8980
8981,Matrix Precision Engineering,VoucherNo_val_8981,Amount_val_8981,TaxRate_val_8981,Date_val_8981
8982,Matrix Precision Engineering,VoucherNo_val_8982,Amount_val_8982,TaxRate_val_8982,Date_val_8982
8983,Matrix Precision Engineering,VoucherNo_val_8983,Amount_val_8983,TaxRate_val_8983,Date_val_8983
8984,Matrix Precision Engineering,VoucherNo_val_8984,Amount_val_8984,TaxRate_val_8984,Date_val_8984
8985,Matrix Precision Engineering,VoucherNo_val_8985,Amount_val_8985,TaxRate_val_8985,Date_val_8985
8986,Matrix Precision Engineering,VoucherNo_val_8986,Amount_val_8986,TaxRate_val_8986,Date_val_8986
8987,Matrix Precision Engineering,VoucherNo_val_8987,Amount_val_8987,TaxRate_val_8987,Date_val_8987
8988,Matrix Precision Engineering,VoucherNo_val_8988,Amount_val_8988,TaxRate_val_8988,Date_val_8988
8989,Matrix Precision Engineering,VoucherNo_val_8989,Amount_val_8989,TaxRate_val_8989,Date_val_8989
8990,Matrix Precision Engineering,VoucherNo_val_8990,Amount_val_8990,TaxRate_val_8990,Date_val_8990
8991,Matrix Precision Engineering,VoucherNo_val_8991,Amount_val_8991,TaxRate_val_8991,Date_val_8991
8992,Matrix Precision Engineering,VoucherNo_val_8992,Amount_val_8992,TaxRate_val_8992,Date_val_8992
8993,Matrix Precision Engineering,VoucherNo_val_8993,Amount_val_8993,TaxRate_val_8993,Date_val_8993
8994,Matrix Precision Engineering,VoucherNo_val_8994,Amount_val_8994,TaxRate_val_8994,Date_val_8994
8995,Matrix Precision Engineering,VoucherNo_val_8995,Amount_val_8995,TaxRate_val_8995,Date_val_8995
8996,Matrix Precision Engineering,VoucherNo_val_8996,Amount_val_8996,TaxRate_val_8996,Date_val_8996
8997,Matrix Precision Engineering,VoucherNo_val_8997,Amount_val_8997,TaxRate_val_8997,Date_val_8997
8998,Matrix Precision Engineering,VoucherNo_val_8998,Amount_val_8998,TaxRate_val_8998,Date_val_8998
8999,Matrix Precision Engineering,VoucherNo_val_8999,Amount_val_8999,TaxRate_val_8999,Date_val_8999
9000,Matrix Precision Engineering,VoucherNo_val_9000,Amount_val_9000,TaxRate_val_9000,Date_val_9000
9001,Matrix Precision Engineering,VoucherNo_val_9001,Amount_val_9001,TaxRate_val_9001,Date_val_9001
9002,Matrix Precision Engineering,VoucherNo_val_9002,Amount_val_9002,TaxRate_val_9002,Date_val_9002
9003,Matrix Precision Engineering,VoucherNo_val_9003,Amount_val_9003,TaxRate_val_9003,Date_val_9003
9004,Matrix Precision Engineering,VoucherNo_val_9004,Amount_val_9004,TaxRate_val_9004,Date_val_9004
9005,Matrix Precision Engineering,VoucherNo_val_9005,Amount_val_9005,TaxRate_val_9005,Date_val_9005
9006,Matrix Precision Engineering,VoucherNo_val_9006,Amount_val_9006,TaxRate_val_9006,Date_val_9006
9007,Matrix Precision Engineering,VoucherNo_val_9007,Amount_val_9007,TaxRate_val_9007,Date_val_9007
9008,Matrix Precision Engineering,VoucherNo_val_9008,Amount_val_9008,TaxRate_val_9008,Date_val_9008
9009,Matrix Precision Engineering,VoucherNo_val_9009,Amount_val_9009,TaxRate_val_9009,Date_val_9009
9010,Matrix Precision Engineering,VoucherNo_val_9010,Amount_val_9010,TaxRate_val_9010,Date_val_9010
9011,Matrix Precision Engineering,VoucherNo_val_9011,Amount_val_9011,TaxRate_val_9011,Date_val_9011
9012,Matrix Precision Engineering,VoucherNo_val_9012,Amount_val_9012,TaxRate_val_9012,Date_val_9012
9013,Matrix Precision Engineering,VoucherNo_val_9013,Amount_val_9013,TaxRate_val_9013,Date_val_9013
9014,Matrix Precision Engineering,VoucherNo_val_9014,Amount_val_9014,TaxRate_val_9014,Date_val_9014
9015,Matrix Precision Engineering,VoucherNo_val_9015,Amount_val_9015,TaxRate_val_9015,Date_val_9015
9016,Matrix Precision Engineering,VoucherNo_val_9016,Amount_val_9016,TaxRate_val_9016,Date_val_9016
9017,Matrix Precision Engineering,VoucherNo_val_9017,Amount_val_9017,TaxRate_val_9017,Date_val_9017
9018,Matrix Precision Engineering,VoucherNo_val_9018,Amount_val_9018,TaxRate_val_9018,Date_val_9018
9019,Matrix Precision Engineering,VoucherNo_val_9019,Amount_val_9019,TaxRate_val_9019,Date_val_9019
9020,Matrix Precision Engineering,VoucherNo_val_9020,Amount_val_9020,TaxRate_val_9020,Date_val_9020
9021,Matrix Precision Engineering,VoucherNo_val_9021,Amount_val_9021,TaxRate_val_9021,Date_val_9021
9022,Matrix Precision Engineering,VoucherNo_val_9022,Amount_val_9022,TaxRate_val_9022,Date_val_9022
9023,Matrix Precision Engineering,VoucherNo_val_9023,Amount_val_9023,TaxRate_val_9023,Date_val_9023
9024,Matrix Precision Engineering,VoucherNo_val_9024,Amount_val_9024,TaxRate_val_9024,Date_val_9024
9025,Matrix Precision Engineering,VoucherNo_val_9025,Amount_val_9025,TaxRate_val_9025,Date_val_9025
9026,Matrix Precision Engineering,VoucherNo_val_9026,Amount_val_9026,TaxRate_val_9026,Date_val_9026
9027,Matrix Precision Engineering,VoucherNo_val_9027,Amount_val_9027,TaxRate_val_9027,Date_val_9027
9028,Matrix Precision Engineering,VoucherNo_val_9028,Amount_val_9028,TaxRate_val_9028,Date_val_9028
9029,Matrix Precision Engineering,VoucherNo_val_9029,Amount_val_9029,TaxRate_val_9029,Date_val_9029
9030,Matrix Precision Engineering,VoucherNo_val_9030,Amount_val_9030,TaxRate_val_9030,Date_val_9030
9031,Matrix Precision Engineering,VoucherNo_val_9031,Amount_val_9031,TaxRate_val_9031,Date_val_9031
9032,Matrix Precision Engineering,VoucherNo_val_9032,Amount_val_9032,TaxRate_val_9032,Date_val_9032
9033,Matrix Precision Engineering,VoucherNo_val_9033,Amount_val_9033,TaxRate_val_9033,Date_val_9033
9034,Matrix Precision Engineering,VoucherNo_val_9034,Amount_val_9034,TaxRate_val_9034,Date_val_9034
9035,Matrix Precision Engineering,VoucherNo_val_9035,Amount_val_9035,TaxRate_val_9035,Date_val_9035
9036,Matrix Precision Engineering,VoucherNo_val_9036,Amount_val_9036,TaxRate_val_9036,Date_val_9036
9037,Matrix Precision Engineering,VoucherNo_val_9037,Amount_val_9037,TaxRate_val_9037,Date_val_9037
9038,Matrix Precision Engineering,VoucherNo_val_9038,Amount_val_9038,TaxRate_val_9038,Date_val_9038
9039,Matrix Precision Engineering,VoucherNo_val_9039,Amount_val_9039,TaxRate_val_9039,Date_val_9039
9040,Matrix Precision Engineering,VoucherNo_val_9040,Amount_val_9040,TaxRate_val_9040,Date_val_9040
9041,Matrix Precision Engineering,VoucherNo_val_9041,Amount_val_9041,TaxRate_val_9041,Date_val_9041
9042,Matrix Precision Engineering,VoucherNo_val_9042,Amount_val_9042,TaxRate_val_9042,Date_val_9042
9043,Matrix Precision Engineering,VoucherNo_val_9043,Amount_val_9043,TaxRate_val_9043,Date_val_9043
9044,Matrix Precision Engineering,VoucherNo_val_9044,Amount_val_9044,TaxRate_val_9044,Date_val_9044
9045,Matrix Precision Engineering,VoucherNo_val_9045,Amount_val_9045,TaxRate_val_9045,Date_val_9045
9046,Matrix Precision Engineering,VoucherNo_val_9046,Amount_val_9046,TaxRate_val_9046,Date_val_9046
9047,Matrix Precision Engineering,VoucherNo_val_9047,Amount_val_9047,TaxRate_val_9047,Date_val_9047
9048,Matrix Precision Engineering,VoucherNo_val_9048,Amount_val_9048,TaxRate_val_9048,Date_val_9048
9049,Matrix Precision Engineering,VoucherNo_val_9049,Amount_val_9049,TaxRate_val_9049,Date_val_9049
9050,Matrix Precision Engineering,VoucherNo_val_9050,Amount_val_9050,TaxRate_val_9050,Date_val_9050
9051,Matrix Precision Engineering,VoucherNo_val_9051,Amount_val_9051,TaxRate_val_9051,Date_val_9051
9052,Matrix Precision Engineering,VoucherNo_val_9052,Amount_val_9052,TaxRate_val_9052,Date_val_9052
9053,Matrix Precision Engineering,VoucherNo_val_9053,Amount_val_9053,TaxRate_val_9053,Date_val_9053
9054,Matrix Precision Engineering,VoucherNo_val_9054,Amount_val_9054,TaxRate_val_9054,Date_val_9054
9055,Matrix Precision Engineering,VoucherNo_val_9055,Amount_val_9055,TaxRate_val_9055,Date_val_9055
9056,Matrix Precision Engineering,VoucherNo_val_9056,Amount_val_9056,TaxRate_val_9056,Date_val_9056
9057,Matrix Precision Engineering,VoucherNo_val_9057,Amount_val_9057,TaxRate_val_9057,Date_val_9057
9058,Matrix Precision Engineering,VoucherNo_val_9058,Amount_val_9058,TaxRate_val_9058,Date_val_9058
9059,Matrix Precision Engineering,VoucherNo_val_9059,Amount_val_9059,TaxRate_val_9059,Date_val_9059
9060,Matrix Precision Engineering,VoucherNo_val_9060,Amount_val_9060,TaxRate_val_9060,Date_val_9060
9061,Matrix Precision Engineering,VoucherNo_val_9061,Amount_val_9061,TaxRate_val_9061,Date_val_9061
9062,Matrix Precision Engineering,VoucherNo_val_9062,Amount_val_9062,TaxRate_val_9062,Date_val_9062
9063,Matrix Precision Engineering,VoucherNo_val_9063,Amount_val_9063,TaxRate_val_9063,Date_val_9063
9064,Matrix Precision Engineering,VoucherNo_val_9064,Amount_val_9064,TaxRate_val_9064,Date_val_9064
9065,Matrix Precision Engineering,VoucherNo_val_9065,Amount_val_9065,TaxRate_val_9065,Date_val_9065
9066,Matrix Precision Engineering,VoucherNo_val_9066,Amount_val_9066,TaxRate_val_9066,Date_val_9066
9067,Matrix Precision Engineering,VoucherNo_val_9067,Amount_val_9067,TaxRate_val_9067,Date_val_9067
9068,Matrix Precision Engineering,VoucherNo_val_9068,Amount_val_9068,TaxRate_val_9068,Date_val_9068
9069,Matrix Precision Engineering,VoucherNo_val_9069,Amount_val_9069,TaxRate_val_9069,Date_val_9069
9070,Matrix Precision Engineering,VoucherNo_val_9070,Amount_val_9070,TaxRate_val_9070,Date_val_9070
9071,Matrix Precision Engineering,VoucherNo_val_9071,Amount_val_9071,TaxRate_val_9071,Date_val_9071
9072,Matrix Precision Engineering,VoucherNo_val_9072,Amount_val_9072,TaxRate_val_9072,Date_val_9072
9073,Matrix Precision Engineering,VoucherNo_val_9073,Amount_val_9073,TaxRate_val_9073,Date_val_9073
9074,Matrix Precision Engineering,VoucherNo_val_9074,Amount_val_9074,TaxRate_val_9074,Date_val_9074
9075,Matrix Precision Engineering,VoucherNo_val_9075,Amount_val_9075,TaxRate_val_9075,Date_val_9075
9076,Matrix Precision Engineering,VoucherNo_val_9076,Amount_val_9076,TaxRate_val_9076,Date_val_9076
9077,Matrix Precision Engineering,VoucherNo_val_9077,Amount_val_9077,TaxRate_val_9077,Date_val_9077
9078,Matrix Precision Engineering,VoucherNo_val_9078,Amount_val_9078,TaxRate_val_9078,Date_val_9078
9079,Matrix Precision Engineering,VoucherNo_val_9079,Amount_val_9079,TaxRate_val_9079,Date_val_9079
9080,Matrix Precision Engineering,VoucherNo_val_9080,Amount_val_9080,TaxRate_val_9080,Date_val_9080
9081,Matrix Precision Engineering,VoucherNo_val_9081,Amount_val_9081,TaxRate_val_9081,Date_val_9081
9082,Matrix Precision Engineering,VoucherNo_val_9082,Amount_val_9082,TaxRate_val_9082,Date_val_9082
9083,Matrix Precision Engineering,VoucherNo_val_9083,Amount_val_9083,TaxRate_val_9083,Date_val_9083
9084,Matrix Precision Engineering,VoucherNo_val_9084,Amount_val_9084,TaxRate_val_9084,Date_val_9084
9085,Matrix Precision Engineering,VoucherNo_val_9085,Amount_val_9085,TaxRate_val_9085,Date_val_9085
9086,Matrix Precision Engineering,VoucherNo_val_9086,Amount_val_9086,TaxRate_val_9086,Date_val_9086
9087,Matrix Precision Engineering,VoucherNo_val_9087,Amount_val_9087,TaxRate_val_9087,Date_val_9087
9088,Matrix Precision Engineering,VoucherNo_val_9088,Amount_val_9088,TaxRate_val_9088,Date_val_9088
9089,Matrix Precision Engineering,VoucherNo_val_9089,Amount_val_9089,TaxRate_val_9089,Date_val_9089
9090,Matrix Precision Engineering,VoucherNo_val_9090,Amount_val_9090,TaxRate_val_9090,Date_val_9090
9091,Matrix Precision Engineering,VoucherNo_val_9091,Amount_val_9091,TaxRate_val_9091,Date_val_9091
9092,Matrix Precision Engineering,VoucherNo_val_9092,Amount_val_9092,TaxRate_val_9092,Date_val_9092
9093,Matrix Precision Engineering,VoucherNo_val_9093,Amount_val_9093,TaxRate_val_9093,Date_val_9093
9094,Matrix Precision Engineering,VoucherNo_val_9094,Amount_val_9094,TaxRate_val_9094,Date_val_9094
9095,Matrix Precision Engineering,VoucherNo_val_9095,Amount_val_9095,TaxRate_val_9095,Date_val_9095
9096,Matrix Precision Engineering,VoucherNo_val_9096,Amount_val_9096,TaxRate_val_9096,Date_val_9096
9097,Matrix Precision Engineering,VoucherNo_val_9097,Amount_val_9097,TaxRate_val_9097,Date_val_9097
9098,Matrix Precision Engineering,VoucherNo_val_9098,Amount_val_9098,TaxRate_val_9098,Date_val_9098
9099,Matrix Precision Engineering,VoucherNo_val_9099,Amount_val_9099,TaxRate_val_9099,Date_val_9099
9100,Matrix Precision Engineering,VoucherNo_val_9100,Amount_val_9100,TaxRate_val_9100,Date_val_9100
9101,Matrix Precision Engineering,VoucherNo_val_9101,Amount_val_9101,TaxRate_val_9101,Date_val_9101
9102,Matrix Precision Engineering,VoucherNo_val_9102,Amount_val_9102,TaxRate_val_9102,Date_val_9102
9103,Matrix Precision Engineering,VoucherNo_val_9103,Amount_val_9103,TaxRate_val_9103,Date_val_9103
9104,Matrix Precision Engineering,VoucherNo_val_9104,Amount_val_9104,TaxRate_val_9104,Date_val_9104
9105,Matrix Precision Engineering,VoucherNo_val_9105,Amount_val_9105,TaxRate_val_9105,Date_val_9105
9106,Matrix Precision Engineering,VoucherNo_val_9106,Amount_val_9106,TaxRate_val_9106,Date_val_9106
9107,Matrix Precision Engineering,VoucherNo_val_9107,Amount_val_9107,TaxRate_val_9107,Date_val_9107
9108,Matrix Precision Engineering,VoucherNo_val_9108,Amount_val_9108,TaxRate_val_9108,Date_val_9108
9109,Matrix Precision Engineering,VoucherNo_val_9109,Amount_val_9109,TaxRate_val_9109,Date_val_9109
9110,Matrix Precision Engineering,VoucherNo_val_9110,Amount_val_9110,TaxRate_val_9110,Date_val_9110
9111,Matrix Precision Engineering,VoucherNo_val_9111,Amount_val_9111,TaxRate_val_9111,Date_val_9111
9112,Matrix Precision Engineering,VoucherNo_val_9112,Amount_val_9112,TaxRate_val_9112,Date_val_9112
9113,Matrix Precision Engineering,VoucherNo_val_9113,Amount_val_9113,TaxRate_val_9113,Date_val_9113
9114,Matrix Precision Engineering,VoucherNo_val_9114,Amount_val_9114,TaxRate_val_9114,Date_val_9114
9115,Matrix Precision Engineering,VoucherNo_val_9115,Amount_val_9115,TaxRate_val_9115,Date_val_9115
9116,Matrix Precision Engineering,VoucherNo_val_9116,Amount_val_9116,TaxRate_val_9116,Date_val_9116
9117,Matrix Precision Engineering,VoucherNo_val_9117,Amount_val_9117,TaxRate_val_9117,Date_val_9117
9118,Matrix Precision Engineering,VoucherNo_val_9118,Amount_val_9118,TaxRate_val_9118,Date_val_9118
9119,Matrix Precision Engineering,VoucherNo_val_9119,Amount_val_9119,TaxRate_val_9119,Date_val_9119
9120,Matrix Precision Engineering,VoucherNo_val_9120,Amount_val_9120,TaxRate_val_9120,Date_val_9120
9121,Matrix Precision Engineering,VoucherNo_val_9121,Amount_val_9121,TaxRate_val_9121,Date_val_9121
9122,Matrix Precision Engineering,VoucherNo_val_9122,Amount_val_9122,TaxRate_val_9122,Date_val_9122
9123,Matrix Precision Engineering,VoucherNo_val_9123,Amount_val_9123,TaxRate_val_9123,Date_val_9123
9124,Matrix Precision Engineering,VoucherNo_val_9124,Amount_val_9124,TaxRate_val_9124,Date_val_9124
9125,Matrix Precision Engineering,VoucherNo_val_9125,Amount_val_9125,TaxRate_val_9125,Date_val_9125
9126,Matrix Precision Engineering,VoucherNo_val_9126,Amount_val_9126,TaxRate_val_9126,Date_val_9126
9127,Matrix Precision Engineering,VoucherNo_val_9127,Amount_val_9127,TaxRate_val_9127,Date_val_9127
9128,Matrix Precision Engineering,VoucherNo_val_9128,Amount_val_9128,TaxRate_val_9128,Date_val_9128
9129,Matrix Precision Engineering,VoucherNo_val_9129,Amount_val_9129,TaxRate_val_9129,Date_val_9129
9130,Matrix Precision Engineering,VoucherNo_val_9130,Amount_val_9130,TaxRate_val_9130,Date_val_9130
9131,Matrix Precision Engineering,VoucherNo_val_9131,Amount_val_9131,TaxRate_val_9131,Date_val_9131
9132,Matrix Precision Engineering,VoucherNo_val_9132,Amount_val_9132,TaxRate_val_9132,Date_val_9132
9133,Matrix Precision Engineering,VoucherNo_val_9133,Amount_val_9133,TaxRate_val_9133,Date_val_9133
9134,Matrix Precision Engineering,VoucherNo_val_9134,Amount_val_9134,TaxRate_val_9134,Date_val_9134
9135,Matrix Precision Engineering,VoucherNo_val_9135,Amount_val_9135,TaxRate_val_9135,Date_val_9135
9136,Matrix Precision Engineering,VoucherNo_val_9136,Amount_val_9136,TaxRate_val_9136,Date_val_9136
9137,Matrix Precision Engineering,VoucherNo_val_9137,Amount_val_9137,TaxRate_val_9137,Date_val_9137
9138,Matrix Precision Engineering,VoucherNo_val_9138,Amount_val_9138,TaxRate_val_9138,Date_val_9138
9139,Matrix Precision Engineering,VoucherNo_val_9139,Amount_val_9139,TaxRate_val_9139,Date_val_9139
9140,Matrix Precision Engineering,VoucherNo_val_9140,Amount_val_9140,TaxRate_val_9140,Date_val_9140
9141,Matrix Precision Engineering,VoucherNo_val_9141,Amount_val_9141,TaxRate_val_9141,Date_val_9141
9142,Matrix Precision Engineering,VoucherNo_val_9142,Amount_val_9142,TaxRate_val_9142,Date_val_9142
9143,Matrix Precision Engineering,VoucherNo_val_9143,Amount_val_9143,TaxRate_val_9143,Date_val_9143
9144,Matrix Precision Engineering,VoucherNo_val_9144,Amount_val_9144,TaxRate_val_9144,Date_val_9144
9145,Matrix Precision Engineering,VoucherNo_val_9145,Amount_val_9145,TaxRate_val_9145,Date_val_9145
9146,Matrix Precision Engineering,VoucherNo_val_9146,Amount_val_9146,TaxRate_val_9146,Date_val_9146
9147,Matrix Precision Engineering,VoucherNo_val_9147,Amount_val_9147,TaxRate_val_9147,Date_val_9147
9148,Matrix Precision Engineering,VoucherNo_val_9148,Amount_val_9148,TaxRate_val_9148,Date_val_9148
9149,Matrix Precision Engineering,VoucherNo_val_9149,Amount_val_9149,TaxRate_val_9149,Date_val_9149
9150,Matrix Precision Engineering,VoucherNo_val_9150,Amount_val_9150,TaxRate_val_9150,Date_val_9150
9151,Matrix Precision Engineering,VoucherNo_val_9151,Amount_val_9151,TaxRate_val_9151,Date_val_9151
9152,Matrix Precision Engineering,VoucherNo_val_9152,Amount_val_9152,TaxRate_val_9152,Date_val_9152
9153,Matrix Precision Engineering,VoucherNo_val_9153,Amount_val_9153,TaxRate_val_9153,Date_val_9153
9154,Matrix Precision Engineering,VoucherNo_val_9154,Amount_val_9154,TaxRate_val_9154,Date_val_9154
9155,Matrix Precision Engineering,VoucherNo_val_9155,Amount_val_9155,TaxRate_val_9155,Date_val_9155
9156,Matrix Precision Engineering,VoucherNo_val_9156,Amount_val_9156,TaxRate_val_9156,Date_val_9156
9157,Matrix Precision Engineering,VoucherNo_val_9157,Amount_val_9157,TaxRate_val_9157,Date_val_9157
9158,Matrix Precision Engineering,VoucherNo_val_9158,Amount_val_9158,TaxRate_val_9158,Date_val_9158
9159,Matrix Precision Engineering,VoucherNo_val_9159,Amount_val_9159,TaxRate_val_9159,Date_val_9159
9160,Matrix Precision Engineering,VoucherNo_val_9160,Amount_val_9160,TaxRate_val_9160,Date_val_9160
9161,Matrix Precision Engineering,VoucherNo_val_9161,Amount_val_9161,TaxRate_val_9161,Date_val_9161
9162,Matrix Precision Engineering,VoucherNo_val_9162,Amount_val_9162,TaxRate_val_9162,Date_val_9162
9163,Matrix Precision Engineering,VoucherNo_val_9163,Amount_val_9163,TaxRate_val_9163,Date_val_9163
9164,Matrix Precision Engineering,VoucherNo_val_9164,Amount_val_9164,TaxRate_val_9164,Date_val_9164
9165,Matrix Precision Engineering,VoucherNo_val_9165,Amount_val_9165,TaxRate_val_9165,Date_val_9165
9166,Matrix Precision Engineering,VoucherNo_val_9166,Amount_val_9166,TaxRate_val_9166,Date_val_9166
9167,Matrix Precision Engineering,VoucherNo_val_9167,Amount_val_9167,TaxRate_val_9167,Date_val_9167
9168,Matrix Precision Engineering,VoucherNo_val_9168,Amount_val_9168,TaxRate_val_9168,Date_val_9168
9169,Matrix Precision Engineering,VoucherNo_val_9169,Amount_val_9169,TaxRate_val_9169,Date_val_9169
9170,Matrix Precision Engineering,VoucherNo_val_9170,Amount_val_9170,TaxRate_val_9170,Date_val_9170
9171,Matrix Precision Engineering,VoucherNo_val_9171,Amount_val_9171,TaxRate_val_9171,Date_val_9171
9172,Matrix Precision Engineering,VoucherNo_val_9172,Amount_val_9172,TaxRate_val_9172,Date_val_9172
9173,Matrix Precision Engineering,VoucherNo_val_9173,Amount_val_9173,TaxRate_val_9173,Date_val_9173
9174,Matrix Precision Engineering,VoucherNo_val_9174,Amount_val_9174,TaxRate_val_9174,Date_val_9174
9175,Matrix Precision Engineering,VoucherNo_val_9175,Amount_val_9175,TaxRate_val_9175,Date_val_9175
9176,Matrix Precision Engineering,VoucherNo_val_9176,Amount_val_9176,TaxRate_val_9176,Date_val_9176
9177,Matrix Precision Engineering,VoucherNo_val_9177,Amount_val_9177,TaxRate_val_9177,Date_val_9177
9178,Matrix Precision Engineering,VoucherNo_val_9178,Amount_val_9178,TaxRate_val_9178,Date_val_9178
9179,Matrix Precision Engineering,VoucherNo_val_9179,Amount_val_9179,TaxRate_val_9179,Date_val_9179
9180,Matrix Precision Engineering,VoucherNo_val_9180,Amount_val_9180,TaxRate_val_9180,Date_val_9180
9181,Matrix Precision Engineering,VoucherNo_val_9181,Amount_val_9181,TaxRate_val_9181,Date_val_9181
9182,Matrix Precision Engineering,VoucherNo_val_9182,Amount_val_9182,TaxRate_val_9182,Date_val_9182
9183,Matrix Precision Engineering,VoucherNo_val_9183,Amount_val_9183,TaxRate_val_9183,Date_val_9183
9184,Matrix Precision Engineering,VoucherNo_val_9184,Amount_val_9184,TaxRate_val_9184,Date_val_9184
9185,Matrix Precision Engineering,VoucherNo_val_9185,Amount_val_9185,TaxRate_val_9185,Date_val_9185
9186,Matrix Precision Engineering,VoucherNo_val_9186,Amount_val_9186,TaxRate_val_9186,Date_val_9186
9187,Matrix Precision Engineering,VoucherNo_val_9187,Amount_val_9187,TaxRate_val_9187,Date_val_9187
9188,Matrix Precision Engineering,VoucherNo_val_9188,Amount_val_9188,TaxRate_val_9188,Date_val_9188
9189,Matrix Precision Engineering,VoucherNo_val_9189,Amount_val_9189,TaxRate_val_9189,Date_val_9189
9190,Matrix Precision Engineering,VoucherNo_val_9190,Amount_val_9190,TaxRate_val_9190,Date_val_9190
9191,Matrix Precision Engineering,VoucherNo_val_9191,Amount_val_9191,TaxRate_val_9191,Date_val_9191
9192,Matrix Precision Engineering,VoucherNo_val_9192,Amount_val_9192,TaxRate_val_9192,Date_val_9192
9193,Matrix Precision Engineering,VoucherNo_val_9193,Amount_val_9193,TaxRate_val_9193,Date_val_9193
9194,Matrix Precision Engineering,VoucherNo_val_9194,Amount_val_9194,TaxRate_val_9194,Date_val_9194
9195,Matrix Precision Engineering,VoucherNo_val_9195,Amount_val_9195,TaxRate_val_9195,Date_val_9195
9196,Matrix Precision Engineering,VoucherNo_val_9196,Amount_val_9196,TaxRate_val_9196,Date_val_9196
9197,Matrix Precision Engineering,VoucherNo_val_9197,Amount_val_9197,TaxRate_val_9197,Date_val_9197
9198,Matrix Precision Engineering,VoucherNo_val_9198,Amount_val_9198,TaxRate_val_9198,Date_val_9198
9199,Matrix Precision Engineering,VoucherNo_val_9199,Amount_val_9199,TaxRate_val_9199,Date_val_9199
9200,Matrix Precision Engineering,VoucherNo_val_9200,Amount_val_9200,TaxRate_val_9200,Date_val_9200
9201,Matrix Precision Engineering,VoucherNo_val_9201,Amount_val_9201,TaxRate_val_9201,Date_val_9201
9202,Matrix Precision Engineering,VoucherNo_val_9202,Amount_val_9202,TaxRate_val_9202,Date_val_9202
9203,Matrix Precision Engineering,VoucherNo_val_9203,Amount_val_9203,TaxRate_val_9203,Date_val_9203
9204,Matrix Precision Engineering,VoucherNo_val_9204,Amount_val_9204,TaxRate_val_9204,Date_val_9204
9205,Matrix Precision Engineering,VoucherNo_val_9205,Amount_val_9205,TaxRate_val_9205,Date_val_9205
9206,Matrix Precision Engineering,VoucherNo_val_9206,Amount_val_9206,TaxRate_val_9206,Date_val_9206
9207,Matrix Precision Engineering,VoucherNo_val_9207,Amount_val_9207,TaxRate_val_9207,Date_val_9207
9208,Matrix Precision Engineering,VoucherNo_val_9208,Amount_val_9208,TaxRate_val_9208,Date_val_9208
9209,Matrix Precision Engineering,VoucherNo_val_9209,Amount_val_9209,TaxRate_val_9209,Date_val_9209
9210,Matrix Precision Engineering,VoucherNo_val_9210,Amount_val_9210,TaxRate_val_9210,Date_val_9210
9211,Matrix Precision Engineering,VoucherNo_val_9211,Amount_val_9211,TaxRate_val_9211,Date_val_9211
9212,Matrix Precision Engineering,VoucherNo_val_9212,Amount_val_9212,TaxRate_val_9212,Date_val_9212
9213,Matrix Precision Engineering,VoucherNo_val_9213,Amount_val_9213,TaxRate_val_9213,Date_val_9213
9214,Matrix Precision Engineering,VoucherNo_val_9214,Amount_val_9214,TaxRate_val_9214,Date_val_9214
9215,Matrix Precision Engineering,VoucherNo_val_9215,Amount_val_9215,TaxRate_val_9215,Date_val_9215
9216,Matrix Precision Engineering,VoucherNo_val_9216,Amount_val_9216,TaxRate_val_9216,Date_val_9216
9217,Matrix Precision Engineering,VoucherNo_val_9217,Amount_val_9217,TaxRate_val_9217,Date_val_9217
9218,Matrix Precision Engineering,VoucherNo_val_9218,Amount_val_9218,TaxRate_val_9218,Date_val_9218
9219,Matrix Precision Engineering,VoucherNo_val_9219,Amount_val_9219,TaxRate_val_9219,Date_val_9219
9220,Matrix Precision Engineering,VoucherNo_val_9220,Amount_val_9220,TaxRate_val_9220,Date_val_9220
9221,Matrix Precision Engineering,VoucherNo_val_9221,Amount_val_9221,TaxRate_val_9221,Date_val_9221
9222,Matrix Precision Engineering,VoucherNo_val_9222,Amount_val_9222,TaxRate_val_9222,Date_val_9222
9223,Matrix Precision Engineering,VoucherNo_val_9223,Amount_val_9223,TaxRate_val_9223,Date_val_9223
9224,Matrix Precision Engineering,VoucherNo_val_9224,Amount_val_9224,TaxRate_val_9224,Date_val_9224
9225,Matrix Precision Engineering,VoucherNo_val_9225,Amount_val_9225,TaxRate_val_9225,Date_val_9225
9226,Matrix Precision Engineering,VoucherNo_val_9226,Amount_val_9226,TaxRate_val_9226,Date_val_9226
9227,Matrix Precision Engineering,VoucherNo_val_9227,Amount_val_9227,TaxRate_val_9227,Date_val_9227
9228,Matrix Precision Engineering,VoucherNo_val_9228,Amount_val_9228,TaxRate_val_9228,Date_val_9228
9229,Matrix Precision Engineering,VoucherNo_val_9229,Amount_val_9229,TaxRate_val_9229,Date_val_9229
9230,Matrix Precision Engineering,VoucherNo_val_9230,Amount_val_9230,TaxRate_val_9230,Date_val_9230
9231,Matrix Precision Engineering,VoucherNo_val_9231,Amount_val_9231,TaxRate_val_9231,Date_val_9231
9232,Matrix Precision Engineering,VoucherNo_val_9232,Amount_val_9232,TaxRate_val_9232,Date_val_9232
9233,Matrix Precision Engineering,VoucherNo_val_9233,Amount_val_9233,TaxRate_val_9233,Date_val_9233
9234,Matrix Precision Engineering,VoucherNo_val_9234,Amount_val_9234,TaxRate_val_9234,Date_val_9234
9235,Matrix Precision Engineering,VoucherNo_val_9235,Amount_val_9235,TaxRate_val_9235,Date_val_9235
9236,Matrix Precision Engineering,VoucherNo_val_9236,Amount_val_9236,TaxRate_val_9236,Date_val_9236
9237,Matrix Precision Engineering,VoucherNo_val_9237,Amount_val_9237,TaxRate_val_9237,Date_val_9237
9238,Matrix Precision Engineering,VoucherNo_val_9238,Amount_val_9238,TaxRate_val_9238,Date_val_9238
9239,Matrix Precision Engineering,VoucherNo_val_9239,Amount_val_9239,TaxRate_val_9239,Date_val_9239
9240,Matrix Precision Engineering,VoucherNo_val_9240,Amount_val_9240,TaxRate_val_9240,Date_val_9240
9241,Matrix Precision Engineering,VoucherNo_val_9241,Amount_val_9241,TaxRate_val_9241,Date_val_9241
9242,Matrix Precision Engineering,VoucherNo_val_9242,Amount_val_9242,TaxRate_val_9242,Date_val_9242
9243,Matrix Precision Engineering,VoucherNo_val_9243,Amount_val_9243,TaxRate_val_9243,Date_val_9243
9244,Matrix Precision Engineering,VoucherNo_val_9244,Amount_val_9244,TaxRate_val_9244,Date_val_9244
9245,Matrix Precision Engineering,VoucherNo_val_9245,Amount_val_9245,TaxRate_val_9245,Date_val_9245
9246,Matrix Precision Engineering,VoucherNo_val_9246,Amount_val_9246,TaxRate_val_9246,Date_val_9246
9247,Matrix Precision Engineering,VoucherNo_val_9247,Amount_val_9247,TaxRate_val_9247,Date_val_9247
9248,Matrix Precision Engineering,VoucherNo_val_9248,Amount_val_9248,TaxRate_val_9248,Date_val_9248
9249,Matrix Precision Engineering,VoucherNo_val_9249,Amount_val_9249,TaxRate_val_9249,Date_val_9249
9250,Matrix Precision Engineering,VoucherNo_val_9250,Amount_val_9250,TaxRate_val_9250,Date_val_9250
9251,Matrix Precision Engineering,VoucherNo_val_9251,Amount_val_9251,TaxRate_val_9251,Date_val_9251
9252,Matrix Precision Engineering,VoucherNo_val_9252,Amount_val_9252,TaxRate_val_9252,Date_val_9252
9253,Matrix Precision Engineering,VoucherNo_val_9253,Amount_val_9253,TaxRate_val_9253,Date_val_9253
9254,Matrix Precision Engineering,VoucherNo_val_9254,Amount_val_9254,TaxRate_val_9254,Date_val_9254
9255,Matrix Precision Engineering,VoucherNo_val_9255,Amount_val_9255,TaxRate_val_9255,Date_val_9255
9256,Matrix Precision Engineering,VoucherNo_val_9256,Amount_val_9256,TaxRate_val_9256,Date_val_9256
9257,Matrix Precision Engineering,VoucherNo_val_9257,Amount_val_9257,TaxRate_val_9257,Date_val_9257
9258,Matrix Precision Engineering,VoucherNo_val_9258,Amount_val_9258,TaxRate_val_9258,Date_val_9258
9259,Matrix Precision Engineering,VoucherNo_val_9259,Amount_val_9259,TaxRate_val_9259,Date_val_9259
9260,Matrix Precision Engineering,VoucherNo_val_9260,Amount_val_9260,TaxRate_val_9260,Date_val_9260
9261,Matrix Precision Engineering,VoucherNo_val_9261,Amount_val_9261,TaxRate_val_9261,Date_val_9261
9262,Matrix Precision Engineering,VoucherNo_val_9262,Amount_val_9262,TaxRate_val_9262,Date_val_9262
9263,Matrix Precision Engineering,VoucherNo_val_9263,Amount_val_9263,TaxRate_val_9263,Date_val_9263
9264,Matrix Precision Engineering,VoucherNo_val_9264,Amount_val_9264,TaxRate_val_9264,Date_val_9264
9265,Matrix Precision Engineering,VoucherNo_val_9265,Amount_val_9265,TaxRate_val_9265,Date_val_9265
9266,Matrix Precision Engineering,VoucherNo_val_9266,Amount_val_9266,TaxRate_val_9266,Date_val_9266
9267,Matrix Precision Engineering,VoucherNo_val_9267,Amount_val_9267,TaxRate_val_9267,Date_val_9267
9268,Matrix Precision Engineering,VoucherNo_val_9268,Amount_val_9268,TaxRate_val_9268,Date_val_9268
9269,Matrix Precision Engineering,VoucherNo_val_9269,Amount_val_9269,TaxRate_val_9269,Date_val_9269
9270,Matrix Precision Engineering,VoucherNo_val_9270,Amount_val_9270,TaxRate_val_9270,Date_val_9270
9271,Matrix Precision Engineering,VoucherNo_val_9271,Amount_val_9271,TaxRate_val_9271,Date_val_9271
9272,Matrix Precision Engineering,VoucherNo_val_9272,Amount_val_9272,TaxRate_val_9272,Date_val_9272
9273,Matrix Precision Engineering,VoucherNo_val_9273,Amount_val_9273,TaxRate_val_9273,Date_val_9273
9274,Matrix Precision Engineering,VoucherNo_val_9274,Amount_val_9274,TaxRate_val_9274,Date_val_9274
9275,Matrix Precision Engineering,VoucherNo_val_9275,Amount_val_9275,TaxRate_val_9275,Date_val_9275
9276,Matrix Precision Engineering,VoucherNo_val_9276,Amount_val_9276,TaxRate_val_9276,Date_val_9276
9277,Matrix Precision Engineering,VoucherNo_val_9277,Amount_val_9277,TaxRate_val_9277,Date_val_9277
9278,Matrix Precision Engineering,VoucherNo_val_9278,Amount_val_9278,TaxRate_val_9278,Date_val_9278
9279,Matrix Precision Engineering,VoucherNo_val_9279,Amount_val_9279,TaxRate_val_9279,Date_val_9279
9280,Matrix Precision Engineering,VoucherNo_val_9280,Amount_val_9280,TaxRate_val_9280,Date_val_9280
9281,Matrix Precision Engineering,VoucherNo_val_9281,Amount_val_9281,TaxRate_val_9281,Date_val_9281
9282,Matrix Precision Engineering,VoucherNo_val_9282,Amount_val_9282,TaxRate_val_9282,Date_val_9282
9283,Matrix Precision Engineering,VoucherNo_val_9283,Amount_val_9283,TaxRate_val_9283,Date_val_9283
9284,Matrix Precision Engineering,VoucherNo_val_9284,Amount_val_9284,TaxRate_val_9284,Date_val_9284
9285,Matrix Precision Engineering,VoucherNo_val_9285,Amount_val_9285,TaxRate_val_9285,Date_val_9285
9286,Matrix Precision Engineering,VoucherNo_val_9286,Amount_val_9286,TaxRate_val_9286,Date_val_9286
9287,Matrix Precision Engineering,VoucherNo_val_9287,Amount_val_9287,TaxRate_val_9287,Date_val_9287
9288,Matrix Precision Engineering,VoucherNo_val_9288,Amount_val_9288,TaxRate_val_9288,Date_val_9288
9289,Matrix Precision Engineering,VoucherNo_val_9289,Amount_val_9289,TaxRate_val_9289,Date_val_9289
9290,Matrix Precision Engineering,VoucherNo_val_9290,Amount_val_9290,TaxRate_val_9290,Date_val_9290
9291,Matrix Precision Engineering,VoucherNo_val_9291,Amount_val_9291,TaxRate_val_9291,Date_val_9291
9292,Matrix Precision Engineering,VoucherNo_val_9292,Amount_val_9292,TaxRate_val_9292,Date_val_9292
9293,Matrix Precision Engineering,VoucherNo_val_9293,Amount_val_9293,TaxRate_val_9293,Date_val_9293
9294,Matrix Precision Engineering,VoucherNo_val_9294,Amount_val_9294,TaxRate_val_9294,Date_val_9294
9295,Matrix Precision Engineering,VoucherNo_val_9295,Amount_val_9295,TaxRate_val_9295,Date_val_9295
9296,Matrix Precision Engineering,VoucherNo_val_9296,Amount_val_9296,TaxRate_val_9296,Date_val_9296
9297,Matrix Precision Engineering,VoucherNo_val_9297,Amount_val_9297,TaxRate_val_9297,Date_val_9297
9298,Matrix Precision Engineering,VoucherNo_val_9298,Amount_val_9298,TaxRate_val_9298,Date_val_9298
9299,Matrix Precision Engineering,VoucherNo_val_9299,Amount_val_9299,TaxRate_val_9299,Date_val_9299
9300,Matrix Precision Engineering,VoucherNo_val_9300,Amount_val_9300,TaxRate_val_9300,Date_val_9300
9301,Matrix Precision Engineering,VoucherNo_val_9301,Amount_val_9301,TaxRate_val_9301,Date_val_9301
9302,Matrix Precision Engineering,VoucherNo_val_9302,Amount_val_9302,TaxRate_val_9302,Date_val_9302
9303,Matrix Precision Engineering,VoucherNo_val_9303,Amount_val_9303,TaxRate_val_9303,Date_val_9303
9304,Matrix Precision Engineering,VoucherNo_val_9304,Amount_val_9304,TaxRate_val_9304,Date_val_9304
9305,Matrix Precision Engineering,VoucherNo_val_9305,Amount_val_9305,TaxRate_val_9305,Date_val_9305
9306,Matrix Precision Engineering,VoucherNo_val_9306,Amount_val_9306,TaxRate_val_9306,Date_val_9306
9307,Matrix Precision Engineering,VoucherNo_val_9307,Amount_val_9307,TaxRate_val_9307,Date_val_9307
9308,Matrix Precision Engineering,VoucherNo_val_9308,Amount_val_9308,TaxRate_val_9308,Date_val_9308
9309,Matrix Precision Engineering,VoucherNo_val_9309,Amount_val_9309,TaxRate_val_9309,Date_val_9309
9310,Matrix Precision Engineering,VoucherNo_val_9310,Amount_val_9310,TaxRate_val_9310,Date_val_9310
9311,Matrix Precision Engineering,VoucherNo_val_9311,Amount_val_9311,TaxRate_val_9311,Date_val_9311
9312,Matrix Precision Engineering,VoucherNo_val_9312,Amount_val_9312,TaxRate_val_9312,Date_val_9312
9313,Matrix Precision Engineering,VoucherNo_val_9313,Amount_val_9313,TaxRate_val_9313,Date_val_9313
9314,Matrix Precision Engineering,VoucherNo_val_9314,Amount_val_9314,TaxRate_val_9314,Date_val_9314
9315,Matrix Precision Engineering,VoucherNo_val_9315,Amount_val_9315,TaxRate_val_9315,Date_val_9315
9316,Matrix Precision Engineering,VoucherNo_val_9316,Amount_val_9316,TaxRate_val_9316,Date_val_9316
9317,Matrix Precision Engineering,VoucherNo_val_9317,Amount_val_9317,TaxRate_val_9317,Date_val_9317
9318,Matrix Precision Engineering,VoucherNo_val_9318,Amount_val_9318,TaxRate_val_9318,Date_val_9318
9319,Matrix Precision Engineering,VoucherNo_val_9319,Amount_val_9319,TaxRate_val_9319,Date_val_9319
9320,Matrix Precision Engineering,VoucherNo_val_9320,Amount_val_9320,TaxRate_val_9320,Date_val_9320
9321,Matrix Precision Engineering,VoucherNo_val_9321,Amount_val_9321,TaxRate_val_9321,Date_val_9321
9322,Matrix Precision Engineering,VoucherNo_val_9322,Amount_val_9322,TaxRate_val_9322,Date_val_9322
9323,Matrix Precision Engineering,VoucherNo_val_9323,Amount_val_9323,TaxRate_val_9323,Date_val_9323
9324,Matrix Precision Engineering,VoucherNo_val_9324,Amount_val_9324,TaxRate_val_9324,Date_val_9324
9325,Matrix Precision Engineering,VoucherNo_val_9325,Amount_val_9325,TaxRate_val_9325,Date_val_9325
9326,Matrix Precision Engineering,VoucherNo_val_9326,Amount_val_9326,TaxRate_val_9326,Date_val_9326
9327,Matrix Precision Engineering,VoucherNo_val_9327,Amount_val_9327,TaxRate_val_9327,Date_val_9327
9328,Matrix Precision Engineering,VoucherNo_val_9328,Amount_val_9328,TaxRate_val_9328,Date_val_9328
9329,Matrix Precision Engineering,VoucherNo_val_9329,Amount_val_9329,TaxRate_val_9329,Date_val_9329
9330,Matrix Precision Engineering,VoucherNo_val_9330,Amount_val_9330,TaxRate_val_9330,Date_val_9330
9331,Matrix Precision Engineering,VoucherNo_val_9331,Amount_val_9331,TaxRate_val_9331,Date_val_9331
9332,Matrix Precision Engineering,VoucherNo_val_9332,Amount_val_9332,TaxRate_val_9332,Date_val_9332
9333,Matrix Precision Engineering,VoucherNo_val_9333,Amount_val_9333,TaxRate_val_9333,Date_val_9333
9334,Matrix Precision Engineering,VoucherNo_val_9334,Amount_val_9334,TaxRate_val_9334,Date_val_9334
9335,Matrix Precision Engineering,VoucherNo_val_9335,Amount_val_9335,TaxRate_val_9335,Date_val_9335
9336,Matrix Precision Engineering,VoucherNo_val_9336,Amount_val_9336,TaxRate_val_9336,Date_val_9336
9337,Matrix Precision Engineering,VoucherNo_val_9337,Amount_val_9337,TaxRate_val_9337,Date_val_9337
9338,Matrix Precision Engineering,VoucherNo_val_9338,Amount_val_9338,TaxRate_val_9338,Date_val_9338
9339,Matrix Precision Engineering,VoucherNo_val_9339,Amount_val_9339,TaxRate_val_9339,Date_val_9339
9340,Matrix Precision Engineering,VoucherNo_val_9340,Amount_val_9340,TaxRate_val_9340,Date_val_9340
9341,Matrix Precision Engineering,VoucherNo_val_9341,Amount_val_9341,TaxRate_val_9341,Date_val_9341
9342,Matrix Precision Engineering,VoucherNo_val_9342,Amount_val_9342,TaxRate_val_9342,Date_val_9342
9343,Matrix Precision Engineering,VoucherNo_val_9343,Amount_val_9343,TaxRate_val_9343,Date_val_9343
9344,Matrix Precision Engineering,VoucherNo_val_9344,Amount_val_9344,TaxRate_val_9344,Date_val_9344
9345,Matrix Precision Engineering,VoucherNo_val_9345,Amount_val_9345,TaxRate_val_9345,Date_val_9345
9346,Matrix Precision Engineering,VoucherNo_val_9346,Amount_val_9346,TaxRate_val_9346,Date_val_9346
9347,Matrix Precision Engineering,VoucherNo_val_9347,Amount_val_9347,TaxRate_val_9347,Date_val_9347
9348,Matrix Precision Engineering,VoucherNo_val_9348,Amount_val_9348,TaxRate_val_9348,Date_val_9348
9349,Matrix Precision Engineering,VoucherNo_val_9349,Amount_val_9349,TaxRate_val_9349,Date_val_9349
9350,Matrix Precision Engineering,VoucherNo_val_9350,Amount_val_9350,TaxRate_val_9350,Date_val_9350
9351,Matrix Precision Engineering,VoucherNo_val_9351,Amount_val_9351,TaxRate_val_9351,Date_val_9351
9352,Matrix Precision Engineering,VoucherNo_val_9352,Amount_val_9352,TaxRate_val_9352,Date_val_9352
9353,Matrix Precision Engineering,VoucherNo_val_9353,Amount_val_9353,TaxRate_val_9353,Date_val_9353
9354,Matrix Precision Engineering,VoucherNo_val_9354,Amount_val_9354,TaxRate_val_9354,Date_val_9354
9355,Matrix Precision Engineering,VoucherNo_val_9355,Amount_val_9355,TaxRate_val_9355,Date_val_9355
9356,Matrix Precision Engineering,VoucherNo_val_9356,Amount_val_9356,TaxRate_val_9356,Date_val_9356
9357,Matrix Precision Engineering,VoucherNo_val_9357,Amount_val_9357,TaxRate_val_9357,Date_val_9357
9358,Matrix Precision Engineering,VoucherNo_val_9358,Amount_val_9358,TaxRate_val_9358,Date_val_9358
9359,Matrix Precision Engineering,VoucherNo_val_9359,Amount_val_9359,TaxRate_val_9359,Date_val_9359
9360,Matrix Precision Engineering,VoucherNo_val_9360,Amount_val_9360,TaxRate_val_9360,Date_val_9360
9361,Matrix Precision Engineering,VoucherNo_val_9361,Amount_val_9361,TaxRate_val_9361,Date_val_9361
9362,Matrix Precision Engineering,VoucherNo_val_9362,Amount_val_9362,TaxRate_val_9362,Date_val_9362
9363,Matrix Precision Engineering,VoucherNo_val_9363,Amount_val_9363,TaxRate_val_9363,Date_val_9363
9364,Matrix Precision Engineering,VoucherNo_val_9364,Amount_val_9364,TaxRate_val_9364,Date_val_9364
9365,Matrix Precision Engineering,VoucherNo_val_9365,Amount_val_9365,TaxRate_val_9365,Date_val_9365
9366,Matrix Precision Engineering,VoucherNo_val_9366,Amount_val_9366,TaxRate_val_9366,Date_val_9366
9367,Matrix Precision Engineering,VoucherNo_val_9367,Amount_val_9367,TaxRate_val_9367,Date_val_9367
9368,Matrix Precision Engineering,VoucherNo_val_9368,Amount_val_9368,TaxRate_val_9368,Date_val_9368
9369,Matrix Precision Engineering,VoucherNo_val_9369,Amount_val_9369,TaxRate_val_9369,Date_val_9369
9370,Matrix Precision Engineering,VoucherNo_val_9370,Amount_val_9370,TaxRate_val_9370,Date_val_9370
9371,Matrix Precision Engineering,VoucherNo_val_9371,Amount_val_9371,TaxRate_val_9371,Date_val_9371
9372,Matrix Precision Engineering,VoucherNo_val_9372,Amount_val_9372,TaxRate_val_9372,Date_val_9372
9373,Matrix Precision Engineering,VoucherNo_val_9373,Amount_val_9373,TaxRate_val_9373,Date_val_9373
9374,Matrix Precision Engineering,VoucherNo_val_9374,Amount_val_9374,TaxRate_val_9374,Date_val_9374
9375,Matrix Precision Engineering,VoucherNo_val_9375,Amount_val_9375,TaxRate_val_9375,Date_val_9375
9376,Matrix Precision Engineering,VoucherNo_val_9376,Amount_val_9376,TaxRate_val_9376,Date_val_9376
9377,Matrix Precision Engineering,VoucherNo_val_9377,Amount_val_9377,TaxRate_val_9377,Date_val_9377
9378,Matrix Precision Engineering,VoucherNo_val_9378,Amount_val_9378,TaxRate_val_9378,Date_val_9378
9379,Matrix Precision Engineering,VoucherNo_val_9379,Amount_val_9379,TaxRate_val_9379,Date_val_9379
9380,Matrix Precision Engineering,VoucherNo_val_9380,Amount_val_9380,TaxRate_val_9380,Date_val_9380
9381,Matrix Precision Engineering,VoucherNo_val_9381,Amount_val_9381,TaxRate_val_9381,Date_val_9381
9382,Matrix Precision Engineering,VoucherNo_val_9382,Amount_val_9382,TaxRate_val_9382,Date_val_9382
9383,Matrix Precision Engineering,VoucherNo_val_9383,Amount_val_9383,TaxRate_val_9383,Date_val_9383
9384,Matrix Precision Engineering,VoucherNo_val_9384,Amount_val_9384,TaxRate_val_9384,Date_val_9384
9385,Matrix Precision Engineering,VoucherNo_val_9385,Amount_val_9385,TaxRate_val_9385,Date_val_9385
9386,Matrix Precision Engineering,VoucherNo_val_9386,Amount_val_9386,TaxRate_val_9386,Date_val_9386
9387,Matrix Precision Engineering,VoucherNo_val_9387,Amount_val_9387,TaxRate_val_9387,Date_val_9387
9388,Matrix Precision Engineering,VoucherNo_val_9388,Amount_val_9388,TaxRate_val_9388,Date_val_9388
9389,Matrix Precision Engineering,VoucherNo_val_9389,Amount_val_9389,TaxRate_val_9389,Date_val_9389
9390,Matrix Precision Engineering,VoucherNo_val_9390,Amount_val_9390,TaxRate_val_9390,Date_val_9390
9391,Matrix Precision Engineering,VoucherNo_val_9391,Amount_val_9391,TaxRate_val_9391,Date_val_9391
9392,Matrix Precision Engineering,VoucherNo_val_9392,Amount_val_9392,TaxRate_val_9392,Date_val_9392
9393,Matrix Precision Engineering,VoucherNo_val_9393,Amount_val_9393,TaxRate_val_9393,Date_val_9393
9394,Matrix Precision Engineering,VoucherNo_val_9394,Amount_val_9394,TaxRate_val_9394,Date_val_9394
9395,Matrix Precision Engineering,VoucherNo_val_9395,Amount_val_9395,TaxRate_val_9395,Date_val_9395
9396,Matrix Precision Engineering,VoucherNo_val_9396,Amount_val_9396,TaxRate_val_9396,Date_val_9396
9397,Matrix Precision Engineering,VoucherNo_val_9397,Amount_val_9397,TaxRate_val_9397,Date_val_9397
9398,Matrix Precision Engineering,VoucherNo_val_9398,Amount_val_9398,TaxRate_val_9398,Date_val_9398
9399,Matrix Precision Engineering,VoucherNo_val_9399,Amount_val_9399,TaxRate_val_9399,Date_val_9399
9400,Matrix Precision Engineering,VoucherNo_val_9400,Amount_val_9400,TaxRate_val_9400,Date_val_9400
9401,Matrix Precision Engineering,VoucherNo_val_9401,Amount_val_9401,TaxRate_val_9401,Date_val_9401
9402,Matrix Precision Engineering,VoucherNo_val_9402,Amount_val_9402,TaxRate_val_9402,Date_val_9402
9403,Matrix Precision Engineering,VoucherNo_val_9403,Amount_val_9403,TaxRate_val_9403,Date_val_9403
9404,Matrix Precision Engineering,VoucherNo_val_9404,Amount_val_9404,TaxRate_val_9404,Date_val_9404
9405,Matrix Precision Engineering,VoucherNo_val_9405,Amount_val_9405,TaxRate_val_9405,Date_val_9405
9406,Matrix Precision Engineering,VoucherNo_val_9406,Amount_val_9406,TaxRate_val_9406,Date_val_9406
9407,Matrix Precision Engineering,VoucherNo_val_9407,Amount_val_9407,TaxRate_val_9407,Date_val_9407
9408,Matrix Precision Engineering,VoucherNo_val_9408,Amount_val_9408,TaxRate_val_9408,Date_val_9408
9409,Matrix Precision Engineering,VoucherNo_val_9409,Amount_val_9409,TaxRate_val_9409,Date_val_9409
9410,Matrix Precision Engineering,VoucherNo_val_9410,Amount_val_9410,TaxRate_val_9410,Date_val_9410
9411,Matrix Precision Engineering,VoucherNo_val_9411,Amount_val_9411,TaxRate_val_9411,Date_val_9411
9412,Matrix Precision Engineering,VoucherNo_val_9412,Amount_val_9412,TaxRate_val_9412,Date_val_9412
9413,Matrix Precision Engineering,VoucherNo_val_9413,Amount_val_9413,TaxRate_val_9413,Date_val_9413
9414,Matrix Precision Engineering,VoucherNo_val_9414,Amount_val_9414,TaxRate_val_9414,Date_val_9414
9415,Matrix Precision Engineering,VoucherNo_val_9415,Amount_val_9415,TaxRate_val_9415,Date_val_9415
9416,Matrix Precision Engineering,VoucherNo_val_9416,Amount_val_9416,TaxRate_val_9416,Date_val_9416
9417,Matrix Precision Engineering,VoucherNo_val_9417,Amount_val_9417,TaxRate_val_9417,Date_val_9417
9418,Matrix Precision Engineering,VoucherNo_val_9418,Amount_val_9418,TaxRate_val_9418,Date_val_9418
9419,Matrix Precision Engineering,VoucherNo_val_9419,Amount_val_9419,TaxRate_val_9419,Date_val_9419
9420,Matrix Precision Engineering,VoucherNo_val_9420,Amount_val_9420,TaxRate_val_9420,Date_val_9420
9421,Matrix Precision Engineering,VoucherNo_val_9421,Amount_val_9421,TaxRate_val_9421,Date_val_9421
9422,Matrix Precision Engineering,VoucherNo_val_9422,Amount_val_9422,TaxRate_val_9422,Date_val_9422
9423,Matrix Precision Engineering,VoucherNo_val_9423,Amount_val_9423,TaxRate_val_9423,Date_val_9423
9424,Matrix Precision Engineering,VoucherNo_val_9424,Amount_val_9424,TaxRate_val_9424,Date_val_9424
9425,Matrix Precision Engineering,VoucherNo_val_9425,Amount_val_9425,TaxRate_val_9425,Date_val_9425
9426,Matrix Precision Engineering,VoucherNo_val_9426,Amount_val_9426,TaxRate_val_9426,Date_val_9426
9427,Matrix Precision Engineering,VoucherNo_val_9427,Amount_val_9427,TaxRate_val_9427,Date_val_9427
9428,Matrix Precision Engineering,VoucherNo_val_9428,Amount_val_9428,TaxRate_val_9428,Date_val_9428
9429,Matrix Precision Engineering,VoucherNo_val_9429,Amount_val_9429,TaxRate_val_9429,Date_val_9429
9430,Matrix Precision Engineering,VoucherNo_val_9430,Amount_val_9430,TaxRate_val_9430,Date_val_9430
9431,Matrix Precision Engineering,VoucherNo_val_9431,Amount_val_9431,TaxRate_val_9431,Date_val_9431
9432,Matrix Precision Engineering,VoucherNo_val_9432,Amount_val_9432,TaxRate_val_9432,Date_val_9432
9433,Matrix Precision Engineering,VoucherNo_val_9433,Amount_val_9433,TaxRate_val_9433,Date_val_9433
9434,Matrix Precision Engineering,VoucherNo_val_9434,Amount_val_9434,TaxRate_val_9434,Date_val_9434
9435,Matrix Precision Engineering,VoucherNo_val_9435,Amount_val_9435,TaxRate_val_9435,Date_val_9435
9436,Matrix Precision Engineering,VoucherNo_val_9436,Amount_val_9436,TaxRate_val_9436,Date_val_9436
9437,Matrix Precision Engineering,VoucherNo_val_9437,Amount_val_9437,TaxRate_val_9437,Date_val_9437
9438,Matrix Precision Engineering,VoucherNo_val_9438,Amount_val_9438,TaxRate_val_9438,Date_val_9438
9439,Matrix Precision Engineering,VoucherNo_val_9439,Amount_val_9439,TaxRate_val_9439,Date_val_9439
9440,Matrix Precision Engineering,VoucherNo_val_9440,Amount_val_9440,TaxRate_val_9440,Date_val_9440
9441,Matrix Precision Engineering,VoucherNo_val_9441,Amount_val_9441,TaxRate_val_9441,Date_val_9441
9442,Matrix Precision Engineering,VoucherNo_val_9442,Amount_val_9442,TaxRate_val_9442,Date_val_9442
9443,Matrix Precision Engineering,VoucherNo_val_9443,Amount_val_9443,TaxRate_val_9443,Date_val_9443
9444,Matrix Precision Engineering,VoucherNo_val_9444,Amount_val_9444,TaxRate_val_9444,Date_val_9444
9445,Matrix Precision Engineering,VoucherNo_val_9445,Amount_val_9445,TaxRate_val_9445,Date_val_9445
9446,Matrix Precision Engineering,VoucherNo_val_9446,Amount_val_9446,TaxRate_val_9446,Date_val_9446
9447,Matrix Precision Engineering,VoucherNo_val_9447,Amount_val_9447,TaxRate_val_9447,Date_val_9447
9448,Matrix Precision Engineering,VoucherNo_val_9448,Amount_val_9448,TaxRate_val_9448,Date_val_9448
9449,Matrix Precision Engineering,VoucherNo_val_9449,Amount_val_9449,TaxRate_val_9449,Date_val_9449
9450,Matrix Precision Engineering,VoucherNo_val_9450,Amount_val_9450,TaxRate_val_9450,Date_val_9450
9451,Matrix Precision Engineering,VoucherNo_val_9451,Amount_val_9451,TaxRate_val_9451,Date_val_9451
9452,Matrix Precision Engineering,VoucherNo_val_9452,Amount_val_9452,TaxRate_val_9452,Date_val_9452
9453,Matrix Precision Engineering,VoucherNo_val_9453,Amount_val_9453,TaxRate_val_9453,Date_val_9453
9454,Matrix Precision Engineering,VoucherNo_val_9454,Amount_val_9454,TaxRate_val_9454,Date_val_9454
9455,Matrix Precision Engineering,VoucherNo_val_9455,Amount_val_9455,TaxRate_val_9455,Date_val_9455
9456,Matrix Precision Engineering,VoucherNo_val_9456,Amount_val_9456,TaxRate_val_9456,Date_val_9456
9457,Matrix Precision Engineering,VoucherNo_val_9457,Amount_val_9457,TaxRate_val_9457,Date_val_9457
9458,Matrix Precision Engineering,VoucherNo_val_9458,Amount_val_9458,TaxRate_val_9458,Date_val_9458
9459,Matrix Precision Engineering,VoucherNo_val_9459,Amount_val_9459,TaxRate_val_9459,Date_val_9459
9460,Matrix Precision Engineering,VoucherNo_val_9460,Amount_val_9460,TaxRate_val_9460,Date_val_9460
9461,Matrix Precision Engineering,VoucherNo_val_9461,Amount_val_9461,TaxRate_val_9461,Date_val_9461
9462,Matrix Precision Engineering,VoucherNo_val_9462,Amount_val_9462,TaxRate_val_9462,Date_val_9462
9463,Matrix Precision Engineering,VoucherNo_val_9463,Amount_val_9463,TaxRate_val_9463,Date_val_9463
9464,Matrix Precision Engineering,VoucherNo_val_9464,Amount_val_9464,TaxRate_val_9464,Date_val_9464
9465,Matrix Precision Engineering,VoucherNo_val_9465,Amount_val_9465,TaxRate_val_9465,Date_val_9465
9466,Matrix Precision Engineering,VoucherNo_val_9466,Amount_val_9466,TaxRate_val_9466,Date_val_9466
9467,Matrix Precision Engineering,VoucherNo_val_9467,Amount_val_9467,TaxRate_val_9467,Date_val_9467
9468,Matrix Precision Engineering,VoucherNo_val_9468,Amount_val_9468,TaxRate_val_9468,Date_val_9468
9469,Matrix Precision Engineering,VoucherNo_val_9469,Amount_val_9469,TaxRate_val_9469,Date_val_9469
9470,Matrix Precision Engineering,VoucherNo_val_9470,Amount_val_9470,TaxRate_val_9470,Date_val_9470
9471,Matrix Precision Engineering,VoucherNo_val_9471,Amount_val_9471,TaxRate_val_9471,Date_val_9471
9472,Matrix Precision Engineering,VoucherNo_val_9472,Amount_val_9472,TaxRate_val_9472,Date_val_9472
9473,Matrix Precision Engineering,VoucherNo_val_9473,Amount_val_9473,TaxRate_val_9473,Date_val_9473
9474,Matrix Precision Engineering,VoucherNo_val_9474,Amount_val_9474,TaxRate_val_9474,Date_val_9474
9475,Matrix Precision Engineering,VoucherNo_val_9475,Amount_val_9475,TaxRate_val_9475,Date_val_9475
9476,Matrix Precision Engineering,VoucherNo_val_9476,Amount_val_9476,TaxRate_val_9476,Date_val_9476
9477,Matrix Precision Engineering,VoucherNo_val_9477,Amount_val_9477,TaxRate_val_9477,Date_val_9477
9478,Matrix Precision Engineering,VoucherNo_val_9478,Amount_val_9478,TaxRate_val_9478,Date_val_9478
9479,Matrix Precision Engineering,VoucherNo_val_9479,Amount_val_9479,TaxRate_val_9479,Date_val_9479
9480,Matrix Precision Engineering,VoucherNo_val_9480,Amount_val_9480,TaxRate_val_9480,Date_val_9480
9481,Matrix Precision Engineering,VoucherNo_val_9481,Amount_val_9481,TaxRate_val_9481,Date_val_9481
9482,Matrix Precision Engineering,VoucherNo_val_9482,Amount_val_9482,TaxRate_val_9482,Date_val_9482
9483,Matrix Precision Engineering,VoucherNo_val_9483,Amount_val_9483,TaxRate_val_9483,Date_val_9483
9484,Matrix Precision Engineering,VoucherNo_val_9484,Amount_val_9484,TaxRate_val_9484,Date_val_9484
9485,Matrix Precision Engineering,VoucherNo_val_9485,Amount_val_9485,TaxRate_val_9485,Date_val_9485
9486,Matrix Precision Engineering,VoucherNo_val_9486,Amount_val_9486,TaxRate_val_9486,Date_val_9486
9487,Matrix Precision Engineering,VoucherNo_val_9487,Amount_val_9487,TaxRate_val_9487,Date_val_9487
9488,Matrix Precision Engineering,VoucherNo_val_9488,Amount_val_9488,TaxRate_val_9488,Date_val_9488
9489,Matrix Precision Engineering,VoucherNo_val_9489,Amount_val_9489,TaxRate_val_9489,Date_val_9489
9490,Matrix Precision Engineering,VoucherNo_val_9490,Amount_val_9490,TaxRate_val_9490,Date_val_9490
9491,Matrix Precision Engineering,VoucherNo_val_9491,Amount_val_9491,TaxRate_val_9491,Date_val_9491
9492,Matrix Precision Engineering,VoucherNo_val_9492,Amount_val_9492,TaxRate_val_9492,Date_val_9492
9493,Matrix Precision Engineering,VoucherNo_val_9493,Amount_val_9493,TaxRate_val_9493,Date_val_9493
9494,Matrix Precision Engineering,VoucherNo_val_9494,Amount_val_9494,TaxRate_val_9494,Date_val_9494
9495,Matrix Precision Engineering,VoucherNo_val_9495,Amount_val_9495,TaxRate_val_9495,Date_val_9495
9496,Matrix Precision Engineering,VoucherNo_val_9496,Amount_val_9496,TaxRate_val_9496,Date_val_9496
9497,Matrix Precision Engineering,VoucherNo_val_9497,Amount_val_9497,TaxRate_val_9497,Date_val_9497
9498,Matrix Precision Engineering,VoucherNo_val_9498,Amount_val_9498,TaxRate_val_9498,Date_val_9498
9499,Matrix Precision Engineering,VoucherNo_val_9499,Amount_val_9499,TaxRate_val_9499,Date_val_9499
9500,Matrix Precision Engineering,VoucherNo_val_9500,Amount_val_9500,TaxRate_val_9500,Date_val_9500
9501,Matrix Precision Engineering,VoucherNo_val_9501,Amount_val_9501,TaxRate_val_9501,Date_val_9501
9502,Matrix Precision Engineering,VoucherNo_val_9502,Amount_val_9502,TaxRate_val_9502,Date_val_9502
9503,Matrix Precision Engineering,VoucherNo_val_9503,Amount_val_9503,TaxRate_val_9503,Date_val_9503
9504,Matrix Precision Engineering,VoucherNo_val_9504,Amount_val_9504,TaxRate_val_9504,Date_val_9504
9505,Matrix Precision Engineering,VoucherNo_val_9505,Amount_val_9505,TaxRate_val_9505,Date_val_9505
9506,Matrix Precision Engineering,VoucherNo_val_9506,Amount_val_9506,TaxRate_val_9506,Date_val_9506
9507,Matrix Precision Engineering,VoucherNo_val_9507,Amount_val_9507,TaxRate_val_9507,Date_val_9507
9508,Matrix Precision Engineering,VoucherNo_val_9508,Amount_val_9508,TaxRate_val_9508,Date_val_9508
9509,Matrix Precision Engineering,VoucherNo_val_9509,Amount_val_9509,TaxRate_val_9509,Date_val_9509
9510,Matrix Precision Engineering,VoucherNo_val_9510,Amount_val_9510,TaxRate_val_9510,Date_val_9510
9511,Matrix Precision Engineering,VoucherNo_val_9511,Amount_val_9511,TaxRate_val_9511,Date_val_9511
9512,Matrix Precision Engineering,VoucherNo_val_9512,Amount_val_9512,TaxRate_val_9512,Date_val_9512
9513,Matrix Precision Engineering,VoucherNo_val_9513,Amount_val_9513,TaxRate_val_9513,Date_val_9513
9514,Matrix Precision Engineering,VoucherNo_val_9514,Amount_val_9514,TaxRate_val_9514,Date_val_9514
9515,Matrix Precision Engineering,VoucherNo_val_9515,Amount_val_9515,TaxRate_val_9515,Date_val_9515
9516,Matrix Precision Engineering,VoucherNo_val_9516,Amount_val_9516,TaxRate_val_9516,Date_val_9516
9517,Matrix Precision Engineering,VoucherNo_val_9517,Amount_val_9517,TaxRate_val_9517,Date_val_9517
9518,Matrix Precision Engineering,VoucherNo_val_9518,Amount_val_9518,TaxRate_val_9518,Date_val_9518
9519,Matrix Precision Engineering,VoucherNo_val_9519,Amount_val_9519,TaxRate_val_9519,Date_val_9519
9520,Matrix Precision Engineering,VoucherNo_val_9520,Amount_val_9520,TaxRate_val_9520,Date_val_9520
9521,Matrix Precision Engineering,VoucherNo_val_9521,Amount_val_9521,TaxRate_val_9521,Date_val_9521
9522,Matrix Precision Engineering,VoucherNo_val_9522,Amount_val_9522,TaxRate_val_9522,Date_val_9522
9523,Matrix Precision Engineering,VoucherNo_val_9523,Amount_val_9523,TaxRate_val_9523,Date_val_9523
9524,Matrix Precision Engineering,VoucherNo_val_9524,Amount_val_9524,TaxRate_val_9524,Date_val_9524
9525,Matrix Precision Engineering,VoucherNo_val_9525,Amount_val_9525,TaxRate_val_9525,Date_val_9525
9526,Matrix Precision Engineering,VoucherNo_val_9526,Amount_val_9526,TaxRate_val_9526,Date_val_9526
9527,Matrix Precision Engineering,VoucherNo_val_9527,Amount_val_9527,TaxRate_val_9527,Date_val_9527
9528,Matrix Precision Engineering,VoucherNo_val_9528,Amount_val_9528,TaxRate_val_9528,Date_val_9528
9529,Matrix Precision Engineering,VoucherNo_val_9529,Amount_val_9529,TaxRate_val_9529,Date_val_9529
9530,Matrix Precision Engineering,VoucherNo_val_9530,Amount_val_9530,TaxRate_val_9530,Date_val_9530
9531,Matrix Precision Engineering,VoucherNo_val_9531,Amount_val_9531,TaxRate_val_9531,Date_val_9531
9532,Matrix Precision Engineering,VoucherNo_val_9532,Amount_val_9532,TaxRate_val_9532,Date_val_9532
9533,Matrix Precision Engineering,VoucherNo_val_9533,Amount_val_9533,TaxRate_val_9533,Date_val_9533
9534,Matrix Precision Engineering,VoucherNo_val_9534,Amount_val_9534,TaxRate_val_9534,Date_val_9534
9535,Matrix Precision Engineering,VoucherNo_val_9535,Amount_val_9535,TaxRate_val_9535,Date_val_9535
9536,Matrix Precision Engineering,VoucherNo_val_9536,Amount_val_9536,TaxRate_val_9536,Date_val_9536
9537,Matrix Precision Engineering,VoucherNo_val_9537,Amount_val_9537,TaxRate_val_9537,Date_val_9537
9538,Matrix Precision Engineering,VoucherNo_val_9538,Amount_val_9538,TaxRate_val_9538,Date_val_9538
9539,Matrix Precision Engineering,VoucherNo_val_9539,Amount_val_9539,TaxRate_val_9539,Date_val_9539
9540,Matrix Precision Engineering,VoucherNo_val_9540,Amount_val_9540,TaxRate_val_9540,Date_val_9540
9541,Matrix Precision Engineering,VoucherNo_val_9541,Amount_val_9541,TaxRate_val_9541,Date_val_9541
9542,Matrix Precision Engineering,VoucherNo_val_9542,Amount_val_9542,TaxRate_val_9542,Date_val_9542
9543,Matrix Precision Engineering,VoucherNo_val_9543,Amount_val_9543,TaxRate_val_9543,Date_val_9543
9544,Matrix Precision Engineering,VoucherNo_val_9544,Amount_val_9544,TaxRate_val_9544,Date_val_9544
9545,Matrix Precision Engineering,VoucherNo_val_9545,Amount_val_9545,TaxRate_val_9545,Date_val_9545
9546,Matrix Precision Engineering,VoucherNo_val_9546,Amount_val_9546,TaxRate_val_9546,Date_val_9546
9547,Matrix Precision Engineering,VoucherNo_val_9547,Amount_val_9547,TaxRate_val_9547,Date_val_9547
9548,Matrix Precision Engineering,VoucherNo_val_9548,Amount_val_9548,TaxRate_val_9548,Date_val_9548
9549,Matrix Precision Engineering,VoucherNo_val_9549,Amount_val_9549,TaxRate_val_9549,Date_val_9549
9550,Matrix Precision Engineering,VoucherNo_val_9550,Amount_val_9550,TaxRate_val_9550,Date_val_9550
9551,Matrix Precision Engineering,VoucherNo_val_9551,Amount_val_9551,TaxRate_val_9551,Date_val_9551
9552,Matrix Precision Engineering,VoucherNo_val_9552,Amount_val_9552,TaxRate_val_9552,Date_val_9552
9553,Matrix Precision Engineering,VoucherNo_val_9553,Amount_val_9553,TaxRate_val_9553,Date_val_9553
9554,Matrix Precision Engineering,VoucherNo_val_9554,Amount_val_9554,TaxRate_val_9554,Date_val_9554
9555,Matrix Precision Engineering,VoucherNo_val_9555,Amount_val_9555,TaxRate_val_9555,Date_val_9555
9556,Matrix Precision Engineering,VoucherNo_val_9556,Amount_val_9556,TaxRate_val_9556,Date_val_9556
9557,Matrix Precision Engineering,VoucherNo_val_9557,Amount_val_9557,TaxRate_val_9557,Date_val_9557
9558,Matrix Precision Engineering,VoucherNo_val_9558,Amount_val_9558,TaxRate_val_9558,Date_val_9558
9559,Matrix Precision Engineering,VoucherNo_val_9559,Amount_val_9559,TaxRate_val_9559,Date_val_9559
9560,Matrix Precision Engineering,VoucherNo_val_9560,Amount_val_9560,TaxRate_val_9560,Date_val_9560
9561,Matrix Precision Engineering,VoucherNo_val_9561,Amount_val_9561,TaxRate_val_9561,Date_val_9561
9562,Matrix Precision Engineering,VoucherNo_val_9562,Amount_val_9562,TaxRate_val_9562,Date_val_9562
9563,Matrix Precision Engineering,VoucherNo_val_9563,Amount_val_9563,TaxRate_val_9563,Date_val_9563
9564,Matrix Precision Engineering,VoucherNo_val_9564,Amount_val_9564,TaxRate_val_9564,Date_val_9564
9565,Matrix Precision Engineering,VoucherNo_val_9565,Amount_val_9565,TaxRate_val_9565,Date_val_9565
9566,Matrix Precision Engineering,VoucherNo_val_9566,Amount_val_9566,TaxRate_val_9566,Date_val_9566
9567,Matrix Precision Engineering,VoucherNo_val_9567,Amount_val_9567,TaxRate_val_9567,Date_val_9567
9568,Matrix Precision Engineering,VoucherNo_val_9568,Amount_val_9568,TaxRate_val_9568,Date_val_9568
9569,Matrix Precision Engineering,VoucherNo_val_9569,Amount_val_9569,TaxRate_val_9569,Date_val_9569
9570,Matrix Precision Engineering,VoucherNo_val_9570,Amount_val_9570,TaxRate_val_9570,Date_val_9570
9571,Matrix Precision Engineering,VoucherNo_val_9571,Amount_val_9571,TaxRate_val_9571,Date_val_9571
9572,Matrix Precision Engineering,VoucherNo_val_9572,Amount_val_9572,TaxRate_val_9572,Date_val_9572
9573,Matrix Precision Engineering,VoucherNo_val_9573,Amount_val_9573,TaxRate_val_9573,Date_val_9573
9574,Matrix Precision Engineering,VoucherNo_val_9574,Amount_val_9574,TaxRate_val_9574,Date_val_9574
9575,Matrix Precision Engineering,VoucherNo_val_9575,Amount_val_9575,TaxRate_val_9575,Date_val_9575
9576,Matrix Precision Engineering,VoucherNo_val_9576,Amount_val_9576,TaxRate_val_9576,Date_val_9576
9577,Matrix Precision Engineering,VoucherNo_val_9577,Amount_val_9577,TaxRate_val_9577,Date_val_9577
9578,Matrix Precision Engineering,VoucherNo_val_9578,Amount_val_9578,TaxRate_val_9578,Date_val_9578
9579,Matrix Precision Engineering,VoucherNo_val_9579,Amount_val_9579,TaxRate_val_9579,Date_val_9579
9580,Matrix Precision Engineering,VoucherNo_val_9580,Amount_val_9580,TaxRate_val_9580,Date_val_9580
9581,Matrix Precision Engineering,VoucherNo_val_9581,Amount_val_9581,TaxRate_val_9581,Date_val_9581
9582,Matrix Precision Engineering,VoucherNo_val_9582,Amount_val_9582,TaxRate_val_9582,Date_val_9582
9583,Matrix Precision Engineering,VoucherNo_val_9583,Amount_val_9583,TaxRate_val_9583,Date_val_9583
9584,Matrix Precision Engineering,VoucherNo_val_9584,Amount_val_9584,TaxRate_val_9584,Date_val_9584
9585,Matrix Precision Engineering,VoucherNo_val_9585,Amount_val_9585,TaxRate_val_9585,Date_val_9585
9586,Matrix Precision Engineering,VoucherNo_val_9586,Amount_val_9586,TaxRate_val_9586,Date_val_9586
9587,Matrix Precision Engineering,VoucherNo_val_9587,Amount_val_9587,TaxRate_val_9587,Date_val_9587
9588,Matrix Precision Engineering,VoucherNo_val_9588,Amount_val_9588,TaxRate_val_9588,Date_val_9588
9589,Matrix Precision Engineering,VoucherNo_val_9589,Amount_val_9589,TaxRate_val_9589,Date_val_9589
9590,Matrix Precision Engineering,VoucherNo_val_9590,Amount_val_9590,TaxRate_val_9590,Date_val_9590
9591,Matrix Precision Engineering,VoucherNo_val_9591,Amount_val_9591,TaxRate_val_9591,Date_val_9591
9592,Matrix Precision Engineering,VoucherNo_val_9592,Amount_val_9592,TaxRate_val_9592,Date_val_9592
9593,Matrix Precision Engineering,VoucherNo_val_9593,Amount_val_9593,TaxRate_val_9593,Date_val_9593
9594,Matrix Precision Engineering,VoucherNo_val_9594,Amount_val_9594,TaxRate_val_9594,Date_val_9594
9595,Matrix Precision Engineering,VoucherNo_val_9595,Amount_val_9595,TaxRate_val_9595,Date_val_9595
9596,Matrix Precision Engineering,VoucherNo_val_9596,Amount_val_9596,TaxRate_val_9596,Date_val_9596
9597,Matrix Precision Engineering,VoucherNo_val_9597,Amount_val_9597,TaxRate_val_9597,Date_val_9597
9598,Matrix Precision Engineering,VoucherNo_val_9598,Amount_val_9598,TaxRate_val_9598,Date_val_9598
9599,Matrix Precision Engineering,VoucherNo_val_9599,Amount_val_9599,TaxRate_val_9599,Date_val_9599
9600,Matrix Precision Engineering,VoucherNo_val_9600,Amount_val_9600,TaxRate_val_9600,Date_val_9600
9601,Matrix Precision Engineering,VoucherNo_val_9601,Amount_val_9601,TaxRate_val_9601,Date_val_9601
9602,Matrix Precision Engineering,VoucherNo_val_9602,Amount_val_9602,TaxRate_val_9602,Date_val_9602
9603,Matrix Precision Engineering,VoucherNo_val_9603,Amount_val_9603,TaxRate_val_9603,Date_val_9603
9604,Matrix Precision Engineering,VoucherNo_val_9604,Amount_val_9604,TaxRate_val_9604,Date_val_9604
9605,Matrix Precision Engineering,VoucherNo_val_9605,Amount_val_9605,TaxRate_val_9605,Date_val_9605
9606,Matrix Precision Engineering,VoucherNo_val_9606,Amount_val_9606,TaxRate_val_9606,Date_val_9606
9607,Matrix Precision Engineering,VoucherNo_val_9607,Amount_val_9607,TaxRate_val_9607,Date_val_9607
9608,Matrix Precision Engineering,VoucherNo_val_9608,Amount_val_9608,TaxRate_val_9608,Date_val_9608
9609,Matrix Precision Engineering,VoucherNo_val_9609,Amount_val_9609,TaxRate_val_9609,Date_val_9609
9610,Matrix Precision Engineering,VoucherNo_val_9610,Amount_val_9610,TaxRate_val_9610,Date_val_9610
9611,Matrix Precision Engineering,VoucherNo_val_9611,Amount_val_9611,TaxRate_val_9611,Date_val_9611
9612,Matrix Precision Engineering,VoucherNo_val_9612,Amount_val_9612,TaxRate_val_9612,Date_val_9612
9613,Matrix Precision Engineering,VoucherNo_val_9613,Amount_val_9613,TaxRate_val_9613,Date_val_9613
9614,Matrix Precision Engineering,VoucherNo_val_9614,Amount_val_9614,TaxRate_val_9614,Date_val_9614
9615,Matrix Precision Engineering,VoucherNo_val_9615,Amount_val_9615,TaxRate_val_9615,Date_val_9615
9616,Matrix Precision Engineering,VoucherNo_val_9616,Amount_val_9616,TaxRate_val_9616,Date_val_9616
9617,Matrix Precision Engineering,VoucherNo_val_9617,Amount_val_9617,TaxRate_val_9617,Date_val_9617
9618,Matrix Precision Engineering,VoucherNo_val_9618,Amount_val_9618,TaxRate_val_9618,Date_val_9618
9619,Matrix Precision Engineering,VoucherNo_val_9619,Amount_val_9619,TaxRate_val_9619,Date_val_9619
9620,Matrix Precision Engineering,VoucherNo_val_9620,Amount_val_9620,TaxRate_val_9620,Date_val_9620
9621,Matrix Precision Engineering,VoucherNo_val_9621,Amount_val_9621,TaxRate_val_9621,Date_val_9621
9622,Matrix Precision Engineering,VoucherNo_val_9622,Amount_val_9622,TaxRate_val_9622,Date_val_9622
9623,Matrix Precision Engineering,VoucherNo_val_9623,Amount_val_9623,TaxRate_val_9623,Date_val_9623
9624,Matrix Precision Engineering,VoucherNo_val_9624,Amount_val_9624,TaxRate_val_9624,Date_val_9624
9625,Matrix Precision Engineering,VoucherNo_val_9625,Amount_val_9625,TaxRate_val_9625,Date_val_9625
9626,Matrix Precision Engineering,VoucherNo_val_9626,Amount_val_9626,TaxRate_val_9626,Date_val_9626
9627,Matrix Precision Engineering,VoucherNo_val_9627,Amount_val_9627,TaxRate_val_9627,Date_val_9627
9628,Matrix Precision Engineering,VoucherNo_val_9628,Amount_val_9628,TaxRate_val_9628,Date_val_9628
9629,Matrix Precision Engineering,VoucherNo_val_9629,Amount_val_9629,TaxRate_val_9629,Date_val_9629
9630,Matrix Precision Engineering,VoucherNo_val_9630,Amount_val_9630,TaxRate_val_9630,Date_val_9630
9631,Matrix Precision Engineering,VoucherNo_val_9631,Amount_val_9631,TaxRate_val_9631,Date_val_9631
9632,Matrix Precision Engineering,VoucherNo_val_9632,Amount_val_9632,TaxRate_val_9632,Date_val_9632
9633,Matrix Precision Engineering,VoucherNo_val_9633,Amount_val_9633,TaxRate_val_9633,Date_val_9633
9634,Matrix Precision Engineering,VoucherNo_val_9634,Amount_val_9634,TaxRate_val_9634,Date_val_9634
9635,Matrix Precision Engineering,VoucherNo_val_9635,Amount_val_9635,TaxRate_val_9635,Date_val_9635
9636,Matrix Precision Engineering,VoucherNo_val_9636,Amount_val_9636,TaxRate_val_9636,Date_val_9636
9637,Matrix Precision Engineering,VoucherNo_val_9637,Amount_val_9637,TaxRate_val_9637,Date_val_9637
9638,Matrix Precision Engineering,VoucherNo_val_9638,Amount_val_9638,TaxRate_val_9638,Date_val_9638
9639,Matrix Precision Engineering,VoucherNo_val_9639,Amount_val_9639,TaxRate_val_9639,Date_val_9639
9640,Matrix Precision Engineering,VoucherNo_val_9640,Amount_val_9640,TaxRate_val_9640,Date_val_9640
9641,Matrix Precision Engineering,VoucherNo_val_9641,Amount_val_9641,TaxRate_val_9641,Date_val_9641
9642,Matrix Precision Engineering,VoucherNo_val_9642,Amount_val_9642,TaxRate_val_9642,Date_val_9642
9643,Matrix Precision Engineering,VoucherNo_val_9643,Amount_val_9643,TaxRate_val_9643,Date_val_9643
9644,Matrix Precision Engineering,VoucherNo_val_9644,Amount_val_9644,TaxRate_val_9644,Date_val_9644
9645,Matrix Precision Engineering,VoucherNo_val_9645,Amount_val_9645,TaxRate_val_9645,Date_val_9645
9646,Matrix Precision Engineering,VoucherNo_val_9646,Amount_val_9646,TaxRate_val_9646,Date_val_9646
9647,Matrix Precision Engineering,VoucherNo_val_9647,Amount_val_9647,TaxRate_val_9647,Date_val_9647
9648,Matrix Precision Engineering,VoucherNo_val_9648,Amount_val_9648,TaxRate_val_9648,Date_val_9648
9649,Matrix Precision Engineering,VoucherNo_val_9649,Amount_val_9649,TaxRate_val_9649,Date_val_9649
9650,Matrix Precision Engineering,VoucherNo_val_9650,Amount_val_9650,TaxRate_val_9650,Date_val_9650
9651,Matrix Precision Engineering,VoucherNo_val_9651,Amount_val_9651,TaxRate_val_9651,Date_val_9651
9652,Matrix Precision Engineering,VoucherNo_val_9652,Amount_val_9652,TaxRate_val_9652,Date_val_9652
9653,Matrix Precision Engineering,VoucherNo_val_9653,Amount_val_9653,TaxRate_val_9653,Date_val_9653
9654,Matrix Precision Engineering,VoucherNo_val_9654,Amount_val_9654,TaxRate_val_9654,Date_val_9654
9655,Matrix Precision Engineering,VoucherNo_val_9655,Amount_val_9655,TaxRate_val_9655,Date_val_9655
9656,Matrix Precision Engineering,VoucherNo_val_9656,Amount_val_9656,TaxRate_val_9656,Date_val_9656
9657,Matrix Precision Engineering,VoucherNo_val_9657,Amount_val_9657,TaxRate_val_9657,Date_val_9657
9658,Matrix Precision Engineering,VoucherNo_val_9658,Amount_val_9658,TaxRate_val_9658,Date_val_9658
9659,Matrix Precision Engineering,VoucherNo_val_9659,Amount_val_9659,TaxRate_val_9659,Date_val_9659
9660,Matrix Precision Engineering,VoucherNo_val_9660,Amount_val_9660,TaxRate_val_9660,Date_val_9660
9661,Matrix Precision Engineering,VoucherNo_val_9661,Amount_val_9661,TaxRate_val_9661,Date_val_9661
9662,Matrix Precision Engineering,VoucherNo_val_9662,Amount_val_9662,TaxRate_val_9662,Date_val_9662
9663,Matrix Precision Engineering,VoucherNo_val_9663,Amount_val_9663,TaxRate_val_9663,Date_val_9663
9664,Matrix Precision Engineering,VoucherNo_val_9664,Amount_val_9664,TaxRate_val_9664,Date_val_9664
9665,Matrix Precision Engineering,VoucherNo_val_9665,Amount_val_9665,TaxRate_val_9665,Date_val_9665
9666,Matrix Precision Engineering,VoucherNo_val_9666,Amount_val_9666,TaxRate_val_9666,Date_val_9666
9667,Matrix Precision Engineering,VoucherNo_val_9667,Amount_val_9667,TaxRate_val_9667,Date_val_9667
9668,Matrix Precision Engineering,VoucherNo_val_9668,Amount_val_9668,TaxRate_val_9668,Date_val_9668
9669,Matrix Precision Engineering,VoucherNo_val_9669,Amount_val_9669,TaxRate_val_9669,Date_val_9669
9670,Matrix Precision Engineering,VoucherNo_val_9670,Amount_val_9670,TaxRate_val_9670,Date_val_9670
9671,Matrix Precision Engineering,VoucherNo_val_9671,Amount_val_9671,TaxRate_val_9671,Date_val_9671
9672,Matrix Precision Engineering,VoucherNo_val_9672,Amount_val_9672,TaxRate_val_9672,Date_val_9672
9673,Matrix Precision Engineering,VoucherNo_val_9673,Amount_val_9673,TaxRate_val_9673,Date_val_9673
9674,Matrix Precision Engineering,VoucherNo_val_9674,Amount_val_9674,TaxRate_val_9674,Date_val_9674
9675,Matrix Precision Engineering,VoucherNo_val_9675,Amount_val_9675,TaxRate_val_9675,Date_val_9675
9676,Matrix Precision Engineering,VoucherNo_val_9676,Amount_val_9676,TaxRate_val_9676,Date_val_9676
9677,Matrix Precision Engineering,VoucherNo_val_9677,Amount_val_9677,TaxRate_val_9677,Date_val_9677
9678,Matrix Precision Engineering,VoucherNo_val_9678,Amount_val_9678,TaxRate_val_9678,Date_val_9678
9679,Matrix Precision Engineering,VoucherNo_val_9679,Amount_val_9679,TaxRate_val_9679,Date_val_9679
9680,Matrix Precision Engineering,VoucherNo_val_9680,Amount_val_9680,TaxRate_val_9680,Date_val_9680
9681,Matrix Precision Engineering,VoucherNo_val_9681,Amount_val_9681,TaxRate_val_9681,Date_val_9681
9682,Matrix Precision Engineering,VoucherNo_val_9682,Amount_val_9682,TaxRate_val_9682,Date_val_9682
9683,Matrix Precision Engineering,VoucherNo_val_9683,Amount_val_9683,TaxRate_val_9683,Date_val_9683
9684,Matrix Precision Engineering,VoucherNo_val_9684,Amount_val_9684,TaxRate_val_9684,Date_val_9684
9685,Matrix Precision Engineering,VoucherNo_val_9685,Amount_val_9685,TaxRate_val_9685,Date_val_9685
9686,Matrix Precision Engineering,VoucherNo_val_9686,Amount_val_9686,TaxRate_val_9686,Date_val_9686
9687,Matrix Precision Engineering,VoucherNo_val_9687,Amount_val_9687,TaxRate_val_9687,Date_val_9687
9688,Matrix Precision Engineering,VoucherNo_val_9688,Amount_val_9688,TaxRate_val_9688,Date_val_9688
9689,Matrix Precision Engineering,VoucherNo_val_9689,Amount_val_9689,TaxRate_val_9689,Date_val_9689
9690,Matrix Precision Engineering,VoucherNo_val_9690,Amount_val_9690,TaxRate_val_9690,Date_val_9690
9691,Matrix Precision Engineering,VoucherNo_val_9691,Amount_val_9691,TaxRate_val_9691,Date_val_9691
9692,Matrix Precision Engineering,VoucherNo_val_9692,Amount_val_9692,TaxRate_val_9692,Date_val_9692
9693,Matrix Precision Engineering,VoucherNo_val_9693,Amount_val_9693,TaxRate_val_9693,Date_val_9693
9694,Matrix Precision Engineering,VoucherNo_val_9694,Amount_val_9694,TaxRate_val_9694,Date_val_9694
9695,Matrix Precision Engineering,VoucherNo_val_9695,Amount_val_9695,TaxRate_val_9695,Date_val_9695
9696,Matrix Precision Engineering,VoucherNo_val_9696,Amount_val_9696,TaxRate_val_9696,Date_val_9696
9697,Matrix Precision Engineering,VoucherNo_val_9697,Amount_val_9697,TaxRate_val_9697,Date_val_9697
9698,Matrix Precision Engineering,VoucherNo_val_9698,Amount_val_9698,TaxRate_val_9698,Date_val_9698
9699,Matrix Precision Engineering,VoucherNo_val_9699,Amount_val_9699,TaxRate_val_9699,Date_val_9699
9700,Matrix Precision Engineering,VoucherNo_val_9700,Amount_val_9700,TaxRate_val_9700,Date_val_9700
9701,Matrix Precision Engineering,VoucherNo_val_9701,Amount_val_9701,TaxRate_val_9701,Date_val_9701
9702,Matrix Precision Engineering,VoucherNo_val_9702,Amount_val_9702,TaxRate_val_9702,Date_val_9702
9703,Matrix Precision Engineering,VoucherNo_val_9703,Amount_val_9703,TaxRate_val_9703,Date_val_9703
9704,Matrix Precision Engineering,VoucherNo_val_9704,Amount_val_9704,TaxRate_val_9704,Date_val_9704
9705,Matrix Precision Engineering,VoucherNo_val_9705,Amount_val_9705,TaxRate_val_9705,Date_val_9705
9706,Matrix Precision Engineering,VoucherNo_val_9706,Amount_val_9706,TaxRate_val_9706,Date_val_9706
9707,Matrix Precision Engineering,VoucherNo_val_9707,Amount_val_9707,TaxRate_val_9707,Date_val_9707
9708,Matrix Precision Engineering,VoucherNo_val_9708,Amount_val_9708,TaxRate_val_9708,Date_val_9708
9709,Matrix Precision Engineering,VoucherNo_val_9709,Amount_val_9709,TaxRate_val_9709,Date_val_9709
9710,Matrix Precision Engineering,VoucherNo_val_9710,Amount_val_9710,TaxRate_val_9710,Date_val_9710
9711,Matrix Precision Engineering,VoucherNo_val_9711,Amount_val_9711,TaxRate_val_9711,Date_val_9711
9712,Matrix Precision Engineering,VoucherNo_val_9712,Amount_val_9712,TaxRate_val_9712,Date_val_9712
9713,Matrix Precision Engineering,VoucherNo_val_9713,Amount_val_9713,TaxRate_val_9713,Date_val_9713
9714,Matrix Precision Engineering,VoucherNo_val_9714,Amount_val_9714,TaxRate_val_9714,Date_val_9714
9715,Matrix Precision Engineering,VoucherNo_val_9715,Amount_val_9715,TaxRate_val_9715,Date_val_9715
9716,Matrix Precision Engineering,VoucherNo_val_9716,Amount_val_9716,TaxRate_val_9716,Date_val_9716
9717,Matrix Precision Engineering,VoucherNo_val_9717,Amount_val_9717,TaxRate_val_9717,Date_val_9717
9718,Matrix Precision Engineering,VoucherNo_val_9718,Amount_val_9718,TaxRate_val_9718,Date_val_9718
9719,Matrix Precision Engineering,VoucherNo_val_9719,Amount_val_9719,TaxRate_val_9719,Date_val_9719
9720,Matrix Precision Engineering,VoucherNo_val_9720,Amount_val_9720,TaxRate_val_9720,Date_val_9720
9721,Matrix Precision Engineering,VoucherNo_val_9721,Amount_val_9721,TaxRate_val_9721,Date_val_9721
9722,Matrix Precision Engineering,VoucherNo_val_9722,Amount_val_9722,TaxRate_val_9722,Date_val_9722
9723,Matrix Precision Engineering,VoucherNo_val_9723,Amount_val_9723,TaxRate_val_9723,Date_val_9723
9724,Matrix Precision Engineering,VoucherNo_val_9724,Amount_val_9724,TaxRate_val_9724,Date_val_9724
9725,Matrix Precision Engineering,VoucherNo_val_9725,Amount_val_9725,TaxRate_val_9725,Date_val_9725
9726,Matrix Precision Engineering,VoucherNo_val_9726,Amount_val_9726,TaxRate_val_9726,Date_val_9726
9727,Matrix Precision Engineering,VoucherNo_val_9727,Amount_val_9727,TaxRate_val_9727,Date_val_9727
9728,Matrix Precision Engineering,VoucherNo_val_9728,Amount_val_9728,TaxRate_val_9728,Date_val_9728
9729,Matrix Precision Engineering,VoucherNo_val_9729,Amount_val_9729,TaxRate_val_9729,Date_val_9729
9730,Matrix Precision Engineering,VoucherNo_val_9730,Amount_val_9730,TaxRate_val_9730,Date_val_9730
9731,Matrix Precision Engineering,VoucherNo_val_9731,Amount_val_9731,TaxRate_val_9731,Date_val_9731
9732,Matrix Precision Engineering,VoucherNo_val_9732,Amount_val_9732,TaxRate_val_9732,Date_val_9732
9733,Matrix Precision Engineering,VoucherNo_val_9733,Amount_val_9733,TaxRate_val_9733,Date_val_9733
9734,Matrix Precision Engineering,VoucherNo_val_9734,Amount_val_9734,TaxRate_val_9734,Date_val_9734
9735,Matrix Precision Engineering,VoucherNo_val_9735,Amount_val_9735,TaxRate_val_9735,Date_val_9735
9736,Matrix Precision Engineering,VoucherNo_val_9736,Amount_val_9736,TaxRate_val_9736,Date_val_9736
9737,Matrix Precision Engineering,VoucherNo_val_9737,Amount_val_9737,TaxRate_val_9737,Date_val_9737
9738,Matrix Precision Engineering,VoucherNo_val_9738,Amount_val_9738,TaxRate_val_9738,Date_val_9738
9739,Matrix Precision Engineering,VoucherNo_val_9739,Amount_val_9739,TaxRate_val_9739,Date_val_9739
9740,Matrix Precision Engineering,VoucherNo_val_9740,Amount_val_9740,TaxRate_val_9740,Date_val_9740
9741,Matrix Precision Engineering,VoucherNo_val_9741,Amount_val_9741,TaxRate_val_9741,Date_val_9741
9742,Matrix Precision Engineering,VoucherNo_val_9742,Amount_val_9742,TaxRate_val_9742,Date_val_9742
9743,Matrix Precision Engineering,VoucherNo_val_9743,Amount_val_9743,TaxRate_val_9743,Date_val_9743
9744,Matrix Precision Engineering,VoucherNo_val_9744,Amount_val_9744,TaxRate_val_9744,Date_val_9744
9745,Matrix Precision Engineering,VoucherNo_val_9745,Amount_val_9745,TaxRate_val_9745,Date_val_9745
9746,Matrix Precision Engineering,VoucherNo_val_9746,Amount_val_9746,TaxRate_val_9746,Date_val_9746
9747,Matrix Precision Engineering,VoucherNo_val_9747,Amount_val_9747,TaxRate_val_9747,Date_val_9747
9748,Matrix Precision Engineering,VoucherNo_val_9748,Amount_val_9748,TaxRate_val_9748,Date_val_9748
9749,Matrix Precision Engineering,VoucherNo_val_9749,Amount_val_9749,TaxRate_val_9749,Date_val_9749
9750,Matrix Precision Engineering,VoucherNo_val_9750,Amount_val_9750,TaxRate_val_9750,Date_val_9750
9751,Matrix Precision Engineering,VoucherNo_val_9751,Amount_val_9751,TaxRate_val_9751,Date_val_9751
9752,Matrix Precision Engineering,VoucherNo_val_9752,Amount_val_9752,TaxRate_val_9752,Date_val_9752
9753,Matrix Precision Engineering,VoucherNo_val_9753,Amount_val_9753,TaxRate_val_9753,Date_val_9753
9754,Matrix Precision Engineering,VoucherNo_val_9754,Amount_val_9754,TaxRate_val_9754,Date_val_9754
9755,Matrix Precision Engineering,VoucherNo_val_9755,Amount_val_9755,TaxRate_val_9755,Date_val_9755
9756,Matrix Precision Engineering,VoucherNo_val_9756,Amount_val_9756,TaxRate_val_9756,Date_val_9756
9757,Matrix Precision Engineering,VoucherNo_val_9757,Amount_val_9757,TaxRate_val_9757,Date_val_9757
9758,Matrix Precision Engineering,VoucherNo_val_9758,Amount_val_9758,TaxRate_val_9758,Date_val_9758
9759,Matrix Precision Engineering,VoucherNo_val_9759,Amount_val_9759,TaxRate_val_9759,Date_val_9759
9760,Matrix Precision Engineering,VoucherNo_val_9760,Amount_val_9760,TaxRate_val_9760,Date_val_9760
9761,Matrix Precision Engineering,VoucherNo_val_9761,Amount_val_9761,TaxRate_val_9761,Date_val_9761
9762,Matrix Precision Engineering,VoucherNo_val_9762,Amount_val_9762,TaxRate_val_9762,Date_val_9762
9763,Matrix Precision Engineering,VoucherNo_val_9763,Amount_val_9763,TaxRate_val_9763,Date_val_9763
9764,Matrix Precision Engineering,VoucherNo_val_9764,Amount_val_9764,TaxRate_val_9764,Date_val_9764
9765,Matrix Precision Engineering,VoucherNo_val_9765,Amount_val_9765,TaxRate_val_9765,Date_val_9765
9766,Matrix Precision Engineering,VoucherNo_val_9766,Amount_val_9766,TaxRate_val_9766,Date_val_9766
9767,Matrix Precision Engineering,VoucherNo_val_9767,Amount_val_9767,TaxRate_val_9767,Date_val_9767
9768,Matrix Precision Engineering,VoucherNo_val_9768,Amount_val_9768,TaxRate_val_9768,Date_val_9768
9769,Matrix Precision Engineering,VoucherNo_val_9769,Amount_val_9769,TaxRate_val_9769,Date_val_9769
9770,Matrix Precision Engineering,VoucherNo_val_9770,Amount_val_9770,TaxRate_val_9770,Date_val_9770
9771,Matrix Precision Engineering,VoucherNo_val_9771,Amount_val_9771,TaxRate_val_9771,Date_val_9771
9772,Matrix Precision Engineering,VoucherNo_val_9772,Amount_val_9772,TaxRate_val_9772,Date_val_9772
9773,Matrix Precision Engineering,VoucherNo_val_9773,Amount_val_9773,TaxRate_val_9773,Date_val_9773
9774,Matrix Precision Engineering,VoucherNo_val_9774,Amount_val_9774,TaxRate_val_9774,Date_val_9774
9775,Matrix Precision Engineering,VoucherNo_val_9775,Amount_val_9775,TaxRate_val_9775,Date_val_9775
9776,Matrix Precision Engineering,VoucherNo_val_9776,Amount_val_9776,TaxRate_val_9776,Date_val_9776
9777,Matrix Precision Engineering,VoucherNo_val_9777,Amount_val_9777,TaxRate_val_9777,Date_val_9777
9778,Matrix Precision Engineering,VoucherNo_val_9778,Amount_val_9778,TaxRate_val_9778,Date_val_9778
9779,Matrix Precision Engineering,VoucherNo_val_9779,Amount_val_9779,TaxRate_val_9779,Date_val_9779
9780,Matrix Precision Engineering,VoucherNo_val_9780,Amount_val_9780,TaxRate_val_9780,Date_val_9780
9781,Matrix Precision Engineering,VoucherNo_val_9781,Amount_val_9781,TaxRate_val_9781,Date_val_9781
9782,Matrix Precision Engineering,VoucherNo_val_9782,Amount_val_9782,TaxRate_val_9782,Date_val_9782
9783,Matrix Precision Engineering,VoucherNo_val_9783,Amount_val_9783,TaxRate_val_9783,Date_val_9783
9784,Matrix Precision Engineering,VoucherNo_val_9784,Amount_val_9784,TaxRate_val_9784,Date_val_9784
9785,Matrix Precision Engineering,VoucherNo_val_9785,Amount_val_9785,TaxRate_val_9785,Date_val_9785
9786,Matrix Precision Engineering,VoucherNo_val_9786,Amount_val_9786,TaxRate_val_9786,Date_val_9786
9787,Matrix Precision Engineering,VoucherNo_val_9787,Amount_val_9787,TaxRate_val_9787,Date_val_9787
9788,Matrix Precision Engineering,VoucherNo_val_9788,Amount_val_9788,TaxRate_val_9788,Date_val_9788
9789,Matrix Precision Engineering,VoucherNo_val_9789,Amount_val_9789,TaxRate_val_9789,Date_val_9789
9790,Matrix Precision Engineering,VoucherNo_val_9790,Amount_val_9790,TaxRate_val_9790,Date_val_9790
9791,Matrix Precision Engineering,VoucherNo_val_9791,Amount_val_9791,TaxRate_val_9791,Date_val_9791
9792,Matrix Precision Engineering,VoucherNo_val_9792,Amount_val_9792,TaxRate_val_9792,Date_val_9792
9793,Matrix Precision Engineering,VoucherNo_val_9793,Amount_val_9793,TaxRate_val_9793,Date_val_9793
9794,Matrix Precision Engineering,VoucherNo_val_9794,Amount_val_9794,TaxRate_val_9794,Date_val_9794
9795,Matrix Precision Engineering,VoucherNo_val_9795,Amount_val_9795,TaxRate_val_9795,Date_val_9795
9796,Matrix Precision Engineering,VoucherNo_val_9796,Amount_val_9796,TaxRate_val_9796,Date_val_9796
9797,Matrix Precision Engineering,VoucherNo_val_9797,Amount_val_9797,TaxRate_val_9797,Date_val_9797
9798,Matrix Precision Engineering,VoucherNo_val_9798,Amount_val_9798,TaxRate_val_9798,Date_val_9798
9799,Matrix Precision Engineering,VoucherNo_val_9799,Amount_val_9799,TaxRate_val_9799,Date_val_9799
9800,Matrix Precision Engineering,VoucherNo_val_9800,Amount_val_9800,TaxRate_val_9800,Date_val_9800
9801,Matrix Precision Engineering,VoucherNo_val_9801,Amount_val_9801,TaxRate_val_9801,Date_val_9801
9802,Matrix Precision Engineering,VoucherNo_val_9802,Amount_val_9802,TaxRate_val_9802,Date_val_9802
9803,Matrix Precision Engineering,VoucherNo_val_9803,Amount_val_9803,TaxRate_val_9803,Date_val_9803
9804,Matrix Precision Engineering,VoucherNo_val_9804,Amount_val_9804,TaxRate_val_9804,Date_val_9804
9805,Matrix Precision Engineering,VoucherNo_val_9805,Amount_val_9805,TaxRate_val_9805,Date_val_9805
9806,Matrix Precision Engineering,VoucherNo_val_9806,Amount_val_9806,TaxRate_val_9806,Date_val_9806
9807,Matrix Precision Engineering,VoucherNo_val_9807,Amount_val_9807,TaxRate_val_9807,Date_val_9807
9808,Matrix Precision Engineering,VoucherNo_val_9808,Amount_val_9808,TaxRate_val_9808,Date_val_9808
9809,Matrix Precision Engineering,VoucherNo_val_9809,Amount_val_9809,TaxRate_val_9809,Date_val_9809
9810,Matrix Precision Engineering,VoucherNo_val_9810,Amount_val_9810,TaxRate_val_9810,Date_val_9810
9811,Matrix Precision Engineering,VoucherNo_val_9811,Amount_val_9811,TaxRate_val_9811,Date_val_9811
9812,Matrix Precision Engineering,VoucherNo_val_9812,Amount_val_9812,TaxRate_val_9812,Date_val_9812
9813,Matrix Precision Engineering,VoucherNo_val_9813,Amount_val_9813,TaxRate_val_9813,Date_val_9813
9814,Matrix Precision Engineering,VoucherNo_val_9814,Amount_val_9814,TaxRate_val_9814,Date_val_9814
9815,Matrix Precision Engineering,VoucherNo_val_9815,Amount_val_9815,TaxRate_val_9815,Date_val_9815
9816,Matrix Precision Engineering,VoucherNo_val_9816,Amount_val_9816,TaxRate_val_9816,Date_val_9816
9817,Matrix Precision Engineering,VoucherNo_val_9817,Amount_val_9817,TaxRate_val_9817,Date_val_9817
9818,Matrix Precision Engineering,VoucherNo_val_9818,Amount_val_9818,TaxRate_val_9818,Date_val_9818
9819,Matrix Precision Engineering,VoucherNo_val_9819,Amount_val_9819,TaxRate_val_9819,Date_val_9819
9820,Matrix Precision Engineering,VoucherNo_val_9820,Amount_val_9820,TaxRate_val_9820,Date_val_9820
9821,Matrix Precision Engineering,VoucherNo_val_9821,Amount_val_9821,TaxRate_val_9821,Date_val_9821
9822,Matrix Precision Engineering,VoucherNo_val_9822,Amount_val_9822,TaxRate_val_9822,Date_val_9822
9823,Matrix Precision Engineering,VoucherNo_val_9823,Amount_val_9823,TaxRate_val_9823,Date_val_9823
9824,Matrix Precision Engineering,VoucherNo_val_9824,Amount_val_9824,TaxRate_val_9824,Date_val_9824
9825,Matrix Precision Engineering,VoucherNo_val_9825,Amount_val_9825,TaxRate_val_9825,Date_val_9825
9826,Matrix Precision Engineering,VoucherNo_val_9826,Amount_val_9826,TaxRate_val_9826,Date_val_9826
9827,Matrix Precision Engineering,VoucherNo_val_9827,Amount_val_9827,TaxRate_val_9827,Date_val_9827
9828,Matrix Precision Engineering,VoucherNo_val_9828,Amount_val_9828,TaxRate_val_9828,Date_val_9828
9829,Matrix Precision Engineering,VoucherNo_val_9829,Amount_val_9829,TaxRate_val_9829,Date_val_9829
9830,Matrix Precision Engineering,VoucherNo_val_9830,Amount_val_9830,TaxRate_val_9830,Date_val_9830
9831,Matrix Precision Engineering,VoucherNo_val_9831,Amount_val_9831,TaxRate_val_9831,Date_val_9831
9832,Matrix Precision Engineering,VoucherNo_val_9832,Amount_val_9832,TaxRate_val_9832,Date_val_9832
9833,Matrix Precision Engineering,VoucherNo_val_9833,Amount_val_9833,TaxRate_val_9833,Date_val_9833
9834,Matrix Precision Engineering,VoucherNo_val_9834,Amount_val_9834,TaxRate_val_9834,Date_val_9834
9835,Matrix Precision Engineering,VoucherNo_val_9835,Amount_val_9835,TaxRate_val_9835,Date_val_9835
9836,Matrix Precision Engineering,VoucherNo_val_9836,Amount_val_9836,TaxRate_val_9836,Date_val_9836
9837,Matrix Precision Engineering,VoucherNo_val_9837,Amount_val_9837,TaxRate_val_9837,Date_val_9837
9838,Matrix Precision Engineering,VoucherNo_val_9838,Amount_val_9838,TaxRate_val_9838,Date_val_9838
9839,Matrix Precision Engineering,VoucherNo_val_9839,Amount_val_9839,TaxRate_val_9839,Date_val_9839
9840,Matrix Precision Engineering,VoucherNo_val_9840,Amount_val_9840,TaxRate_val_9840,Date_val_9840
9841,Matrix Precision Engineering,VoucherNo_val_9841,Amount_val_9841,TaxRate_val_9841,Date_val_9841
9842,Matrix Precision Engineering,VoucherNo_val_9842,Amount_val_9842,TaxRate_val_9842,Date_val_9842
9843,Matrix Precision Engineering,VoucherNo_val_9843,Amount_val_9843,TaxRate_val_9843,Date_val_9843
9844,Matrix Precision Engineering,VoucherNo_val_9844,Amount_val_9844,TaxRate_val_9844,Date_val_9844
9845,Matrix Precision Engineering,VoucherNo_val_9845,Amount_val_9845,TaxRate_val_9845,Date_val_9845
9846,Matrix Precision Engineering,VoucherNo_val_9846,Amount_val_9846,TaxRate_val_9846,Date_val_9846
9847,Matrix Precision Engineering,VoucherNo_val_9847,Amount_val_9847,TaxRate_val_9847,Date_val_9847
9848,Matrix Precision Engineering,VoucherNo_val_9848,Amount_val_9848,TaxRate_val_9848,Date_val_9848
9849,Matrix Precision Engineering,VoucherNo_val_9849,Amount_val_9849,TaxRate_val_9849,Date_val_9849
9850,Matrix Precision Engineering,VoucherNo_val_9850,Amount_val_9850,TaxRate_val_9850,Date_val_9850
9851,Matrix Precision Engineering,VoucherNo_val_9851,Amount_val_9851,TaxRate_val_9851,Date_val_9851
9852,Matrix Precision Engineering,VoucherNo_val_9852,Amount_val_9852,TaxRate_val_9852,Date_val_9852
9853,Matrix Precision Engineering,VoucherNo_val_9853,Amount_val_9853,TaxRate_val_9853,Date_val_9853
9854,Matrix Precision Engineering,VoucherNo_val_9854,Amount_val_9854,TaxRate_val_9854,Date_val_9854
9855,Matrix Precision Engineering,VoucherNo_val_9855,Amount_val_9855,TaxRate_val_9855,Date_val_9855
9856,Matrix Precision Engineering,VoucherNo_val_9856,Amount_val_9856,TaxRate_val_9856,Date_val_9856
9857,Matrix Precision Engineering,VoucherNo_val_9857,Amount_val_9857,TaxRate_val_9857,Date_val_9857
9858,Matrix Precision Engineering,VoucherNo_val_9858,Amount_val_9858,TaxRate_val_9858,Date_val_9858
9859,Matrix Precision Engineering,VoucherNo_val_9859,Amount_val_9859,TaxRate_val_9859,Date_val_9859
9860,Matrix Precision Engineering,VoucherNo_val_9860,Amount_val_9860,TaxRate_val_9860,Date_val_9860
9861,Matrix Precision Engineering,VoucherNo_val_9861,Amount_val_9861,TaxRate_val_9861,Date_val_9861
9862,Matrix Precision Engineering,VoucherNo_val_9862,Amount_val_9862,TaxRate_val_9862,Date_val_9862
9863,Matrix Precision Engineering,VoucherNo_val_9863,Amount_val_9863,TaxRate_val_9863,Date_val_9863
9864,Matrix Precision Engineering,VoucherNo_val_9864,Amount_val_9864,TaxRate_val_9864,Date_val_9864
9865,Matrix Precision Engineering,VoucherNo_val_9865,Amount_val_9865,TaxRate_val_9865,Date_val_9865
9866,Matrix Precision Engineering,VoucherNo_val_9866,Amount_val_9866,TaxRate_val_9866,Date_val_9866
9867,Matrix Precision Engineering,VoucherNo_val_9867,Amount_val_9867,TaxRate_val_9867,Date_val_9867
9868,Matrix Precision Engineering,VoucherNo_val_9868,Amount_val_9868,TaxRate_val_9868,Date_val_9868
9869,Matrix Precision Engineering,VoucherNo_val_9869,Amount_val_9869,TaxRate_val_9869,Date_val_9869
9870,Matrix Precision Engineering,VoucherNo_val_9870,Amount_val_9870,TaxRate_val_9870,Date_val_9870
9871,Matrix Precision Engineering,VoucherNo_val_9871,Amount_val_9871,TaxRate_val_9871,Date_val_9871
9872,Matrix Precision Engineering,VoucherNo_val_9872,Amount_val_9872,TaxRate_val_9872,Date_val_9872
9873,Matrix Precision Engineering,VoucherNo_val_9873,Amount_val_9873,TaxRate_val_9873,Date_val_9873
9874,Matrix Precision Engineering,VoucherNo_val_9874,Amount_val_9874,TaxRate_val_9874,Date_val_9874
9875,Matrix Precision Engineering,VoucherNo_val_9875,Amount_val_9875,TaxRate_val_9875,Date_val_9875
9876,Matrix Precision Engineering,VoucherNo_val_9876,Amount_val_9876,TaxRate_val_9876,Date_val_9876
9877,Matrix Precision Engineering,VoucherNo_val_9877,Amount_val_9877,TaxRate_val_9877,Date_val_9877
9878,Matrix Precision Engineering,VoucherNo_val_9878,Amount_val_9878,TaxRate_val_9878,Date_val_9878
9879,Matrix Precision Engineering,VoucherNo_val_9879,Amount_val_9879,TaxRate_val_9879,Date_val_9879
9880,Matrix Precision Engineering,VoucherNo_val_9880,Amount_val_9880,TaxRate_val_9880,Date_val_9880
9881,Matrix Precision Engineering,VoucherNo_val_9881,Amount_val_9881,TaxRate_val_9881,Date_val_9881
9882,Matrix Precision Engineering,VoucherNo_val_9882,Amount_val_9882,TaxRate_val_9882,Date_val_9882
9883,Matrix Precision Engineering,VoucherNo_val_9883,Amount_val_9883,TaxRate_val_9883,Date_val_9883
9884,Matrix Precision Engineering,VoucherNo_val_9884,Amount_val_9884,TaxRate_val_9884,Date_val_9884
9885,Matrix Precision Engineering,VoucherNo_val_9885,Amount_val_9885,TaxRate_val_9885,Date_val_9885
9886,Matrix Precision Engineering,VoucherNo_val_9886,Amount_val_9886,TaxRate_val_9886,Date_val_9886
9887,Matrix Precision Engineering,VoucherNo_val_9887,Amount_val_9887,TaxRate_val_9887,Date_val_9887
9888,Matrix Precision Engineering,VoucherNo_val_9888,Amount_val_9888,TaxRate_val_9888,Date_val_9888
9889,Matrix Precision Engineering,VoucherNo_val_9889,Amount_val_9889,TaxRate_val_9889,Date_val_9889
9890,Matrix Precision Engineering,VoucherNo_val_9890,Amount_val_9890,TaxRate_val_9890,Date_val_9890
9891,Matrix Precision Engineering,VoucherNo_val_9891,Amount_val_9891,TaxRate_val_9891,Date_val_9891
9892,Matrix Precision Engineering,VoucherNo_val_9892,Amount_val_9892,TaxRate_val_9892,Date_val_9892
9893,Matrix Precision Engineering,VoucherNo_val_9893,Amount_val_9893,TaxRate_val_9893,Date_val_9893
9894,Matrix Precision Engineering,VoucherNo_val_9894,Amount_val_9894,TaxRate_val_9894,Date_val_9894
9895,Matrix Precision Engineering,VoucherNo_val_9895,Amount_val_9895,TaxRate_val_9895,Date_val_9895
9896,Matrix Precision Engineering,VoucherNo_val_9896,Amount_val_9896,TaxRate_val_9896,Date_val_9896
9897,Matrix Precision Engineering,VoucherNo_val_9897,Amount_val_9897,TaxRate_val_9897,Date_val_9897
9898,Matrix Precision Engineering,VoucherNo_val_9898,Amount_val_9898,TaxRate_val_9898,Date_val_9898
9899,Matrix Precision Engineering,VoucherNo_val_9899,Amount_val_9899,TaxRate_val_9899,Date_val_9899
9900,Matrix Precision Engineering,VoucherNo_val_9900,Amount_val_9900,TaxRate_val_9900,Date_val_9900
9901,Matrix Precision Engineering,VoucherNo_val_9901,Amount_val_9901,TaxRate_val_9901,Date_val_9901
9902,Matrix Precision Engineering,VoucherNo_val_9902,Amount_val_9902,TaxRate_val_9902,Date_val_9902
9903,Matrix Precision Engineering,VoucherNo_val_9903,Amount_val_9903,TaxRate_val_9903,Date_val_9903
9904,Matrix Precision Engineering,VoucherNo_val_9904,Amount_val_9904,TaxRate_val_9904,Date_val_9904
9905,Matrix Precision Engineering,VoucherNo_val_9905,Amount_val_9905,TaxRate_val_9905,Date_val_9905
9906,Matrix Precision Engineering,VoucherNo_val_9906,Amount_val_9906,TaxRate_val_9906,Date_val_9906
9907,Matrix Precision Engineering,VoucherNo_val_9907,Amount_val_9907,TaxRate_val_9907,Date_val_9907
9908,Matrix Precision Engineering,VoucherNo_val_9908,Amount_val_9908,TaxRate_val_9908,Date_val_9908
9909,Matrix Precision Engineering,VoucherNo_val_9909,Amount_val_9909,TaxRate_val_9909,Date_val_9909
9910,Matrix Precision Engineering,VoucherNo_val_9910,Amount_val_9910,TaxRate_val_9910,Date_val_9910
9911,Matrix Precision Engineering,VoucherNo_val_9911,Amount_val_9911,TaxRate_val_9911,Date_val_9911
9912,Matrix Precision Engineering,VoucherNo_val_9912,Amount_val_9912,TaxRate_val_9912,Date_val_9912
9913,Matrix Precision Engineering,VoucherNo_val_9913,Amount_val_9913,TaxRate_val_9913,Date_val_9913
9914,Matrix Precision Engineering,VoucherNo_val_9914,Amount_val_9914,TaxRate_val_9914,Date_val_9914
9915,Matrix Precision Engineering,VoucherNo_val_9915,Amount_val_9915,TaxRate_val_9915,Date_val_9915
9916,Matrix Precision Engineering,VoucherNo_val_9916,Amount_val_9916,TaxRate_val_9916,Date_val_9916
9917,Matrix Precision Engineering,VoucherNo_val_9917,Amount_val_9917,TaxRate_val_9917,Date_val_9917
9918,Matrix Precision Engineering,VoucherNo_val_9918,Amount_val_9918,TaxRate_val_9918,Date_val_9918
9919,Matrix Precision Engineering,VoucherNo_val_9919,Amount_val_9919,TaxRate_val_9919,Date_val_9919
9920,Matrix Precision Engineering,VoucherNo_val_9920,Amount_val_9920,TaxRate_val_9920,Date_val_9920
9921,Matrix Precision Engineering,VoucherNo_val_9921,Amount_val_9921,TaxRate_val_9921,Date_val_9921
9922,Matrix Precision Engineering,VoucherNo_val_9922,Amount_val_9922,TaxRate_val_9922,Date_val_9922
9923,Matrix Precision Engineering,VoucherNo_val_9923,Amount_val_9923,TaxRate_val_9923,Date_val_9923
9924,Matrix Precision Engineering,VoucherNo_val_9924,Amount_val_9924,TaxRate_val_9924,Date_val_9924
9925,Matrix Precision Engineering,VoucherNo_val_9925,Amount_val_9925,TaxRate_val_9925,Date_val_9925
9926,Matrix Precision Engineering,VoucherNo_val_9926,Amount_val_9926,TaxRate_val_9926,Date_val_9926
9927,Matrix Precision Engineering,VoucherNo_val_9927,Amount_val_9927,TaxRate_val_9927,Date_val_9927
9928,Matrix Precision Engineering,VoucherNo_val_9928,Amount_val_9928,TaxRate_val_9928,Date_val_9928
9929,Matrix Precision Engineering,VoucherNo_val_9929,Amount_val_9929,TaxRate_val_9929,Date_val_9929
9930,Matrix Precision Engineering,VoucherNo_val_9930,Amount_val_9930,TaxRate_val_9930,Date_val_9930
9931,Matrix Precision Engineering,VoucherNo_val_9931,Amount_val_9931,TaxRate_val_9931,Date_val_9931
9932,Matrix Precision Engineering,VoucherNo_val_9932,Amount_val_9932,TaxRate_val_9932,Date_val_9932
9933,Matrix Precision Engineering,VoucherNo_val_9933,Amount_val_9933,TaxRate_val_9933,Date_val_9933
9934,Matrix Precision Engineering,VoucherNo_val_9934,Amount_val_9934,TaxRate_val_9934,Date_val_9934
9935,Matrix Precision Engineering,VoucherNo_val_9935,Amount_val_9935,TaxRate_val_9935,Date_val_9935
9936,Matrix Precision Engineering,VoucherNo_val_9936,Amount_val_9936,TaxRate_val_9936,Date_val_9936
9937,Matrix Precision Engineering,VoucherNo_val_9937,Amount_val_9937,TaxRate_val_9937,Date_val_9937
9938,Matrix Precision Engineering,VoucherNo_val_9938,Amount_val_9938,TaxRate_val_9938,Date_val_9938
9939,Matrix Precision Engineering,VoucherNo_val_9939,Amount_val_9939,TaxRate_val_9939,Date_val_9939
9940,Matrix Precision Engineering,VoucherNo_val_9940,Amount_val_9940,TaxRate_val_9940,Date_val_9940
9941,Matrix Precision Engineering,VoucherNo_val_9941,Amount_val_9941,TaxRate_val_9941,Date_val_9941
9942,Matrix Precision Engineering,VoucherNo_val_9942,Amount_val_9942,TaxRate_val_9942,Date_val_9942
9943,Matrix Precision Engineering,VoucherNo_val_9943,Amount_val_9943,TaxRate_val_9943,Date_val_9943
9944,Matrix Precision Engineering,VoucherNo_val_9944,Amount_val_9944,TaxRate_val_9944,Date_val_9944
9945,Matrix Precision Engineering,VoucherNo_val_9945,Amount_val_9945,TaxRate_val_9945,Date_val_9945
9946,Matrix Precision Engineering,VoucherNo_val_9946,Amount_val_9946,TaxRate_val_9946,Date_val_9946
9947,Matrix Precision Engineering,VoucherNo_val_9947,Amount_val_9947,TaxRate_val_9947,Date_val_9947
9948,Matrix Precision Engineering,VoucherNo_val_9948,Amount_val_9948,TaxRate_val_9948,Date_val_9948
9949,Matrix Precision Engineering,VoucherNo_val_9949,Amount_val_9949,TaxRate_val_9949,Date_val_9949
9950,Matrix Precision Engineering,VoucherNo_val_9950,Amount_val_9950,TaxRate_val_9950,Date_val_9950
9951,Matrix Precision Engineering,VoucherNo_val_9951,Amount_val_9951,TaxRate_val_9951,Date_val_9951
9952,Matrix Precision Engineering,VoucherNo_val_9952,Amount_val_9952,TaxRate_val_9952,Date_val_9952
9953,Matrix Precision Engineering,VoucherNo_val_9953,Amount_val_9953,TaxRate_val_9953,Date_val_9953
9954,Matrix Precision Engineering,VoucherNo_val_9954,Amount_val_9954,TaxRate_val_9954,Date_val_9954
9955,Matrix Precision Engineering,VoucherNo_val_9955,Amount_val_9955,TaxRate_val_9955,Date_val_9955
9956,Matrix Precision Engineering,VoucherNo_val_9956,Amount_val_9956,TaxRate_val_9956,Date_val_9956
9957,Matrix Precision Engineering,VoucherNo_val_9957,Amount_val_9957,TaxRate_val_9957,Date_val_9957
9958,Matrix Precision Engineering,VoucherNo_val_9958,Amount_val_9958,TaxRate_val_9958,Date_val_9958
9959,Matrix Precision Engineering,VoucherNo_val_9959,Amount_val_9959,TaxRate_val_9959,Date_val_9959
9960,Matrix Precision Engineering,VoucherNo_val_9960,Amount_val_9960,TaxRate_val_9960,Date_val_9960
9961,Matrix Precision Engineering,VoucherNo_val_9961,Amount_val_9961,TaxRate_val_9961,Date_val_9961
9962,Matrix Precision Engineering,VoucherNo_val_9962,Amount_val_9962,TaxRate_val_9962,Date_val_9962
9963,Matrix Precision Engineering,VoucherNo_val_9963,Amount_val_9963,TaxRate_val_9963,Date_val_9963
9964,Matrix Precision Engineering,VoucherNo_val_9964,Amount_val_9964,TaxRate_val_9964,Date_val_9964
9965,Matrix Precision Engineering,VoucherNo_val_9965,Amount_val_9965,TaxRate_val_9965,Date_val_9965
9966,Matrix Precision Engineering,VoucherNo_val_9966,Amount_val_9966,TaxRate_val_9966,Date_val_9966
9967,Matrix Precision Engineering,VoucherNo_val_9967,Amount_val_9967,TaxRate_val_9967,Date_val_9967
9968,Matrix Precision Engineering,VoucherNo_val_9968,Amount_val_9968,TaxRate_val_9968,Date_val_9968
9969,Matrix Precision Engineering,VoucherNo_val_9969,Amount_val_9969,TaxRate_val_9969,Date_val_9969
9970,Matrix Precision Engineering,VoucherNo_val_9970,Amount_val_9970,TaxRate_val_9970,Date_val_9970
9971,Matrix Precision Engineering,VoucherNo_val_9971,Amount_val_9971,TaxRate_val_9971,Date_val_9971
9972,Matrix Precision Engineering,VoucherNo_val_9972,Amount_val_9972,TaxRate_val_9972,Date_val_9972
9973,Matrix Precision Engineering,VoucherNo_val_9973,Amount_val_9973,TaxRate_val_9973,Date_val_9973
9974,Matrix Precision Engineering,VoucherNo_val_9974,Amount_val_9974,TaxRate_val_9974,Date_val_9974
9975,Matrix Precision Engineering,VoucherNo_val_9975,Amount_val_9975,TaxRate_val_9975,Date_val_9975
9976,Matrix Precision Engineering,VoucherNo_val_9976,Amount_val_9976,TaxRate_val_9976,Date_val_9976
9977,Matrix Precision Engineering,VoucherNo_val_9977,Amount_val_9977,TaxRate_val_9977,Date_val_9977
9978,Matrix Precision Engineering,VoucherNo_val_9978,Amount_val_9978,TaxRate_val_9978,Date_val_9978
9979,Matrix Precision Engineering,VoucherNo_val_9979,Amount_val_9979,TaxRate_val_9979,Date_val_9979
9980,Matrix Precision Engineering,VoucherNo_val_9980,Amount_val_9980,TaxRate_val_9980,Date_val_9980
9981,Matrix Precision Engineering,VoucherNo_val_9981,Amount_val_9981,TaxRate_val_9981,Date_val_9981
9982,Matrix Precision Engineering,VoucherNo_val_9982,Amount_val_9982,TaxRate_val_9982,Date_val_9982
9983,Matrix Precision Engineering,VoucherNo_val_9983,Amount_val_9983,TaxRate_val_9983,Date_val_9983
9984,Matrix Precision Engineering,VoucherNo_val_9984,Amount_val_9984,TaxRate_val_9984,Date_val_9984
9985,Matrix Precision Engineering,VoucherNo_val_9985,Amount_val_9985,TaxRate_val_9985,Date_val_9985
9986,Matrix Precision Engineering,VoucherNo_val_9986,Amount_val_9986,TaxRate_val_9986,Date_val_9986
9987,Matrix Precision Engineering,VoucherNo_val_9987,Amount_val_9987,TaxRate_val_9987,Date_val_9987
9988,Matrix Precision Engineering,VoucherNo_val_9988,Amount_val_9988,TaxRate_val_9988,Date_val_9988
9989,Matrix Precision Engineering,VoucherNo_val_9989,Amount_val_9989,TaxRate_val_9989,Date_val_9989
9990,Matrix Precision Engineering,VoucherNo_val_9990,Amount_val_9990,TaxRate_val_9990,Date_val_9990
9991,Matrix Precision Engineering,VoucherNo_val_9991,Amount_val_9991,TaxRate_val_9991,Date_val_9991
9992,Matrix Precision Engineering,VoucherNo_val_9992,Amount_val_9992,TaxRate_val_9992,Date_val_9992
9993,Matrix Precision Engineering,VoucherNo_val_9993,Amount_val_9993,TaxRate_val_9993,Date_val_9993
9994,Matrix Precision Engineering,VoucherNo_val_9994,Amount_val_9994,TaxRate_val_9994,Date_val_9994
9995,Matrix Precision Engineering,VoucherNo_val_9995,Amount_val_9995,TaxRate_val_9995,Date_val_9995
9996,Matrix Precision Engineering,VoucherNo_val_9996,Amount_val_9996,TaxRate_val_9996,Date_val_9996
9997,Matrix Precision Engineering,VoucherNo_val_9997,Amount_val_9997,TaxRate_val_9997,Date_val_9997
9998,Matrix Precision Engineering,VoucherNo_val_9998,Amount_val_9998,TaxRate_val_9998,Date_val_9998
9999,Matrix Precision Engineering,VoucherNo_val_9999,Amount_val_9999,TaxRate_val_9999,Date_val_9999
10000,Matrix Precision Engineering,VoucherNo_val_10000,Amount_val_10000,TaxRate_val_10000,Date_val_10000